# Blender 4.0.2
# www.blender.org
mtllib Rocky_Asteroid_2.mtl
g Rocky_Asteroid_2_Mesh
v -0.430239 -0.009195 -0.026426
v -0.444795 0.005748 -0.063658
v -0.413030 -0.031714 -0.083165
v -0.408890 -0.042118 -0.043261
v -0.401274 -0.085557 -0.071569
v -0.402243 -0.067489 -0.111767
v -0.409924 -0.130288 -0.170780
v -0.431357 -0.164136 -0.127748
v -0.430625 0.041536 -0.123084
v -0.371430 0.062846 -0.154513
v -0.374512 0.031030 -0.213837
v -0.413058 -0.009447 -0.139130
v -0.410718 -0.055798 -0.172186
v -0.365956 -0.008996 -0.255910
v -0.335984 -0.060756 -0.264205
v -0.375182 -0.107500 -0.221993
v -0.430969 -0.027110 0.011982
v -0.415717 -0.064862 -0.008976
v -0.423762 -0.097188 0.029780
v -0.438493 -0.055230 0.055522
v -0.482676 -0.096707 0.104967
v -0.447960 -0.148718 0.072950
v -0.410118 -0.214388 0.168937
v -0.428244 -0.161222 0.211269
v -0.413047 -0.108999 -0.035402
v -0.415546 -0.200174 -0.078903
v -0.400341 -0.252346 -0.023461
v -0.430271 -0.150823 0.005853
v -0.400750 -0.185085 0.053496
v -0.360763 -0.248361 0.031456
v -0.322986 -0.241812 0.064057
v -0.365458 -0.234616 0.097509
v -0.456420 0.010257 0.032966
v -0.459685 -0.014629 0.083481
v -0.460736 0.035509 0.120193
v -0.464345 0.060914 0.064437
v -0.410411 0.090254 0.077997
v -0.422736 0.086053 0.134669
v -0.385618 0.150199 0.149801
v -0.358345 0.121540 0.091333
v -0.457054 -0.042833 0.145141
v -0.426115 -0.099414 0.244285
v -0.397284 -0.020587 0.248950
v -0.443770 0.010863 0.181600
v -0.427554 0.070740 0.205262
v -0.365432 0.031364 0.254392
v -0.323238 0.078160 0.283093
v -0.371890 0.117006 0.213907
v -0.456868 0.029266 -0.008958
v -0.442304 0.072558 0.015845
v -0.425976 0.095336 -0.026752
v -0.440834 0.054369 -0.050118
v -0.419734 0.082999 -0.099221
v -0.398057 0.113023 -0.065031
v -0.367144 0.152317 -0.111991
v -0.374693 0.110914 -0.144413
v -0.400962 0.111013 0.033557
v -0.351939 0.135625 0.047458
v -0.349359 0.164417 0.011197
v -0.380816 0.112372 -0.002137
v -0.366497 0.149631 -0.031001
v -0.334744 0.181659 -0.014672
v -0.312838 0.195224 -0.045056
v -0.336914 0.176538 -0.065502
v -0.047414 0.215906 0.075424
v -0.041440 0.197508 0.037700
v -0.125331 0.194150 0.037963
v -0.132290 0.212774 0.081790
v -0.230924 0.248879 0.085353
v -0.216436 0.240227 0.034500
v -0.314071 0.216199 0.021925
v -0.332133 0.213682 0.061429
v -0.038513 0.191319 0.000235
v -0.038650 0.188186 -0.035619
v -0.115912 0.188989 -0.035379
v -0.116738 0.192010 -0.001968
v -0.200261 0.234060 -0.003702
v -0.191983 0.220921 -0.043396
v -0.277471 0.227724 -0.042050
v -0.296958 0.221007 -0.008287
v -0.054535 0.257454 0.138898
v -0.141599 0.191063 0.134203
v -0.144598 0.184215 0.188542
v -0.048700 0.202062 0.226552
v -0.050595 0.123068 0.188837
v -0.127218 0.126483 0.216202
v -0.113456 0.073365 0.224935
v -0.050368 0.068168 0.160407
v -0.229259 0.197994 0.140093
v -0.317405 0.180279 0.118312
v -0.305992 0.173279 0.168765
v -0.228039 0.175823 0.184655
v -0.209990 0.134422 0.208071
v -0.295415 0.151542 0.247279
v -0.261302 0.095481 0.273865
v -0.189155 0.094411 0.240645
v 0.052706 0.227254 0.145939
v 0.043573 0.193896 0.205843
v 0.163308 0.179669 0.197321
v 0.167831 0.220638 0.171911
v 0.235313 0.171878 0.151086
v 0.230394 0.136359 0.168289
v 0.282472 0.105338 0.136510
v 0.298303 0.138986 0.127492
v 0.041149 0.134993 0.212568
v 0.049673 0.079391 0.185951
v 0.144716 0.112621 0.258003
v 0.158444 0.151044 0.226368
v 0.222302 0.119787 0.175487
v 0.218179 0.110136 0.206359
v 0.277665 0.120464 0.184137
v 0.277082 0.101902 0.156054
v 0.056839 0.216545 0.107109
v 0.158536 0.276473 0.128912
v 0.137169 0.289513 0.054284
v 0.063063 0.194980 0.057044
v 0.062076 0.179471 0.008260
v 0.130031 0.249505 0.001356
v 0.121066 0.239373 -0.045110
v 0.049872 0.193329 -0.034321
v 0.242633 0.222177 0.112836
v 0.306551 0.198389 0.109546
v 0.300583 0.231064 0.043529
v 0.231529 0.245344 0.039935
v 0.215096 0.245825 -0.002464
v 0.288953 0.232598 -0.009500
v 0.267316 0.217610 -0.044295
v 0.201108 0.215804 -0.037958
v 0.454537 0.031907 -0.009600
v 0.432651 0.050811 -0.047458
v 0.419169 0.090873 -0.025119
v 0.432066 0.069237 0.013238
v 0.418197 0.115174 0.035102
v 0.411616 0.141543 -0.009317
v 0.391386 0.220685 0.029615
v 0.382778 0.179471 0.086096
v 0.373300 0.055661 -0.064038
v 0.328598 0.073918 -0.075980
v 0.327740 0.094003 -0.082820
v 0.373179 0.095378 -0.052836
v 0.373711 0.150322 -0.050284
v 0.329154 0.157966 -0.085216
v 0.311092 0.205449 -0.059150
v 0.342818 0.199997 -0.025880
v 0.466669 0.013533 0.035006
v 0.439054 0.051065 0.055662
v 0.440771 0.029331 0.106257
v 0.465174 -0.018665 0.089072
v 0.470788 -0.045098 0.169263
v 0.417099 0.011433 0.157380
v 0.359553 -0.012508 0.189579
v 0.398112 -0.063146 0.206502
v 0.418553 0.097497 0.082015
v 0.356794 0.119604 0.105366
v 0.333745 0.091901 0.116744
v 0.399054 0.069491 0.115361
v 0.368075 0.051095 0.152724
v 0.311772 0.071241 0.140581
v 0.295984 0.055029 0.161421
v 0.328550 0.032690 0.185859
v 0.510751 -0.043293 0.006645
v 0.478001 -0.074477 0.060860
v 0.423906 -0.090144 0.026489
v 0.454025 -0.083052 -0.015662
v 0.394447 -0.099252 -0.032402
v 0.373853 -0.113330 0.003717
v 0.312918 -0.125085 -0.010421
v 0.332127 -0.114893 -0.042367
v 0.444038 -0.112367 0.111081
v 0.400152 -0.147634 0.155622
v 0.360154 -0.158869 0.100261
v 0.402460 -0.136735 0.061174
v 0.344813 -0.115612 0.033907
v 0.323966 -0.160192 0.053792
v 0.292208 -0.161940 0.022177
v 0.299511 -0.122031 0.011724
v 0.472779 -0.013746 -0.035352
v 0.461205 -0.059311 -0.062677
v 0.426646 -0.031034 -0.094308
v 0.429129 0.007751 -0.062780
v 0.376837 0.020350 -0.080123
v 0.380137 -0.008259 -0.115249
v 0.336412 0.011753 -0.142485
v 0.322292 0.037618 -0.097906
v 0.406322 -0.089637 -0.074545
v 0.344928 -0.105509 -0.079642
v 0.359759 -0.114511 -0.127597
v 0.405518 -0.073092 -0.121943
v 0.392298 -0.039128 -0.160797
v 0.377440 -0.124277 -0.206121
v 0.357100 -0.060087 -0.260330
v 0.358730 -0.006695 -0.209061
v 0.048981 -0.220459 -0.145629
v 0.046251 -0.175439 -0.177725
v 0.135528 -0.166279 -0.168917
v 0.137249 -0.201816 -0.138696
v 0.250953 -0.220274 -0.116241
v 0.244793 -0.208448 -0.181676
v 0.314848 -0.180346 -0.148288
v 0.302891 -0.173244 -0.085397
v 0.043572 -0.130507 -0.199905
v 0.040123 -0.087130 -0.206803
v 0.116419 -0.099321 -0.253694
v 0.123696 -0.148633 -0.224638
v 0.221394 -0.175240 -0.249355
v 0.199135 -0.119690 -0.287983
v 0.305267 -0.131727 -0.286107
v 0.316577 -0.171032 -0.218506
v 0.047390 -0.277120 -0.120314
v 0.156487 -0.248917 -0.106405
v 0.177931 -0.285060 -0.054939
v 0.049356 -0.310920 -0.068949
v 0.041189 -0.286840 -0.000790
v 0.170657 -0.301473 -0.000323
v 0.136247 -0.259057 0.057808
v 0.036657 -0.275446 0.052295
v 0.251734 -0.217104 -0.058070
v 0.278468 -0.136046 -0.042162
v 0.261452 -0.119119 -0.012386
v 0.257721 -0.212177 -0.036780
v 0.242070 -0.223358 -0.010998
v 0.260967 -0.147921 -0.005864
v 0.276299 -0.197415 -0.001389
v 0.239533 -0.252551 0.022664
v -0.046438 -0.243023 -0.098351
v -0.047610 -0.289195 -0.057335
v -0.140706 -0.291791 -0.055421
v -0.138589 -0.245794 -0.110174
v -0.240626 -0.285680 -0.129565
v -0.242208 -0.286044 -0.045664
v -0.312156 -0.261962 -0.035862
v -0.329916 -0.265273 -0.091405
v -0.047629 -0.323583 -0.001539
v -0.045764 -0.304691 0.056528
v -0.131904 -0.286406 0.053634
v -0.138028 -0.288458 -0.000865
v -0.209938 -0.245620 0.006877
v -0.205648 -0.244764 0.048931
v -0.268215 -0.243573 0.051084
v -0.295419 -0.273570 0.009246
v -0.043858 -0.197660 -0.131447
v -0.135686 -0.212199 -0.164633
v -0.126625 -0.180505 -0.203021
v -0.041523 -0.158655 -0.161829
v -0.039443 -0.123866 -0.187924
v -0.125474 -0.157214 -0.216532
v -0.127543 -0.125993 -0.245606
v -0.035772 -0.094046 -0.221043
v -0.222307 -0.225857 -0.177178
v -0.326524 -0.224465 -0.164845
v -0.301504 -0.201182 -0.222887
v -0.207866 -0.189551 -0.210709
v -0.197893 -0.160224 -0.233058
v -0.281015 -0.155148 -0.243406
v -0.266709 -0.118583 -0.266921
v -0.197468 -0.124319 -0.251126
v -0.040123 0.097077 -0.139621
v -0.131127 0.096770 -0.139262
v -0.127603 0.136575 -0.127360
v -0.040106 0.136458 -0.122220
v -0.040474 0.174884 -0.105385
v -0.125538 0.177205 -0.110001
v -0.120311 0.199444 -0.074831
v -0.040041 0.196890 -0.076033
v -0.219758 0.113726 -0.159069
v -0.305559 0.114705 -0.163092
v -0.297343 0.146979 -0.136869
v -0.213588 0.152963 -0.143902
v -0.206995 0.183670 -0.112020
v -0.282846 0.192888 -0.111027
v -0.269376 0.210911 -0.069886
v -0.198275 0.202187 -0.078114
v 0.044493 0.127597 -0.186456
v 0.041800 0.155711 -0.149271
v 0.131909 0.179149 -0.157511
v 0.136471 0.137384 -0.189208
v 0.224933 0.115448 -0.166941
v 0.218136 0.131448 -0.126372
v 0.259175 0.117959 -0.092317
v 0.262105 0.085547 -0.106464
v 0.041972 0.182376 -0.113663
v 0.040341 0.214474 -0.083246
v 0.123673 0.233482 -0.096939
v 0.127250 0.200015 -0.132372
v 0.213466 0.170713 -0.107158
v 0.201093 0.197059 -0.071315
v 0.261812 0.211731 -0.079829
v 0.279219 0.179070 -0.110859
v 0.041178 0.093943 -0.219098
v 0.141870 0.096621 -0.229995
v 0.140573 0.048932 -0.263654
v 0.043432 0.046051 -0.243721
v 0.043955 -0.000279 -0.224288
v 0.132704 -0.000415 -0.237450
v 0.118048 -0.052067 -0.253677
v 0.039545 -0.045681 -0.217060
v 0.226585 0.084126 -0.209817
v 0.284261 0.062910 -0.143232
v 0.293114 0.040600 -0.190488
v 0.222154 0.041084 -0.235852
v 0.221021 -0.005194 -0.269719
v 0.307050 0.010685 -0.247714
v 0.304121 -0.043577 -0.288626
v 0.200781 -0.050883 -0.289434
v -0.045568 0.077603 -0.178830
v -0.045209 0.049358 -0.218135
v -0.121800 0.056767 -0.204716
v -0.130253 0.072665 -0.170597
v -0.216164 0.093305 -0.208420
v -0.219895 0.060861 -0.254685
v -0.310901 0.050681 -0.251512
v -0.314680 0.086011 -0.217787
v -0.039802 0.004554 -0.253629
v -0.030448 -0.057439 -0.252647
v -0.126200 -0.064019 -0.287914
v -0.124807 0.028002 -0.277736
v -0.216316 0.015499 -0.282426
v -0.206954 -0.067308 -0.289654
v -0.284252 -0.049856 -0.277739
v -0.303225 0.010577 -0.269899
v 0.034269 -0.107303 0.266523
v 0.141525 -0.110369 0.285663
v 0.137320 -0.049090 0.278379
v 0.028260 -0.039696 0.272432
v 0.019883 0.013217 0.266382
v 0.128826 0.009958 0.299463
v 0.130568 0.073223 0.300351
v 0.031066 0.043422 0.227701
v 0.238961 -0.101507 0.245758
v 0.310136 -0.095315 0.222678
v 0.283176 -0.046120 0.211194
v 0.247328 -0.031303 0.287473
v 0.232081 0.030883 0.269684
v 0.300094 0.025188 0.211199
v 0.287214 0.076673 0.210570
v 0.223885 0.084071 0.247469
v -0.048829 -0.090188 0.222928
v -0.050791 -0.042838 0.214999
v -0.129879 -0.041099 0.202776
v -0.136185 -0.090230 0.213148
v -0.227818 -0.094856 0.216485
v -0.220194 -0.045008 0.227254
v -0.306995 -0.035862 0.227353
v -0.311606 -0.080285 0.205501
v -0.043517 0.030490 0.205406
v -0.036156 0.039883 0.190261
v -0.104337 0.040202 0.221731
v -0.109608 0.005697 0.221954
v -0.196424 0.000167 0.262547
v -0.185881 0.047496 0.249810
v -0.260357 0.055153 0.272176
v -0.285717 0.012312 0.242681
v -0.045103 -0.128279 0.186456
v -0.133141 -0.119227 0.168188
v -0.130961 -0.151388 0.143046
v -0.052798 -0.171889 0.171181
v -0.050621 -0.218585 0.137604
v -0.130109 -0.199926 0.124795
v -0.130701 -0.250431 0.102114
v -0.044599 -0.262873 0.100741
v -0.223655 -0.124118 0.177801
v -0.312996 -0.121267 0.171271
v -0.300099 -0.164597 0.145361
v -0.217717 -0.158026 0.145203
v -0.211776 -0.200190 0.126673
v -0.285200 -0.205937 0.124328
v -0.272311 -0.237938 0.088657
v -0.208125 -0.242261 0.095207
v 0.044070 -0.159065 0.237353
v 0.038938 -0.203587 0.224314
v 0.162688 -0.260355 0.225870
v 0.152917 -0.197603 0.290079
v 0.261591 -0.186859 0.236132
v 0.249911 -0.222928 0.177694
v 0.311570 -0.188630 0.136862
v 0.340827 -0.176411 0.199794
v 0.030307 -0.302076 0.203904
v 0.055143 -0.318853 0.120352
v 0.133912 -0.226718 0.106030
v 0.138011 -0.230304 0.142862
v 0.218664 -0.235547 0.123186
v 0.227068 -0.258255 0.077708
v 0.278545 -0.217413 0.039382
v 0.297802 -0.216167 0.084850
v -0.432733 -0.002369 -0.041107
v -0.430443 -0.017980 -0.072595
v -0.415253 -0.037211 -0.062082
v -0.413713 -0.023462 -0.032153
v -0.401298 -0.076107 -0.091441
v -0.400726 -0.090184 -0.132662
v -0.440474 -0.146461 -0.153742
v -0.405396 -0.111030 -0.091353
v -0.407818 0.056199 -0.149266
v -0.373780 0.046438 -0.182890
v -0.412845 0.009029 -0.184703
v -0.429491 0.014411 -0.131317
v -0.393366 -0.037338 -0.216945
v -0.348692 -0.033651 -0.252782
v -0.369351 -0.088764 -0.270581
v -0.395913 -0.077596 -0.194070
v -0.430571 -0.047264 -0.001099
v -0.417646 -0.079353 0.010098
v -0.432412 -0.075685 0.041802
v -0.437482 -0.040375 0.031340
v -0.464542 -0.124065 0.091059
v -0.467220 -0.198237 0.115050
v -0.421797 -0.188713 0.192041
v -0.477606 -0.135430 0.162028
v -0.430911 -0.149701 -0.059125
v -0.421051 -0.236117 -0.055716
v -0.429900 -0.200360 -0.012365
v -0.421972 -0.126951 -0.016549
v -0.386940 -0.213104 0.042645
v -0.343091 -0.244377 0.048468
v -0.344509 -0.234800 0.077947
v -0.388881 -0.208791 0.072637
v -0.450279 0.000026 0.058187
v -0.474046 0.008578 0.101601
v -0.460156 0.047444 0.090577
v -0.458983 0.034280 0.048192
v -0.413757 0.083221 0.102561
v -0.412910 0.126057 0.141958
v -0.371074 0.135555 0.112351
v -0.385408 0.108129 0.083959
v -0.487610 -0.078331 0.206430
v -0.422785 -0.064710 0.274784
v -0.438119 -0.003218 0.225167
v -0.451509 -0.015009 0.162804
v -0.406861 0.049977 0.238626
v -0.348656 0.055675 0.284652
v -0.356402 0.104635 0.261645
v -0.391183 0.101111 0.206756
v -0.456905 0.055357 0.003248
v -0.435618 0.083763 -0.006562
v -0.436018 0.076654 -0.039813
v -0.455386 0.039787 -0.030485
v -0.409268 0.097693 -0.082977
v -0.386743 0.131287 -0.085750
v -0.364917 0.120100 -0.127155
v -0.403439 0.097221 -0.124063
v -0.371961 0.110870 0.041602
v -0.353470 0.151005 0.027031
v -0.369395 0.138056 0.007495
v -0.388266 0.105518 0.014777
v -0.351198 0.170069 -0.018623
v -0.324565 0.188739 -0.030602
v -0.322808 0.186964 -0.052022
v -0.359624 0.172871 -0.044386
v -0.043851 0.201591 0.058570
v -0.082611 0.195977 0.036039
v -0.126853 0.206947 0.057605
v -0.090703 0.211298 0.074919
v -0.225100 0.239895 0.057397
v -0.272292 0.242932 0.029575
v -0.322254 0.214634 0.038746
v -0.288520 0.235077 0.074028
v -0.037482 0.182062 -0.017642
v -0.078198 0.179753 -0.035689
v -0.116497 0.186126 -0.018814
v -0.078893 0.180197 -0.000024
v -0.194043 0.228592 -0.023482
v -0.235903 0.231235 -0.042489
v -0.289147 0.227069 -0.025885
v -0.253119 0.247327 -0.004371
v -0.101434 0.233522 0.134887
v -0.144383 0.191553 0.160411
v -0.103738 0.206007 0.230200
v -0.053989 0.243119 0.188501
v -0.084552 0.120977 0.210278
v -0.119527 0.099196 0.225226
v -0.085899 0.070201 0.179403
v -0.053092 0.096546 0.168614
v -0.279198 0.199229 0.132466
v -0.310319 0.171394 0.143395
v -0.265489 0.172693 0.181765
v -0.229596 0.184791 0.162104
v -0.250181 0.138138 0.228392
v -0.275537 0.120177 0.268700
v -0.220420 0.097612 0.266624
v -0.199050 0.113092 0.222937
v 0.046749 0.227307 0.193906
v 0.107220 0.192366 0.203895
v 0.167384 0.199862 0.187844
v 0.111455 0.254829 0.179730
v 0.231244 0.150178 0.158891
v 0.257333 0.124602 0.164760
v 0.292951 0.119024 0.132523
v 0.265939 0.156963 0.143418
v 0.040371 0.101711 0.208230
v 0.077348 0.097529 0.237537
v 0.153521 0.134549 0.244128
v 0.088266 0.146405 0.229985
v 0.221887 0.121451 0.191527
v 0.244660 0.113082 0.192805
v 0.277407 0.113144 0.164634
v 0.249605 0.119094 0.167555
v 0.093019 0.276339 0.112506
v 0.146168 0.306012 0.097319
v 0.096534 0.237494 0.056495
v 0.059868 0.207495 0.081086
v 0.088578 0.216315 0.009741
v 0.124716 0.239836 -0.021312
v 0.080892 0.216423 -0.033523
v 0.056271 0.184549 -0.013454
v 0.273667 0.208559 0.109127
v 0.307530 0.221711 0.081685
v 0.261393 0.227073 0.034210
v 0.243841 0.243865 0.075706
v 0.254385 0.241142 -0.005151
v 0.277775 0.222943 -0.026042
v 0.236481 0.215308 -0.039842
v 0.207467 0.235079 -0.025202
v 0.448977 0.043038 -0.030538
v 0.430447 0.071518 -0.037566
v 0.427939 0.079335 -0.006105
v 0.441507 0.050566 0.002328
v 0.409980 0.125268 0.014348
v 0.400094 0.169548 0.002918
v 0.391352 0.204483 0.063753
v 0.420869 0.150091 0.057148
v 0.344772 0.071530 -0.084762
v 0.329090 0.080986 -0.076500
v 0.346541 0.094685 -0.085497
v 0.370985 0.072114 -0.054727
v 0.351343 0.153658 -0.066716
v 0.324517 0.186406 -0.071665
v 0.322525 0.198447 -0.041414
v 0.362112 0.176839 -0.043071
v 0.455953 0.033434 0.045063
v 0.439821 0.040419 0.080632
v 0.461515 0.010768 0.099832
v 0.475060 0.003557 0.064428
v 0.435218 -0.010109 0.154517
v 0.392445 0.000518 0.177313
v 0.373978 -0.032046 0.190685
v 0.431956 -0.056417 0.190974
v 0.393369 0.111944 0.096851
v 0.344489 0.101556 0.103747
v 0.368113 0.084754 0.119641
v 0.407304 0.080762 0.096144
v 0.342032 0.071688 0.155719
v 0.303901 0.068327 0.154894
v 0.311114 0.052698 0.178411
v 0.350446 0.044511 0.171874
v 0.497435 -0.060675 0.037842
v 0.446145 -0.078921 0.040279
v 0.436495 -0.080360 0.006970
v 0.479544 -0.070594 -0.006896
v 0.386694 -0.112532 -0.014881
v 0.344296 -0.123965 -0.005094
v 0.322853 -0.119554 -0.025338
v 0.362437 -0.099408 -0.037073
v 0.420507 -0.127978 0.132990
v 0.385514 -0.161967 0.126135
v 0.384526 -0.152182 0.079829
v 0.424071 -0.125506 0.085723
v 0.334014 -0.136804 0.041874
v 0.312812 -0.160311 0.031346
v 0.291001 -0.134792 0.023256
v 0.321930 -0.122344 0.022286
v 0.469134 -0.036429 -0.047330
v 0.445181 -0.044792 -0.078530
v 0.433180 -0.008321 -0.083164
v 0.451083 -0.002715 -0.049497
v 0.380921 0.009256 -0.100691
v 0.359914 0.007440 -0.126036
v 0.325468 0.019873 -0.115770
v 0.346702 0.029841 -0.087045
v 0.376520 -0.101486 -0.078151
v 0.348355 -0.102565 -0.102408
v 0.376789 -0.084385 -0.121780
v 0.405450 -0.079091 -0.096797
v 0.411295 -0.079568 -0.204536
v 0.374716 -0.095441 -0.246537
v 0.368862 -0.019854 -0.242428
v 0.380730 -0.015623 -0.189998
v 0.047416 -0.198387 -0.164032
v 0.091095 -0.171150 -0.173607
v 0.137350 -0.188349 -0.157868
v 0.095542 -0.218277 -0.148002
v 0.247759 -0.214425 -0.146374
v 0.284709 -0.198187 -0.162604
v 0.309831 -0.178088 -0.116816
v 0.274522 -0.190393 -0.097357
v 0.042420 -0.106278 -0.196594
v 0.083100 -0.086509 -0.205949
v 0.116889 -0.130421 -0.255113
v 0.085869 -0.131668 -0.197992
v 0.207301 -0.151104 -0.271977
v 0.250492 -0.126268 -0.287826
v 0.313659 -0.156133 -0.253290
v 0.277747 -0.178531 -0.234702
v 0.103056 -0.264957 -0.120138
v 0.177459 -0.277931 -0.087390
v 0.123476 -0.312198 -0.062866
v 0.044875 -0.288409 -0.094350
v 0.104997 -0.305761 0.005104
v 0.158330 -0.300541 0.033535
v 0.081886 -0.239694 0.054012
v 0.041217 -0.285976 0.029233
v 0.267384 -0.180247 -0.042971
v 0.270611 -0.123696 -0.023826
v 0.262938 -0.165396 -0.015409
v 0.250374 -0.210031 -0.041621
v 0.267785 -0.186339 -0.015029
v 0.276590 -0.173651 -0.011925
v 0.260523 -0.221781 0.009356
v 0.243328 -0.240048 0.001684
v -0.047209 -0.265905 -0.079337
v -0.095649 -0.281647 -0.056314
v -0.135905 -0.276699 -0.091147
v -0.093684 -0.239468 -0.100004
v -0.245498 -0.292132 -0.081328
v -0.276922 -0.266969 -0.040464
v -0.320713 -0.262306 -0.060023
v -0.287630 -0.272369 -0.104391
v -0.047821 -0.324835 0.029589
v -0.091844 -0.302521 0.058181
v -0.133350 -0.285918 0.027033
v -0.089822 -0.296998 -0.000430
v -0.212027 -0.256781 0.027975
v -0.238811 -0.243713 0.049586
v -0.277805 -0.258809 0.035671
v -0.256507 -0.251976 0.004895
v -0.092695 -0.201790 -0.146500
v -0.129581 -0.200286 -0.194563
v -0.087234 -0.162973 -0.173400
v -0.042629 -0.177358 -0.147159
v -0.087040 -0.142741 -0.202966
v -0.125904 -0.147345 -0.231090
v -0.079937 -0.128126 -0.261965
v -0.040730 -0.110262 -0.206922
v -0.269650 -0.226068 -0.172003
v -0.315987 -0.217790 -0.197428
v -0.253645 -0.189581 -0.210423
v -0.214449 -0.214987 -0.206031
v -0.239129 -0.158266 -0.237741
v -0.272951 -0.135177 -0.253103
v -0.232972 -0.119899 -0.255783
v -0.196300 -0.145983 -0.244234
v -0.085715 0.096474 -0.139899
v -0.129038 0.116901 -0.134643
v -0.084215 0.134919 -0.128151
v -0.040508 0.116786 -0.131598
v -0.083559 0.177862 -0.112122
v -0.123788 0.191702 -0.095881
v -0.080978 0.184586 -0.073991
v -0.040154 0.185890 -0.093605
v -0.266585 0.118575 -0.164861
v -0.300043 0.125965 -0.139417
v -0.258662 0.156436 -0.145879
v -0.217674 0.132009 -0.150852
v -0.245973 0.188890 -0.113353
v -0.277555 0.207047 -0.090793
v -0.236093 0.210318 -0.076030
v -0.203619 0.193924 -0.094856
v 0.044908 0.141918 -0.168430
v 0.088503 0.174617 -0.158895
v 0.134033 0.156538 -0.169883
v 0.089813 0.123527 -0.184385
v 0.225004 0.124188 -0.144460
v 0.253244 0.126296 -0.118311
v 0.260213 0.099444 -0.098925
v 0.250335 0.103829 -0.139790
v 0.041870 0.198996 -0.100965
v 0.081816 0.224462 -0.090571
v 0.125047 0.212646 -0.120006
v 0.086215 0.201635 -0.133013
v 0.206117 0.183878 -0.087803
v 0.232907 0.195660 -0.071008
v 0.269527 0.201610 -0.097204
v 0.245071 0.164659 -0.101904
v 0.093432 0.101075 -0.236731
v 0.142997 0.078329 -0.254054
v 0.093418 0.048083 -0.253494
v 0.045840 0.067058 -0.224372
v 0.087971 -0.000388 -0.230246
v 0.125646 -0.024728 -0.243110
v 0.077050 -0.046146 -0.231213
v 0.042023 -0.024293 -0.224108
v 0.262010 0.076438 -0.181116
v 0.290566 0.052052 -0.166059
v 0.254470 0.035900 -0.209949
v 0.224545 0.062724 -0.223156
v 0.260161 0.001581 -0.254584
v 0.310156 -0.013532 -0.271965
v 0.250945 -0.055497 -0.282912
v 0.210959 -0.028046 -0.276808
v -0.044523 0.061460 -0.193660
v -0.083438 0.055128 -0.209717
v -0.128236 0.062756 -0.184270
v -0.086829 0.073916 -0.170154
v -0.219261 0.079036 -0.238152
v -0.272538 0.059504 -0.262519
v -0.317161 0.075977 -0.245049
v -0.270392 0.102028 -0.231962
v -0.034897 -0.033843 -0.263554
v -0.070650 -0.065544 -0.288144
v -0.126386 -0.013611 -0.295407
v -0.080547 0.024328 -0.266390
v -0.213057 -0.018367 -0.294295
v -0.248199 -0.061015 -0.286562
v -0.296665 -0.014910 -0.277286
v -0.264935 0.012073 -0.274992
v 0.085918 -0.108350 0.276920
v 0.137911 -0.079718 0.285371
v 0.084882 -0.045715 0.265602
v 0.029812 -0.079629 0.274480
v 0.068839 0.007626 0.282432
v 0.128655 0.039560 0.301731
v 0.063597 0.063428 0.270520
v 0.021465 0.028571 0.254717
v 0.276139 -0.094888 0.234086
v 0.290968 -0.070686 0.217881
v 0.282023 -0.031794 0.261009
v 0.239215 -0.068993 0.259835
v 0.270350 0.035721 0.250655
v 0.294147 0.051363 0.207143
v 0.254495 0.086704 0.232256
v 0.227868 0.059106 0.261082
v -0.048809 -0.063342 0.220273
v -0.087781 -0.040248 0.202305
v -0.134657 -0.061789 0.207378
v -0.093159 -0.089242 0.212954
v -0.226554 -0.069553 0.231879
v -0.265779 -0.042172 0.232013
v -0.311185 -0.058123 0.219950
v -0.271497 -0.088197 0.211092
v -0.035941 0.039248 0.192657
v -0.069049 0.045972 0.192147
v -0.104653 0.024622 0.220567
v -0.075245 0.017799 0.207710
v -0.187547 0.028151 0.260606
v -0.222895 0.051487 0.267565
v -0.271667 0.029552 0.269049
v -0.245456 0.001891 0.254754
v -0.087419 -0.113707 0.166371
v -0.131275 -0.128402 0.146235
v -0.088903 -0.158220 0.151233
v -0.046274 -0.147174 0.174471
v -0.087878 -0.207668 0.131631
v -0.131237 -0.228958 0.121456
v -0.087202 -0.251724 0.097397
v -0.046595 -0.240535 0.119411
v -0.268062 -0.122264 0.174592
v -0.308148 -0.140820 0.154393
v -0.261130 -0.162464 0.147061
v -0.220173 -0.143662 0.165579
v -0.250914 -0.197856 0.118183
v -0.278641 -0.234878 0.116870
v -0.245419 -0.244041 0.093769
v -0.208804 -0.222411 0.118389
v 0.046099 -0.175315 0.217643
v 0.091737 -0.237210 0.237849
v 0.158090 -0.226171 0.253737
v 0.095827 -0.163926 0.241305
v 0.253125 -0.200675 0.204290
v 0.283909 -0.206648 0.157662
v 0.326844 -0.185518 0.166695
v 0.300588 -0.178152 0.216179
v 0.044133 -0.324323 0.167823
v 0.087841 -0.234680 0.123372
v 0.134531 -0.225394 0.127929
v 0.103281 -0.273983 0.167884
v 0.217753 -0.250218 0.105864
v 0.261950 -0.240325 0.054799
v 0.285815 -0.216061 0.060898
v 0.269320 -0.234553 0.106636
v -0.436688 -0.019312 -0.010588
v -0.411980 -0.052532 -0.026167
v -0.409552 -0.096304 -0.053665
v -0.424514 -0.181385 -0.103579
v -0.411329 -0.063789 -0.057552
v -0.400741 -0.045960 -0.095887
v -0.434281 0.022371 -0.092519
v -0.413379 -0.023008 -0.107708
v -0.406888 -0.031144 -0.153769
v -0.371263 0.013362 -0.238668
v -0.398795 -0.060756 -0.134657
v -0.398868 -0.120199 -0.197159
v -0.439692 -0.008289 0.022979
v -0.448121 -0.035328 0.068872
v -0.482499 -0.068608 0.125708
v -0.428539 -0.130207 0.226992
v -0.454025 -0.072327 0.075481
v -0.433675 -0.119347 0.050572
v -0.418394 -0.087621 -0.023457
v -0.417958 -0.120322 0.017736
v -0.419994 -0.171395 0.031845
v -0.380513 -0.262000 0.005833
v -0.421304 -0.168369 0.060335
v -0.387481 -0.225310 0.131947
v -0.458194 0.019889 0.010743
v -0.457469 0.069516 0.039288
v -0.408431 0.103865 0.055160
v -0.353806 0.124046 0.069961
v -0.439532 0.079019 0.072197
v -0.433862 0.052245 0.124432
v -0.462759 -0.028361 0.113435
v -0.455944 0.023459 0.152509
v -0.423974 0.030483 0.184564
v -0.378472 0.005984 0.232828
v -0.436835 0.086388 0.172485
v -0.388488 0.138017 0.192593
v -0.434952 0.011153 -0.016348
v -0.443902 0.032416 -0.055529
v -0.422417 0.059843 -0.110336
v -0.375322 0.088449 -0.154460
v -0.436213 0.070099 -0.074222
v -0.412354 0.104950 -0.046178
v -0.423690 0.091096 0.025012
v -0.401651 0.102971 -0.013854
v -0.369976 0.122319 -0.019484
v -0.348307 0.177882 -0.001385
v -0.380736 0.124093 -0.047733
v -0.356262 0.173131 -0.086019
v -0.050786 0.229657 0.105894
v -0.137477 0.193932 0.107157
v -0.233868 0.239104 0.119359
v -0.327726 0.200445 0.089369
v -0.176366 0.223734 0.085358
v -0.170397 0.212254 0.037281
v -0.039668 0.196103 0.017752
v -0.120452 0.193287 0.017557
v -0.156807 0.207798 -0.002412
v -0.150949 0.208471 -0.039588
v -0.206318 0.242749 0.015371
v -0.308676 0.222383 0.006424
v -0.001768 0.248930 0.147290
v 0.002988 0.184320 0.189362
v -0.003127 0.113458 0.223488
v 0.002465 0.070832 0.149852
v -0.042604 0.152012 0.230234
v -0.138191 0.156487 0.213172
v -0.184258 0.195792 0.137683
v -0.184256 0.172392 0.176582
v -0.220846 0.150487 0.187593
v -0.305036 0.168933 0.204143
v -0.172580 0.130284 0.203498
v -0.153748 0.083360 0.233899
v 0.052488 0.227423 0.125001
v 0.167594 0.248472 0.153511
v 0.242987 0.200303 0.143366
v 0.303210 0.167228 0.123928
v 0.207562 0.195794 0.164621
v 0.202312 0.156946 0.180364
v 0.041239 0.167808 0.215264
v 0.160496 0.163641 0.209653
v 0.192934 0.132006 0.195844
v 0.191090 0.115226 0.230664
v 0.226778 0.126941 0.170023
v 0.278286 0.099029 0.146383
v -0.000264 0.223623 0.086128
v 0.006824 0.202881 0.042798
v 0.010303 0.185522 0.002797
v 0.004027 0.193610 -0.038064
v 0.063329 0.186943 0.031932
v 0.130329 0.269800 0.020951
v 0.206688 0.242883 0.126248
v 0.199549 0.290311 0.054061
v 0.224850 0.256829 0.019896
v 0.292173 0.221453 0.007800
v 0.174553 0.254571 -0.004588
v 0.163953 0.221752 -0.040129
v 0.464874 0.025820 0.011039
v 0.433965 0.059562 0.033280
v 0.416417 0.105499 0.058179
v 0.372390 0.147800 0.105882
v 0.424044 0.090787 0.024045
v 0.417997 0.117901 -0.017074
v 0.404763 0.054110 -0.057837
v 0.401477 0.096885 -0.045180
v 0.378137 0.123871 -0.055863
v 0.322775 0.122122 -0.076088
v 0.395210 0.149344 -0.032921
v 0.374460 0.218786 -0.009580
v 0.492663 -0.005459 0.023712
v 0.485155 -0.045922 0.085135
v 0.476612 -0.102946 0.145101
v 0.409281 -0.119139 0.188249
v 0.478328 -0.034805 0.121462
v 0.433019 0.019243 0.129483
v 0.422472 0.070182 0.067079
v 0.420980 0.048694 0.109144
v 0.382710 0.056528 0.130624
v 0.322893 0.079387 0.128202
v 0.395285 0.035547 0.158847
v 0.343605 0.008152 0.184647
v 0.489149 -0.024627 -0.018879
v 0.456666 -0.068095 -0.037597
v 0.402192 -0.095612 -0.053285
v 0.339372 -0.109318 -0.059589
v 0.422527 -0.087442 -0.024617
v 0.401124 -0.104679 0.013317
v 0.466677 -0.095576 0.083636
v 0.416056 -0.113514 0.040200
v 0.372783 -0.129011 0.042167
v 0.344067 -0.165626 0.073340
v 0.360247 -0.117387 0.018191
v 0.304784 -0.124114 0.001830
v 0.465279 0.010399 -0.022542
v 0.434603 0.031617 -0.058663
v 0.374506 0.037865 -0.069569
v 0.323751 0.056073 -0.080307
v 0.406592 0.018338 -0.077333
v 0.402994 -0.019739 -0.104379
v 0.432203 -0.072740 -0.068048
v 0.421596 -0.053011 -0.111885
v 0.394962 -0.060139 -0.134698
v 0.363860 -0.123077 -0.163765
v 0.380431 -0.025463 -0.130620
v 0.352581 0.010547 -0.174356
v 0.048079 -0.255220 -0.142768
v 0.137369 -0.211702 -0.116370
v 0.247596 -0.213606 -0.085328
v 0.293764 -0.157032 -0.058446
v 0.200849 -0.227222 -0.137648
v 0.189541 -0.194107 -0.196751
v 0.045215 -0.152654 -0.187184
v 0.131444 -0.153885 -0.191391
v 0.168853 -0.160598 -0.243023
v 0.158318 -0.110055 -0.269951
v 0.236663 -0.199746 -0.222708
v 0.314187 -0.174988 -0.182383
v 0.002152 -0.254782 -0.103984
v -0.000041 -0.293245 -0.055605
v -0.001848 -0.317139 -0.000794
v 0.002475 -0.319854 0.061672
v 0.050040 -0.317989 -0.029965
v 0.175554 -0.292209 -0.028079
v 0.218338 -0.251660 -0.088891
v 0.227647 -0.255395 -0.047990
v 0.258005 -0.219979 -0.026054
v 0.261400 -0.126697 -0.008195
v 0.210503 -0.259071 -0.007558
v 0.196981 -0.276020 0.045003
v -0.045335 -0.220956 -0.116823
v -0.139637 -0.224667 -0.133849
v -0.229245 -0.255517 -0.160809
v -0.333922 -0.251153 -0.133095
v -0.182879 -0.263295 -0.126575
v -0.184068 -0.283164 -0.046408
v -0.047956 -0.309868 -0.031130
v -0.141882 -0.291591 -0.027442
v -0.179819 -0.273235 0.002118
v -0.175549 -0.276531 0.052847
v -0.222889 -0.268546 -0.014366
v -0.304526 -0.268029 -0.014527
v 0.000546 -0.214152 -0.145154
v 0.002422 -0.168127 -0.169929
v 0.000589 -0.129100 -0.193875
v 0.000678 -0.085402 -0.199915
v -0.040315 -0.140732 -0.174846
v -0.124599 -0.169295 -0.210366
v -0.176588 -0.225710 -0.179336
v -0.168573 -0.179364 -0.200243
v -0.201500 -0.175955 -0.225074
v -0.290225 -0.174657 -0.231960
v -0.161559 -0.157310 -0.222966
v -0.162542 -0.127298 -0.247962
v -0.000329 0.113743 -0.164468
v -0.000257 0.152156 -0.143593
v -0.000211 0.186486 -0.115732
v 0.000284 0.203392 -0.079103
v -0.040935 0.158855 -0.117971
v -0.126179 0.161294 -0.129118
v -0.174911 0.107128 -0.153624
v -0.172175 0.142258 -0.132104
v -0.210866 0.167669 -0.125832
v -0.288156 0.167829 -0.123778
v -0.167635 0.174738 -0.104242
v -0.158729 0.208865 -0.081606
v 0.042138 0.113789 -0.204066
v 0.139782 0.117934 -0.210745
v 0.229839 0.107633 -0.196003
v 0.267639 0.070808 -0.121237
v 0.182030 0.129753 -0.180064
v 0.173208 0.166584 -0.147479
v 0.039673 0.168120 -0.129924
v 0.129223 0.193356 -0.144790
v 0.161973 0.196131 -0.128467
v 0.162241 0.216259 -0.092546
v 0.218669 0.153062 -0.120395
v 0.274884 0.141923 -0.107792
v -0.003682 0.082720 -0.194076
v -0.003494 0.045760 -0.228353
v 0.001491 -0.000146 -0.229470
v 0.005413 -0.047584 -0.215079
v 0.045739 0.021662 -0.235267
v 0.135642 0.021617 -0.251340
v 0.185657 0.085685 -0.216524
v 0.187223 0.049868 -0.263103
v 0.224372 0.022940 -0.257001
v 0.298765 0.023549 -0.216291
v 0.172095 -0.001670 -0.263252
v 0.154690 -0.049260 -0.282815
v -0.042052 0.082924 -0.156356
v -0.131260 0.083145 -0.154679
v -0.216783 0.104358 -0.180282
v -0.305815 0.089292 -0.189549
v -0.177990 0.066310 -0.169909
v -0.168521 0.061695 -0.240314
v -0.041884 0.027253 -0.225999
v -0.121026 0.051900 -0.245971
v -0.167726 0.025729 -0.288169
v -0.168924 -0.065921 -0.286074
v -0.218560 0.037702 -0.266069
v -0.306346 0.030468 -0.256318
v -0.002658 -0.094273 0.225409
v -0.014201 -0.041239 0.237731
v -0.024307 0.024370 0.242631
v -0.005801 0.034483 0.202008
v 0.022724 -0.010427 0.272423
v 0.133002 -0.019187 0.284970
v 0.204758 -0.112655 0.286012
v 0.195840 -0.041488 0.311728
v 0.245847 0.006410 0.292283
v 0.289327 -0.012060 0.210382
v 0.190542 0.023175 0.296160
v 0.192271 0.079520 0.270124
v -0.047554 -0.113246 0.206924
v -0.135174 -0.106611 0.188335
v -0.225362 -0.101022 0.186588
v -0.313578 -0.101371 0.188905
v -0.180966 -0.093944 0.215744
v -0.173471 -0.042348 0.216488
v -0.055761 -0.003982 0.225517
v -0.120107 -0.020893 0.216553
v -0.150202 0.006161 0.243025
v -0.142817 0.043186 0.242841
v -0.209617 -0.023345 0.242866
v -0.298093 -0.010914 0.226576
v -0.004813 -0.147067 0.216429
v -0.017390 -0.196985 0.211676
v -0.031731 -0.263431 0.183883
v -0.001747 -0.278713 0.103094
v -0.053013 -0.195918 0.154228
v -0.132382 -0.180410 0.146495
v -0.177115 -0.124665 0.176126
v -0.173994 -0.154690 0.144790
v -0.214661 -0.180426 0.136299
v -0.294062 -0.183503 0.131691
v -0.173264 -0.201430 0.129927
v -0.169460 -0.240047 0.093111
v 0.041583 -0.134555 0.252556
v 0.144471 -0.146801 0.290511
v 0.261152 -0.147669 0.264364
v 0.342921 -0.141778 0.229938
v 0.216287 -0.195275 0.262064
v 0.210953 -0.238630 0.197169
v 0.030831 -0.250577 0.217534
v 0.147216 -0.235397 0.172350
v 0.171527 -0.214581 0.131321
v 0.166169 -0.230385 0.095400
v 0.234756 -0.230862 0.145680
v 0.306783 -0.207626 0.111622
v -0.292263 0.197180 -0.057514
v -0.314587 0.188224 -0.088529
v -0.325748 0.144801 -0.130997
v -0.328160 0.104233 -0.139585
v -0.347465 0.086084 -0.194850
v -0.341614 0.042288 -0.234050
v -0.331175 0.002580 -0.258448
v -0.315049 -0.045796 -0.275542
v -0.308216 -0.096514 -0.273197
v -0.334758 -0.144767 -0.250218
v -0.371632 -0.180448 -0.209486
v -0.384796 -0.205668 -0.150867
v -0.377732 -0.245567 -0.089157
v -0.348587 -0.261688 -0.031601
v -0.327494 -0.260706 0.014188
v -0.297997 -0.245692 0.054679
v -0.298641 -0.239900 0.079139
v -0.328549 -0.231657 0.124152
v -0.346577 -0.188376 0.165005
v -0.358055 -0.157331 0.217347
v -0.358181 -0.110506 0.260806
v -0.349525 -0.030692 0.240989
v -0.325489 0.014955 0.262978
v -0.293126 0.062042 0.284211
v -0.295797 0.089627 0.271854
v -0.347869 0.148894 0.243908
v -0.350944 0.165643 0.156296
v -0.338124 0.149326 0.101803
v -0.348091 0.177543 0.052591
v -0.339023 0.191947 0.014028
v -0.318863 0.195275 -0.012472
v -0.297247 0.202063 -0.039231
v 0.260242 0.218248 -0.065174
v 0.197896 0.201426 -0.052818
v 0.123228 0.236597 -0.065323
v 0.041491 0.215680 -0.056799
v -0.039705 0.194377 -0.055062
v -0.116505 0.198528 -0.053412
v -0.194592 0.209330 -0.060763
v -0.269677 0.223943 -0.057229
v -0.253500 0.077019 0.280156
v -0.186662 0.068624 0.244805
v -0.105616 0.055275 0.224848
v -0.038702 0.051598 0.178297
v 0.050850 0.049443 0.191063
v 0.135640 0.105901 0.287214
v 0.217645 0.094276 0.222965
v 0.279044 0.104571 0.205112
v 0.293362 0.070733 0.162065
v 0.292191 0.072599 0.136299
v 0.303840 0.090247 0.109097
v 0.322227 0.125364 0.105533
v 0.343686 0.190939 0.106260
v 0.347433 0.234555 0.050957
v 0.316257 0.217379 -0.014864
v 0.293745 0.218053 -0.051193
v 0.338319 -0.042149 -0.273195
v 0.336384 -0.000422 -0.225434
v 0.316243 0.022816 -0.164280
v 0.297336 0.043029 -0.111786
v 0.292504 0.074020 -0.074917
v 0.291717 0.103917 -0.075132
v 0.307214 0.164301 -0.100122
v 0.292459 0.213620 -0.073932
v 0.293271 0.053001 0.174635
v 0.311426 0.021351 0.192494
v 0.319585 -0.034829 0.180669
v 0.362474 -0.075491 0.223586
v 0.372389 -0.161722 0.177103
v 0.341185 -0.180642 0.118677
v 0.315308 -0.190835 0.066711
v 0.289894 -0.193420 0.027479
v 0.289183 -0.173961 0.002497
v 0.271505 -0.124155 0.009843
v 0.283464 -0.104612 -0.011438
v 0.304898 -0.116442 -0.041536
v 0.320139 -0.128296 -0.081726
v 0.339245 -0.150615 -0.137183
v 0.339172 -0.144405 -0.204321
v 0.331869 -0.100479 -0.263329
v -0.270618 -0.090324 -0.274971
v -0.200430 -0.105074 -0.268649
v -0.125988 -0.103223 -0.266844
v -0.032949 -0.074786 -0.234320
v 0.040582 -0.062855 -0.201746
v 0.118077 -0.075868 -0.251084
v 0.197178 -0.082800 -0.293327
v 0.300836 -0.089480 -0.304689
v 0.275919 -0.213368 0.018469
v 0.233240 -0.261007 0.051122
v 0.133656 -0.220599 0.078013
v 0.043736 -0.270158 0.082519
v -0.044068 -0.282950 0.079304
v -0.132378 -0.276747 0.084286
v -0.208291 -0.254224 0.072380
v -0.266265 -0.238201 0.067304
v -0.422575 -0.020941 -0.050271
v -0.400876 -0.097763 -0.109093
v -0.409778 0.034286 -0.163062
v -0.389562 -0.057556 -0.241498
v -0.434266 -0.060596 0.018129
v -0.478421 -0.166068 0.142206
v -0.440929 -0.175667 -0.039119
v -0.365494 -0.221308 0.059281
v -0.454775 0.023300 0.073950
v -0.387853 0.102473 0.109755
v -0.469865 -0.042796 0.224207
v -0.392113 0.088451 0.263157
v -0.450589 0.067434 -0.018509
v -0.393842 0.112141 -0.104977
v -0.360562 0.110086 0.021900
v -0.338009 0.178609 -0.034398
v -0.085645 0.204446 0.054946
v -0.280292 0.237645 0.049419
v -0.078228 0.178244 -0.018035
v -0.243387 0.250848 -0.026088
v -0.105652 0.235761 0.180489
v -0.081527 0.094388 0.197211
v -0.267306 0.176344 0.155714
v -0.230276 0.122429 0.256356
v 0.115023 0.226926 0.198980
v 0.259904 0.136531 0.154054
v 0.083461 0.121524 0.235864
v 0.245859 0.115843 0.175326
v 0.096273 0.253714 0.083070
v 0.081017 0.215811 -0.011662
v 0.266733 0.216326 0.070676
v 0.244522 0.232478 -0.026561
v 0.433423 0.058884 -0.017230
v 0.411445 0.158826 0.028405
v 0.341705 0.079075 -0.086502
v 0.339855 0.178744 -0.055260
v 0.459749 0.022465 0.071508
v 0.407163 -0.020233 0.177082
v 0.380393 0.097867 0.108484
v 0.327438 0.064213 0.168843
v 0.457476 -0.065700 0.020421
v 0.355009 -0.117108 -0.021215
v 0.400301 -0.136172 0.106270
v 0.312796 -0.131339 0.030865
v 0.455806 -0.021417 -0.069006
v 0.351473 0.017217 -0.107237
v 0.379871 -0.096521 -0.100902
v 0.386834 -0.044081 -0.223487
v 0.092542 -0.189196 -0.153914
v 0.280853 -0.196392 -0.129039
v 0.080234 -0.110697 -0.207557
v 0.264173 -0.155642 -0.266184
v 0.117930 -0.296379 -0.095775
v 0.090628 -0.267686 0.031286
v 0.264350 -0.172115 -0.023333
v 0.259122 -0.201412 -0.003718
v -0.093687 -0.259158 -0.078653
v -0.283088 -0.266960 -0.066324
v -0.089340 -0.300521 0.027005
v -0.241815 -0.245257 0.031465
v -0.092927 -0.176741 -0.156008
v -0.085071 -0.141930 -0.230912
v -0.261385 -0.206126 -0.191858
v -0.234750 -0.138272 -0.244103
v -0.085081 0.114974 -0.134672
v -0.082552 0.194479 -0.096875
v -0.264240 0.134911 -0.152249
v -0.241078 0.207869 -0.099061
v 0.087592 0.153860 -0.178710
v 0.253491 0.115629 -0.129105
v 0.082428 0.219433 -0.118502
v 0.236987 0.187339 -0.088868
v 0.092679 0.076740 -0.249809
v 0.084512 -0.022265 -0.223415
v 0.257122 0.054668 -0.195134
v 0.258042 -0.025141 -0.275925
v -0.086605 0.068331 -0.191352
v -0.272640 0.085315 -0.254342
v -0.077945 -0.022804 -0.297478
v -0.258122 -0.017549 -0.283643
v 0.089287 -0.076603 0.268818
v 0.065940 0.032145 0.279132
v 0.267417 -0.068183 0.238240
v 0.262965 0.064746 0.245125
v -0.090058 -0.061228 0.203570
v -0.270715 -0.065454 0.226520
v -0.069576 0.037291 0.196727
v -0.232297 0.029198 0.259081
v -0.086226 -0.132705 0.151532
v -0.087436 -0.230756 0.117397
v -0.265005 -0.135468 0.151301
v -0.246632 -0.219165 0.109670
v 0.091308 -0.194363 0.235049
v 0.292548 -0.194037 0.185825
v 0.099367 -0.257504 0.142363
v 0.263506 -0.237960 0.081911
v -0.426953 -0.035934 -0.019203
v -0.417960 -0.127845 -0.074339
v -0.409843 -0.054777 -0.076144
v -0.431915 -0.004023 -0.101816
v -0.409792 -0.014912 -0.204129
v -0.401611 -0.085049 -0.159785
v -0.451137 -0.022043 0.042096
v -0.489134 -0.109276 0.185364
v -0.440316 -0.093911 0.063824
v -0.418652 -0.102751 -0.003636
v -0.409376 -0.212308 0.019139
v -0.427482 -0.213519 0.092379
v -0.458586 0.044765 0.024960
v -0.381223 0.113524 0.062329
v -0.436563 0.063119 0.096539
v -0.460062 -0.004170 0.132668
v -0.409805 0.019013 0.215511
v -0.406483 0.117457 0.182535
v -0.439535 0.019439 -0.035608
v -0.408289 0.075813 -0.140114
v -0.428332 0.089749 -0.062692
v -0.414035 0.098771 0.004955
v -0.361139 0.156858 -0.005452
v -0.377699 0.156329 -0.063348
v -0.098928 0.228256 0.098073
v -0.298921 0.237282 0.109933
v -0.171078 0.226421 0.058484
v -0.080675 0.183811 0.018667
v -0.151008 0.209275 -0.021056
v -0.260943 0.237123 0.013007
v 0.001583 0.230536 0.191429
v 0.000112 0.098309 0.169545
v -0.090765 0.152950 0.231438
v -0.186011 0.190404 0.161691
v -0.261929 0.150455 0.194900
v -0.163262 0.102383 0.210815
v 0.103284 0.275945 0.149526
v 0.271572 0.181682 0.130427
v 0.204627 0.173639 0.172545
v 0.097448 0.170628 0.221795
v 0.188334 0.120271 0.208445
v 0.250315 0.116178 0.161928
v 0.003024 0.211543 0.064424
v 0.008194 0.188837 -0.016924
v 0.093232 0.224817 0.032217
v 0.212770 0.278366 0.101955
v 0.259291 0.236499 0.015139
v 0.168225 0.235469 -0.021693
v 0.450200 0.043469 0.022373
v 0.412695 0.133213 0.084545
v 0.417148 0.101366 0.004736
v 0.403316 0.072930 -0.051008
v 0.350178 0.122236 -0.070837
v 0.378612 0.172394 -0.019428
v 0.501510 -0.023042 0.055829
v 0.440354 -0.115142 0.169578
v 0.461006 0.000012 0.131352
v 0.431776 0.064576 0.092838
v 0.354807 0.074461 0.135126
v 0.372463 0.024715 0.176280
v 0.485501 -0.053167 -0.029590
v 0.370646 -0.102754 -0.057539
v 0.417614 -0.105483 -0.005890
v 0.442265 -0.107314 0.059430
v 0.359013 -0.147487 0.057469
v 0.333176 -0.129081 0.008750
v 0.454314 0.020648 -0.041319
v 0.345723 0.053536 -0.080816
v 0.404673 -0.001660 -0.088210
v 0.433815 -0.066054 -0.093142
v 0.390321 -0.092769 -0.156004
v 0.370312 -0.003043 -0.152196
v 0.095442 -0.238803 -0.131139
v 0.278554 -0.192876 -0.064733
v 0.193737 -0.209314 -0.164845
v 0.088251 -0.153647 -0.188759
v 0.163851 -0.135743 -0.255639
v 0.278630 -0.180472 -0.194008
v 0.001430 -0.274335 -0.081268
v 0.001351 -0.325479 0.030214
v 0.118131 -0.316980 -0.029036
v 0.226452 -0.252510 -0.067832
v 0.271268 -0.173636 -0.018858
v 0.209658 -0.273723 0.015182
v -0.095797 -0.217820 -0.123070
v -0.279220 -0.245367 -0.139263
v -0.187044 -0.300648 -0.096735
v -0.094522 -0.300652 -0.029452
v -0.175411 -0.268861 0.025380
v -0.271228 -0.272957 -0.017885
v 0.000130 -0.193277 -0.161867
v -0.000304 -0.105169 -0.192882
v -0.089597 -0.145687 -0.181900
v -0.172298 -0.201981 -0.194157
v -0.246225 -0.169787 -0.220293
v -0.161640 -0.143183 -0.232801
v 0.001896 0.130051 -0.150125
v -0.000020 0.197447 -0.098924
v -0.083803 0.154781 -0.117172
v -0.175210 0.119947 -0.134953
v -0.252435 0.170376 -0.125940
v -0.164011 0.193287 -0.096699
v 0.092532 0.113356 -0.209631
v 0.247064 0.084953 -0.157736
v 0.179801 0.150008 -0.163706
v 0.091075 0.183045 -0.137616
v 0.161087 0.209068 -0.117232
v 0.253979 0.142532 -0.110446
v -0.007992 0.071109 -0.217570
v 0.005683 -0.026705 -0.230066
v 0.091077 0.022486 -0.239732
v 0.186795 0.068920 -0.239466
v 0.254818 0.016953 -0.226840
v 0.161363 -0.022524 -0.274525
v -0.086371 0.078475 -0.147920
v -0.267169 0.114025 -0.197609
v -0.171523 0.066314 -0.203077
v -0.081032 0.032336 -0.217787
v -0.168982 -0.014427 -0.294975
v -0.267438 0.031453 -0.257018
v -0.004436 -0.070355 0.220217
v -0.013717 0.030305 0.220023
v 0.075137 -0.019098 0.283400
v 0.201598 -0.078349 0.311169
v 0.283813 0.008693 0.261525
v 0.192217 0.053196 0.287813
v -0.090780 -0.101807 0.188114
v -0.270096 -0.101735 0.188699
v -0.179465 -0.066270 0.223409
v -0.083775 -0.013496 0.216111
v -0.141731 0.027745 0.249930
v -0.258259 -0.022939 0.238651
v -0.006658 -0.164739 0.208234
v -0.014089 -0.273191 0.143567
v -0.088345 -0.182666 0.141094
v -0.176346 -0.132923 0.152581
v -0.256149 -0.180822 0.132767
v -0.171663 -0.224432 0.119552
v 0.092083 -0.136165 0.256439
v 0.305439 -0.145074 0.253681
v 0.216361 -0.220074 0.229695
v 0.104250 -0.283945 0.214618
v 0.168281 -0.227961 0.116052
v 0.277039 -0.222787 0.131546
v -0.300550 0.187744 -0.069615
v -0.327887 0.124150 -0.135624
v -0.353955 0.070176 -0.228854
v -0.323114 -0.020679 -0.263215
v -0.319647 -0.121430 -0.266737
v -0.380568 -0.193881 -0.179166
v -0.363056 -0.261803 -0.059550
v -0.313959 -0.262052 0.041552
v -0.313878 -0.245018 0.101026
v -0.350856 -0.180294 0.199119
v -0.356893 -0.065560 0.250299
v -0.309194 0.041448 0.279798
v -0.319974 0.118642 0.274687
v -0.348907 0.161999 0.122622
v -0.343543 0.185918 0.030406
v -0.308139 0.197932 -0.026545
v 0.232364 0.200031 -0.052492
v 0.081133 0.225272 -0.061171
v -0.078941 0.187604 -0.053426
v -0.232812 0.224276 -0.061386
v -0.218939 0.075583 0.267240
v -0.071345 0.057504 0.190269
v 0.068818 0.084192 0.250660
v 0.248078 0.106348 0.216722
v 0.286241 0.064964 0.145425
v 0.314862 0.105683 0.108781
v 0.347206 0.217552 0.082090
v 0.306510 0.221297 -0.033961
v 0.343149 -0.012589 -0.256444
v 0.307338 0.032490 -0.134742
v 0.297590 0.086700 -0.077453
v 0.305936 0.200616 -0.091503
v 0.296359 0.038581 0.177516
v 0.333603 -0.053704 0.193495
v 0.352919 -0.166468 0.145585
v 0.306677 -0.194927 0.042774
v 0.278622 -0.147638 0.004741
v 0.294904 -0.114542 -0.024898
v 0.340657 -0.145453 -0.102927
v 0.338409 -0.129818 -0.238853
v -0.236009 -0.096169 -0.263871
v -0.071078 -0.101152 -0.281138
v 0.078847 -0.067134 -0.218900
v 0.242509 -0.089390 -0.313596
v 0.258078 -0.232453 0.030533
v 0.078661 -0.221745 0.087263
v -0.089126 -0.280081 0.082211
v -0.240514 -0.249505 0.068138
v -0.438716 0.001512 0.002534
v -0.410775 -0.074730 -0.039597
v -0.459599 -0.050534 0.094066
v -0.431158 0.082317 0.047227
v -0.441031 0.047649 -0.083602
v -0.403548 -0.040843 -0.118221
v -0.432754 -0.146654 0.035686
v -0.439132 0.045284 0.157169
v -0.391947 0.113412 -0.031228
v -0.002416 0.240014 0.110782
v -0.181138 0.203835 0.113360
v 0.002820 0.158404 0.209650
v 0.207348 0.219142 0.147771
v 0.009582 0.190506 0.023344
v -0.163770 0.209448 0.016932
v -0.180070 0.153913 0.190823
v 0.197533 0.143205 0.186285
v 0.183061 0.265133 0.019113
v 0.469752 -0.001075 -0.001436
v 0.426569 0.081542 0.044754
v 0.483331 -0.066524 0.111845
v 0.430756 -0.083649 -0.046443
v 0.407256 0.037924 -0.070081
v 0.403677 0.125800 -0.043210
v 0.413366 0.044448 0.135598
v 0.384927 -0.106564 0.029695
v 0.394911 -0.041281 -0.117116
v 0.003537 -0.230526 -0.119990
v 0.210736 -0.241014 -0.109577
v -0.001487 -0.316719 -0.030664
v -0.183309 -0.235047 -0.147703
v 0.001400 -0.150634 -0.186054
v 0.174188 -0.185713 -0.226747
v 0.218231 -0.255995 -0.026340
v -0.178648 -0.267486 -0.019174
v -0.163318 -0.169495 -0.214833
v 0.002240 0.092970 -0.173151
v -0.000114 0.171894 -0.131610
v 0.185105 0.111287 -0.201326
v 0.000296 0.021850 -0.235418
v -0.174769 0.091425 -0.164941
v -0.170442 0.158491 -0.116939
v 0.169406 0.186830 -0.141479
v 0.180885 0.022978 -0.262616
v -0.169106 0.040274 -0.258265
v -0.002204 -0.124185 0.229292
v -0.023397 -0.003349 0.251802
v -0.179781 -0.112008 0.195266
v -0.028923 -0.232919 0.208651
v 0.216196 -0.161773 0.307622
v 0.192145 -0.007661 0.303410
v -0.160709 -0.020840 0.233197
v -0.172858 -0.173438 0.129038
v 0.187175 -0.219853 0.157249
v -0.327175 0.181203 -0.118981
v -0.330389 0.084777 -0.159347
v -0.336088 0.022758 -0.245590
v -0.353793 -0.162535 -0.231859
v -0.385415 -0.224970 -0.120619
v -0.338716 -0.264887 -0.007989
v -0.335128 -0.211440 0.147173
v -0.360737 -0.133127 0.235595
v -0.338511 -0.007016 0.245458
v -0.362971 0.169115 0.200577
v -0.345297 0.162417 0.078749
v -0.331975 0.195700 0.000310
v 0.160377 0.206212 -0.056681
v 0.003177 0.192547 -0.058903
v -0.153008 0.212257 -0.060333
v -0.146848 0.059869 0.237123
v -0.001254 0.043899 0.177748
v 0.188518 0.097104 0.246682
v 0.296391 0.078634 0.121493
v 0.334700 0.154597 0.114685
v 0.337588 0.243343 0.006042
v 0.334312 0.025134 -0.198133
v 0.283585 0.050781 -0.084371
v 0.294665 0.129791 -0.087380
v 0.314629 -0.010193 0.187299
v 0.371595 -0.126532 0.200663
v 0.328434 -0.189420 0.091817
v 0.273945 -0.102720 0.005776
v 0.310647 -0.115614 -0.061063
v 0.343045 -0.156112 -0.172179
v -0.165298 -0.110953 -0.270393
v 0.001637 -0.064332 -0.203313
v 0.153282 -0.080524 -0.280253
v 0.180772 -0.260137 0.070673
v 0.001738 -0.298155 0.083892
v -0.172566 -0.267282 0.078892
v -0.297772 -0.077073 -0.272698
v -0.285950 -0.245760 0.068336
v -0.287091 0.205028 -0.049982
v -0.281268 0.076120 0.276063
v 0.324039 -0.073171 -0.273253
v 0.289752 -0.198785 0.009089
v 0.282407 0.218568 -0.065069
v 0.298558 0.071995 0.176767
vn -0.9102 -0.3207 -0.2622
vn -0.8107 -0.5504 0.1993
vn -0.8324 -0.4870 -0.2643
vn -0.7438 -0.3265 -0.5832
vn -0.9669 -0.1738 -0.1867
vn -0.8787 -0.4260 -0.2155
vn -0.8974 -0.4195 0.1364
vn -0.8046 -0.5908 -0.0601
vn -0.9713 -0.2378 -0.0063
vn -0.8953 -0.4455 -0.0009
vn -0.9875 -0.0306 -0.1543
vn -0.9735 -0.0547 -0.2220
vn -0.8894 -0.3814 -0.2519
vn -0.9227 -0.3841 0.0335
vn -0.8152 -0.5121 -0.2704
vn -0.8119 -0.5521 -0.1895
vn -0.9550 -0.2366 -0.1787
vn -0.9400 -0.1982 -0.2775
vn -0.9830 -0.1736 0.0596
vn -0.9909 -0.1104 -0.0767
vn -0.9865 0.0843 -0.1406
vn -0.9246 -0.1425 -0.3533
vn -0.9959 -0.0409 -0.0809
vn -0.9319 0.3496 -0.0961
vn -0.9769 0.0100 -0.2134
vn -0.9676 0.1382 -0.2115
vn -0.9996 -0.0160 -0.0218
vn -0.9757 0.2158 0.0375
vn -0.9627 -0.2689 -0.0295
vn -0.9960 -0.0832 0.0336
vn -0.9717 0.2362 -0.0043
vn -0.9519 0.0122 -0.3062
vn -0.8170 0.1404 -0.5594
vn -0.9999 -0.0085 -0.0122
vn -0.8561 -0.0369 -0.5155
vn -0.6154 -0.5040 -0.6060
vn -0.6055 -0.6520 -0.4563
vn -0.9614 -0.2747 0.0159
vn -0.5925 -0.6882 -0.4187
vn -0.9226 -0.3783 -0.0758
vn -0.9114 0.3835 -0.1493
vn -0.9055 0.2701 -0.3274
vn -0.7811 0.3364 -0.5261
vn -0.9033 -0.1666 -0.3954
vn -0.9656 0.1217 -0.2296
vn -0.8513 0.3956 -0.3445
vn -0.6209 0.4730 -0.6251
vn -0.7082 0.6113 -0.3532
vn -0.4644 0.5417 -0.7006
vn -0.6980 0.3547 -0.6220
vn -0.2746 0.2694 -0.9231
vn -0.4054 0.8193 -0.4054
vn -0.4775 0.8748 -0.0818
vn -0.9180 0.2562 -0.3027
vn -0.7343 0.4971 -0.4623
vn -0.6302 0.4883 -0.6036
vn -0.4808 0.2188 -0.8491
vn -0.6115 0.4439 -0.6550
vn -0.8947 0.0201 -0.4463
vn -0.9224 -0.3171 -0.2203
vn -0.9881 -0.1394 0.0648
vn -0.8894 -0.0263 -0.4564
vn -0.9376 -0.1396 -0.3185
vn -0.9850 -0.1653 -0.0505
vn -0.4596 0.1578 -0.8740
vn -0.8398 0.0227 -0.5425
vn -0.3613 0.4027 -0.8410
vn -0.3256 0.2486 -0.9122
vn -0.2851 0.0193 -0.9583
vn -0.2991 0.1852 -0.9361
vn -0.4582 0.1351 -0.8785
vn -0.3475 0.0105 -0.9376
vn -0.1381 -0.0370 -0.9897
vn -0.0533 -0.0765 -0.9956
vn -0.5770 -0.0959 -0.8111
vn -0.8116 -0.2655 -0.5204
vn -0.3116 -0.5172 -0.7971
vn -0.4683 -0.3772 -0.7990
vn -0.9076 -0.2804 -0.3124
vn -0.9358 -0.1935 -0.2948
vn -0.9849 -0.1175 -0.1271
vn -0.8322 -0.3676 -0.4152
vn -0.8853 -0.3967 -0.2428
vn -0.9345 -0.1740 -0.3104
vn -0.9179 -0.3060 -0.2528
vn -0.9846 0.0533 -0.1667
vn -0.9529 -0.1681 -0.2523
vn -0.9330 -0.1747 -0.3145
vn -0.9355 -0.0571 -0.3486
vn -0.9972 0.0349 -0.0669
vn -0.9773 0.1275 -0.1690
vn -0.8767 0.0747 -0.4752
vn -0.8208 -0.0299 -0.5704
vn -0.9102 -0.1734 -0.3761
vn -0.7890 0.0302 -0.6137
vn -0.9343 -0.1447 -0.3259
vn -0.9386 -0.2377 -0.2502
vn -0.8467 -0.1668 -0.5053
vn -0.9184 -0.3360 0.2087
vn -0.9264 -0.0673 -0.3704
vn -0.9429 0.3124 -0.1157
vn -0.9011 0.1379 -0.4111
vn -0.8034 -0.2498 -0.5404
vn -0.9462 -0.2872 0.1493
vn -0.9635 -0.1335 -0.2321
vn -0.7046 -0.5831 -0.4044
vn -0.3941 -0.8195 -0.4161
vn -0.7891 -0.5906 -0.1691
vn -0.1715 -0.8746 0.4536
vn -0.1221 -0.9660 0.2279
vn 0.4859 -0.6718 0.5591
vn 0.4943 -0.6362 0.5924
vn -0.3804 -0.6418 0.6659
vn -0.4388 -0.4990 0.7473
vn 0.3857 -0.5004 0.7751
vn -0.3993 -0.4649 0.7902
vn -0.9516 0.2364 -0.1964
vn -0.9496 0.3125 -0.0247
vn -0.9764 0.1691 -0.1345
vn -0.8617 -0.3809 -0.3353
vn -0.9947 -0.0159 -0.1019
vn -0.6484 -0.6730 -0.3559
vn -0.5252 -0.7759 -0.3494
vn -0.7759 -0.5760 -0.2574
vn -0.9044 -0.3334 0.2664
vn -0.5863 -0.8050 0.0912
vn -0.2393 -0.9655 -0.1026
vn -0.0812 -0.9958 -0.0416
vn -0.3810 -0.8719 0.3077
vn -0.7523 -0.4712 0.4604
vn -0.9897 0.1173 0.0820
vn -0.8786 -0.4268 0.2144
vn -0.6571 -0.6242 0.4226
vn -0.4899 -0.8236 -0.2860
vn -0.7687 -0.6332 -0.0903
vn -0.3124 -0.7905 0.5268
vn -0.5578 -0.8174 0.1443
vn -0.0744 -0.9946 0.0719
vn -0.2673 -0.9435 0.1958
vn -0.3648 -0.8378 0.4062
vn -0.3105 -0.9498 0.0397
vn -0.1274 -0.9440 0.3045
vn -0.1448 -0.8805 0.4514
vn 0.0552 -0.8886 0.4553
vn 0.0361 -0.9922 0.1197
vn -0.0648 -0.9818 0.1784
vn -0.3070 -0.9492 -0.0688
vn 0.0305 -0.8372 0.5460
vn -0.9932 -0.1053 -0.0500
vn -0.9918 -0.1277 -0.0036
vn -0.9584 -0.2757 -0.0741
vn -0.9905 0.1238 -0.0604
vn -0.9302 -0.3298 -0.1611
vn -0.9126 -0.1458 -0.3820
vn -0.9705 -0.0863 -0.2253
vn -0.9992 0.0395 0.0097
vn -0.9972 0.0115 -0.0735
vn -0.8862 0.4326 0.1658
vn -0.8266 0.4999 0.2586
vn -0.9596 -0.0212 0.2805
vn -0.9021 0.2574 0.3463
vn -0.9053 0.3530 0.2361
vn -0.7541 0.6502 0.0927
vn -0.9343 0.3409 0.1046
vn -0.5231 0.8223 0.2243
vn -0.7987 0.5715 -0.1885
vn -0.5492 0.8065 0.2191
vn -0.6604 0.6636 -0.3514
vn -0.5057 0.8467 0.1657
vn -0.5835 0.7873 0.1993
vn -0.5602 0.8279 0.0289
vn -0.6571 0.7508 0.0676
vn -0.8528 0.3742 -0.3642
vn -0.9396 0.3259 0.1043
vn -0.7625 0.5826 -0.2814
vn -0.5591 0.5534 -0.6174
vn -0.6016 0.7836 -0.1550
vn -0.7110 0.5625 0.4221
vn -0.7415 0.4825 0.4662
vn -0.4768 0.8312 0.2860
vn -0.2608 0.9572 -0.1255
vn -0.4452 0.8211 -0.3572
vn -0.6250 0.7365 -0.2588
vn -0.8172 0.5541 -0.1585
vn -0.7568 0.6513 0.0548
vn -0.3080 0.9514 0.0065
vn -0.9150 0.3851 0.1199
vn -0.8445 0.3128 0.4347
vn -0.9742 0.1719 0.1463
vn -0.9103 0.0584 0.4097
vn -0.3707 -0.4290 0.8237
vn 0.3307 -0.6126 0.7179
vn 0.2856 -0.3225 0.9025
vn 0.3935 0.0804 0.9158
vn -0.2194 -0.1162 0.9687
vn -0.5645 0.6358 0.5263
vn 0.0290 0.4782 0.8778
vn 0.2119 0.0267 0.9769
vn -0.3022 -0.0011 0.9532
vn -0.6909 0.2180 0.6893
vn -0.8374 0.3677 0.4044
vn -0.8468 0.1751 0.5022
vn -0.7620 -0.1176 0.6369
vn -0.6676 0.5324 0.5205
vn -0.8268 0.2071 0.5230
vn -0.4644 -0.4538 0.7605
vn -0.6821 0.3553 0.6392
vn -0.0372 -0.3925 0.9190
vn -0.0016 -0.6129 0.7901
vn -0.3016 -0.1666 0.9388
vn -0.4526 0.5007 0.7379
vn -0.0361 0.1943 0.9803
vn 0.0553 -0.4234 0.9042
vn 0.1609 0.0320 0.9865
vn 0.1197 0.2207 0.9680
vn -0.1068 0.3826 0.9177
vn -0.7119 0.4858 0.5071
vn -0.4801 0.6496 0.5895
vn -0.9415 0.3357 0.0294
vn -0.9488 -0.0868 -0.3037
vn -0.9251 -0.3220 -0.2015
vn -0.7490 0.6624 -0.0148
vn -0.8520 0.4986 -0.1595
vn -0.6765 0.7357 0.0340
vn -0.7130 0.7000 0.0410
vn -0.8766 0.4573 -0.1499
vn -0.6525 0.7572 0.0279
vn -0.4506 0.8926 -0.0099
vn -0.4035 0.9056 0.1307
vn -0.5383 0.8427 -0.0028
vn -0.7632 0.6259 -0.1605
vn -0.9407 0.2537 -0.2252
vn -0.9119 0.3520 -0.2110
vn -0.8253 0.4879 -0.2843
vn -0.6830 0.6859 -0.2510
vn -0.7085 0.5981 -0.3747
vn -0.6848 0.7084 -0.1706
vn -0.6886 0.7252 0.0009
vn -0.4974 0.8476 0.1848
vn -0.7878 0.5627 0.2506
vn -0.8684 0.4708 -0.1558
vn -0.3602 0.6637 -0.6556
vn -0.6732 0.4711 -0.5699
vn -0.8621 0.4998 0.0833
vn -0.5303 0.8383 -0.1267
vn -0.2909 0.7177 -0.6327
vn -0.2184 0.3022 -0.9279
vn -0.2640 0.6796 -0.6845
vn -0.4098 0.4778 -0.7770
vn -0.3161 0.9294 -0.1904
vn -0.1870 0.9812 -0.0485
vn -0.3137 0.9448 -0.0946
vn -0.9519 0.2912 0.0955
vn -0.7140 0.6732 0.1923
vn -0.9286 0.2173 0.3007
vn -0.9578 0.2684 0.1031
vn -0.9461 0.2546 0.2004
vn -0.9083 0.3148 0.2756
vn -0.8905 0.4132 0.1906
vn -0.9002 0.4281 -0.0801
vn -0.8021 0.5910 -0.0860
vn -0.8110 0.5841 -0.0323
vn -0.8758 0.4691 0.1133
vn -0.6168 0.7565 0.2176
vn -0.8164 0.5661 0.1138
vn -0.7000 0.7140 0.0150
vn -0.5816 0.7984 0.1562
vn -0.8967 0.3515 0.2692
vn -0.5939 0.7653 -0.2480
vn -0.4736 0.8807 -0.0095
vn -0.6408 0.6833 -0.3499
vn -0.5806 0.7130 -0.3930
vn -0.5616 0.8233 -0.0824
vn -0.4752 0.8659 -0.1562
vn -0.4320 0.8748 -0.2195
vn -0.6027 0.7642 -0.2296
vn -0.5808 0.7215 -0.3769
vn -0.5177 0.8101 -0.2751
vn -0.3804 0.9237 -0.0446
vn -0.3590 0.9333 -0.0037
vn -0.3231 0.9462 -0.0179
vn -0.0391 0.8603 -0.5083
vn 0.0097 0.9126 -0.4088
vn -0.0242 0.9029 -0.4291
vn -0.1029 0.8518 -0.5136
vn 0.0863 0.8696 -0.4861
vn 0.0539 0.8956 -0.4415
vn -0.0197 0.8916 -0.4523
vn 0.0396 0.8981 -0.4381
vn -0.1105 0.9776 -0.1792
vn 0.0855 0.9161 -0.3918
vn -0.1122 0.9723 -0.2052
vn 0.0327 0.9420 -0.3339
vn 0.1747 0.9489 -0.2629
vn 0.2379 0.9702 -0.0465
vn 0.4677 0.8827 0.0450
vn 0.4724 0.8546 -0.2155
vn 0.1865 0.9061 -0.3797
vn 0.0176 0.9909 0.1331
vn 0.3454 0.9242 -0.1627
vn 0.3346 0.8813 0.3338
vn -0.2278 0.9285 0.2932
vn -0.2382 0.9204 -0.3100
vn 0.1098 0.9929 0.0448
vn -0.3269 0.9450 0.0069
vn -0.3764 0.9264 -0.0116
vn 0.1137 0.7801 0.6153
vn 0.1633 0.9844 -0.0650
vn -0.2121 0.9720 -0.1012
vn 0.1771 0.9817 0.0696
vn 0.3276 0.9445 0.0234
vn -0.2092 0.9776 -0.0250
vn -0.6102 0.7894 -0.0674
vn -0.5607 0.7974 -0.2229
vn -0.5849 0.7905 -0.1816
vn -0.7170 0.6901 0.0981
vn -0.8112 0.4531 0.3697
vn -0.1425 0.9883 -0.0545
vn 0.0252 0.9808 -0.1936
vn -0.1058 0.9388 -0.3279
vn 0.1160 0.9927 -0.0322
vn 0.0011 0.9855 0.1697
vn -0.1221 0.9432 0.3089
vn 0.0317 0.9995 0.0068
vn -0.1474 0.9668 0.2087
vn -0.0832 0.9784 0.1892
vn 0.0157 0.9868 0.1610
vn 0.0049 0.9685 0.2489
vn 0.4040 0.9131 -0.0558
vn 0.3594 0.8903 0.2798
vn 0.3436 0.9203 0.1873
vn 0.3561 0.9313 0.0767
vn 0.4147 0.9091 0.0395
vn 0.3627 0.9227 -0.1306
vn 0.4083 0.9062 0.1096
vn 0.4533 0.8827 -0.1236
vn 0.0191 0.9530 -0.3024
vn -0.2198 0.9566 0.1911
vn 0.3978 0.8912 -0.2179
vn 0.1212 0.8430 -0.5241
vn 0.2349 0.9017 -0.3630
vn 0.2018 0.9771 -0.0674
vn 0.1042 0.8831 -0.4575
vn 0.0826 0.8497 -0.5208
vn -0.4991 0.7336 -0.4612
vn -0.3722 0.7636 -0.5276
vn -0.6633 0.6091 -0.4347
vn -0.6518 0.7220 -0.2321
vn -0.5793 0.7794 -0.2388
vn -0.1337 0.9709 -0.1988
vn -0.5156 0.8262 0.2272
vn 0.0075 0.8703 0.4924
vn 0.2523 0.9645 0.0779
vn 0.1318 0.8875 -0.4415
vn -0.5163 0.8369 -0.1820
vn -0.4592 0.8773 0.1394
vn -0.3076 0.9511 0.0277
vn 0.2898 0.8158 0.5005
vn 0.0674 0.9655 0.2516
vn -0.6137 0.6369 0.4666
vn -0.1294 0.6439 0.7541
vn -0.2239 0.5394 0.8118
vn -0.4647 0.1821 0.8666
vn -0.3368 0.4488 0.8277
vn 0.2408 0.3634 0.9000
vn -0.0944 -0.2284 0.9690
vn 0.1167 -0.2344 0.9651
vn 0.1919 0.3449 0.9188
vn 0.1314 0.2936 0.9469
vn 0.2053 0.6715 0.7120
vn 0.1169 -0.7493 0.6519
vn 0.6304 -0.3986 0.6662
vn 0.3067 -0.4528 0.8372
vn -0.2139 -0.7318 0.6471
vn -0.0907 -0.5336 0.8408
vn 0.3220 -0.4421 0.8372
vn 0.2037 0.2133 0.9555
vn -0.1759 0.0507 0.9831
vn -0.0504 0.3572 0.9327
vn 0.0740 0.5391 0.8390
vn 0.5240 0.1171 0.8436
vn 0.1845 0.4437 0.8770
vn 0.2483 0.2719 0.9297
vn 0.6045 0.1451 0.7832
vn 0.6795 0.1856 0.7098
vn 0.2839 0.2923 0.9132
vn 0.4524 0.5788 0.6785
vn 0.1961 0.7250 0.6602
vn -0.2109 0.0965 0.9727
vn -0.0063 0.7293 0.6841
vn -0.1739 0.8946 0.4115
vn -0.1160 0.8853 0.4504
vn -0.0207 0.8386 0.5443
vn -0.2723 0.5266 0.8053
vn -0.2984 0.9291 0.2183
vn -0.6722 0.5930 0.4433
vn -0.4772 0.7882 0.3886
vn -0.0760 0.9968 0.0242
vn 0.1154 0.9452 0.3054
vn -0.0036 0.8616 0.5076
vn 0.0806 0.6510 0.7548
vn 0.2279 0.7632 0.6046
vn 0.1177 0.5823 0.8044
vn 0.2458 0.7530 0.6103
vn 0.3646 0.6849 0.6308
vn 0.4714 0.6363 0.6106
vn 0.2569 0.8904 0.3758
vn 0.1671 0.4720 0.8656
vn 0.1783 0.8178 0.5472
vn 0.0403 0.2946 0.9548
vn 0.0679 0.2092 0.9755
vn 0.0638 0.0060 0.9979
vn 0.4649 0.3296 0.8217
vn 0.4680 0.5232 0.7122
vn 0.4854 0.0123 0.8742
vn 0.3851 0.1811 0.9049
vn -0.0859 0.7634 0.6401
vn 0.0169 0.7533 0.6575
vn -0.1837 0.9784 0.0947
vn -0.2581 0.8857 0.3859
vn -0.2399 0.9308 -0.2758
vn 0.1195 0.3891 0.9134
vn -0.1665 0.3160 0.9340
vn -0.2410 0.2159 0.9462
vn 0.0354 0.4780 0.8776
vn 0.4121 0.3938 0.8217
vn 0.3983 0.4056 0.8227
vn 0.4662 0.5733 0.6737
vn 0.5717 0.2681 0.7754
vn 0.5369 0.2511 0.8054
vn 0.5526 0.2467 0.7961
vn 0.4451 0.5215 0.7280
vn 0.1726 0.3805 0.9086
vn 0.4896 0.3592 0.7945
vn 0.4735 0.5731 0.6689
vn 0.4234 0.6118 0.6682
vn 0.4804 0.3504 0.8040
vn 0.4161 0.2926 0.8610
vn 0.4744 0.1952 0.8584
vn 0.4095 0.3994 0.8202
vn 0.4941 0.4499 0.7440
vn 0.4420 0.2422 0.8637
vn 0.5201 0.3407 0.7832
vn 0.4202 0.2354 0.8764
vn 0.1280 -0.3481 0.9287
vn 0.4352 0.0732 0.8973
vn 0.7550 0.0253 0.6552
vn 0.8631 0.4226 0.2764
vn 0.4441 0.6447 0.6222
vn 0.3014 0.2686 0.9149
vn 0.6097 -0.1225 0.7831
vn 0.5273 -0.0104 0.8496
vn 0.3268 -0.1858 0.9266
vn 0.2684 -0.0491 0.9620
vn 0.3339 0.2172 0.9172
vn -0.1687 -0.0058 0.9856
vn -0.3685 0.2136 0.9048
vn -0.1776 0.2959 0.9386
vn -0.3452 -0.5735 0.7429
vn -0.6314 0.4678 0.6184
vn -0.7055 -0.2165 0.6748
vn -0.1235 0.8012 0.5855
vn -0.6612 0.5852 0.4695
vn -0.6650 0.6425 0.3809
vn 0.0983 0.7960 0.5973
vn -0.0262 0.7332 0.6795
vn 0.4237 0.7104 0.5620
vn 0.5070 0.7140 0.4829
vn 0.2665 0.5777 0.7715
vn 0.4420 0.6120 0.6558
vn 0.5280 0.7093 0.4670
vn 0.5826 0.4937 0.6456
vn 0.4227 0.7772 0.4662
vn 0.1050 0.9691 0.2230
vn 0.2739 0.9614 0.0243
vn 0.2990 0.9056 0.3007
vn 0.1007 0.9470 0.3050
vn 0.2372 0.7923 0.5622
vn 0.2599 0.7748 0.5763
vn 0.0825 0.8166 0.5713
vn 0.4592 0.8818 0.1079
vn 0.5985 0.6078 0.5220
vn 0.9982 0.0576 -0.0156
vn 0.9181 0.2140 -0.3335
vn 0.5132 0.7062 -0.4878
vn 0.6768 0.6241 -0.3905
vn 0.9781 0.2031 -0.0455
vn 0.4614 0.7247 0.5118
vn 0.3371 0.8583 -0.3870
vn -0.2866 0.8388 -0.4629
vn -0.7084 0.5887 -0.3895
vn -0.3102 0.8533 -0.4191
vn -0.5816 0.8036 -0.1261
vn -0.1506 0.9709 0.1860
vn 0.2183 0.7406 0.6355
vn 0.5538 0.5435 0.6309
vn 0.6101 0.6663 0.4286
vn -0.3955 0.8450 -0.3599
vn 0.3842 0.8799 -0.2798
vn 0.1095 0.8450 -0.5234
vn -0.4371 0.7576 -0.4848
vn -0.7563 0.5885 -0.2859
vn -0.3273 0.8690 -0.3711
vn -0.7498 0.6325 -0.1942
vn -0.3733 0.8845 -0.2800
vn -0.3971 0.9177 0.0145
vn -0.6194 0.7662 0.1710
vn -0.3636 0.8566 0.3662
vn 0.1409 0.9143 -0.3797
vn -0.7004 0.7137 0.0085
vn -0.1996 0.9628 -0.1822
vn -0.4127 0.7607 -0.5011
vn 0.0161 0.8050 -0.5930
vn 0.0002 0.7442 -0.6679
vn -0.4613 0.8618 0.2109
vn -0.0370 0.9988 -0.0313
vn 0.2713 0.7651 -0.5839
vn 0.1357 0.9848 -0.1082
vn -0.2792 0.9554 0.0966
vn -0.2979 0.7896 0.5365
vn -0.2973 0.8987 0.3223
vn 0.5219 0.7320 0.4380
vn 0.2908 0.9243 0.2471
vn 0.7433 0.6514 0.1522
vn 0.2859 0.8096 0.5127
vn -0.0266 0.8986 0.4379
vn 0.1991 0.5905 0.7821
vn 0.3377 0.4341 0.8352
vn 0.2928 0.7410 0.6043
vn -0.1825 0.9775 0.1053
vn 0.1894 0.9335 0.3046
vn 0.0106 0.9459 -0.3242
vn 0.0974 0.9935 0.0580
vn 0.3592 0.9200 0.1568
vn 0.6630 0.7485 0.0143
vn 0.4586 0.8513 0.2548
vn 0.4379 0.8700 -0.2265
vn 0.1334 0.8760 -0.4635
vn 0.0754 0.8102 -0.5814
vn 0.0244 0.7278 -0.6853
vn 0.2530 0.9390 -0.2329
vn 0.0754 0.9093 -0.4091
vn 0.3262 0.9449 -0.0280
vn 0.2512 0.8561 -0.4517
vn 0.4348 0.8578 -0.2742
vn 0.0025 0.9780 -0.2085
vn 0.2121 0.9516 -0.2223
vn 0.0806 0.9741 -0.2112
vn -0.2538 0.9361 -0.2434
vn -0.1825 0.7043 -0.6860
vn 0.0344 0.6539 -0.7558
vn -0.2798 0.8330 -0.4773
vn 0.1032 0.8719 -0.4787
vn 0.8108 0.5390 -0.2283
vn 0.8134 0.5734 -0.0981
vn 0.8316 0.5425 -0.1191
vn 0.7757 0.6310 0.0112
vn 0.8870 0.4587 -0.0525
vn 0.8896 0.3815 -0.2509
vn 0.8194 0.2606 -0.5105
vn 0.6411 0.4847 -0.5950
vn 0.8766 0.4772 -0.0612
vn 0.6050 0.2688 -0.7495
vn 0.2250 0.4796 -0.8481
vn 0.2436 0.4588 -0.8545
vn 0.3458 0.3574 -0.8676
vn 0.7791 0.4535 -0.4328
vn 0.9180 0.3929 -0.0543
vn 0.8434 0.3929 -0.3664
vn 0.5808 0.1196 -0.8052
vn 0.9682 0.1846 -0.1690
vn 0.9496 0.3122 -0.0289
vn 0.9079 0.4193 -0.0015
vn 0.9460 0.3214 -0.0426
vn 0.8618 0.5021 0.0720
vn 0.9819 0.1632 -0.0965
vn 0.9463 0.2742 -0.1712
vn 0.9596 0.2502 0.1288
vn 0.9869 0.1220 0.1057
vn 0.9393 0.3123 0.1421
vn 0.9853 0.1564 -0.0682
vn 0.9280 0.3263 -0.1799
vn 0.6795 0.2524 -0.6889
vn 0.6323 0.5373 -0.5581
vn 0.8282 0.4103 -0.3818
vn 0.7396 0.6730 -0.0051
vn 0.5138 0.5680 -0.6430
vn 0.6985 0.5573 0.4490
vn 0.5794 0.3988 0.7108
vn 0.3756 0.1081 0.9205
vn 0.7855 0.1650 0.5964
vn 0.2582 -0.0119 -0.9660
vn 0.4537 0.2503 -0.8552
vn 0.3861 0.3451 -0.8555
vn 0.2483 0.4251 -0.8704
vn 0.3453 0.1181 -0.9310
vn -0.2821 0.0801 -0.9560
vn 0.0424 -0.1788 -0.9830
vn -0.0485 0.4383 -0.8975
vn 0.3486 -0.0271 -0.9369
vn 0.2029 -0.0734 -0.9765
vn -0.3413 -0.2346 -0.9102
vn -0.1658 0.0110 -0.9861
vn 0.2581 -0.0109 -0.9660
vn 0.2057 -0.0440 -0.9776
vn 0.3857 0.1559 -0.9094
vn 0.3507 0.1893 -0.9171
vn 0.4732 0.0061 -0.8810
vn 0.4728 0.0823 -0.8773
vn 0.5416 0.2739 -0.7947
vn 0.5852 0.6142 -0.5294
vn 0.6143 0.3931 -0.6842
vn 0.6292 0.5034 -0.5922
vn 0.5995 0.0470 -0.7990
vn 0.5474 0.6299 -0.5509
vn 0.3313 -0.4559 -0.8260
vn 0.5234 -0.0587 -0.8501
vn 0.7406 0.5132 -0.4338
vn 0.5852 0.7186 -0.3757
vn 0.6385 0.7289 -0.2471
vn 0.5228 0.5950 -0.6104
vn 0.2846 0.8910 -0.3538
vn 0.3131 0.6516 -0.6909
vn 0.8082 0.5885 0.0222
vn 0.7707 0.6158 0.1638
vn 0.7903 0.5485 0.2731
vn 0.7216 0.6812 -0.1239
vn 0.8218 0.5357 -0.1942
vn 0.8185 0.5647 0.1060
vn 0.7976 0.5792 0.1686
vn 0.8887 0.4180 0.1886
vn 0.7937 0.5605 0.2365
vn 0.6809 0.6310 0.3719
vn 0.7127 0.5208 0.4698
vn 0.6421 0.5871 0.4930
vn 0.8528 0.4555 0.2555
vn 0.8931 0.3518 0.2805
vn 0.7084 0.6031 0.3668
vn 0.9415 0.3230 0.0960
vn 0.9655 0.0725 0.2500
vn 0.9005 0.2620 0.3470
vn 0.4412 0.5470 0.7114
vn 0.4339 0.1682 0.8851
vn 0.7191 0.2364 0.6535
vn 0.5805 -0.6268 0.5198
vn 0.7976 -0.5776 0.1737
vn 0.9782 -0.2034 0.0419
vn 0.5893 0.4224 0.6887
vn 0.3636 0.4199 0.8315
vn 0.5745 0.6398 0.5105
vn 0.4065 0.6116 0.6787
vn 0.3776 0.3027 0.8751
vn 0.1042 0.3809 0.9187
vn 0.0644 0.1809 0.9814
vn 0.2715 0.4314 0.8603
vn 0.1400 0.1889 0.9720
vn 0.3899 -0.0992 0.9155
vn 0.1944 0.2171 0.9566
vn -0.0595 0.5340 0.8434
vn 0.3487 0.1825 0.9193
vn 0.1622 0.2680 0.9497
vn 0.5696 -0.3534 0.7421
vn 0.4619 -0.4517 0.7633
vn 0.4541 0.1439 0.8793
vn 0.6711 0.4122 0.6162
vn 0.9028 0.1036 0.4175
vn 0.0676 -0.0594 0.9959
vn 0.2933 0.4200 0.8588
vn 0.0542 0.3759 0.9251
vn 0.2210 0.6131 0.7584
vn 0.0093 0.6963 0.7177
vn 0.3280 0.0211 0.9444
vn -0.1271 0.8387 0.5296
vn 0.3201 0.7697 0.5524
vn 0.4941 0.5707 0.6558
vn 0.3473 0.6839 0.6417
vn 0.2382 0.8333 0.4989
vn 0.3705 0.4843 0.7926
vn 0.4454 0.6884 0.5724
vn -0.0842 0.9380 0.3362
vn 0.0780 0.7471 0.6601
vn -0.2363 0.8612 0.4500
vn -0.1412 0.5318 0.8350
vn 0.3003 0.8284 0.4728
vn 0.8411 0.3965 0.3679
vn 0.2088 0.3283 0.9212
vn 0.5510 0.4545 0.6999
vn 0.4866 0.3100 0.8168
vn 0.7275 -0.6765 0.1145
vn 0.4913 -0.8658 -0.0956
vn 0.9723 -0.1188 -0.2011
vn 0.7097 -0.3606 -0.6052
vn 0.7782 0.4226 -0.4646
vn 0.7247 -0.6723 -0.1508
vn 0.3503 -0.9365 0.0136
vn 0.7184 -0.6936 -0.0526
vn 0.5633 -0.7264 -0.3938
vn 0.5389 -0.7131 -0.4483
vn 0.5410 -0.8359 0.0922
vn 0.6398 -0.7245 -0.2562
vn 0.4400 -0.7189 -0.5382
vn 0.2655 -0.9638 0.0244
vn 0.5392 -0.8354 -0.1068
vn 0.3750 -0.9263 -0.0353
vn 0.4198 -0.8906 -0.1749
vn 0.4617 -0.8570 -0.2289
vn 0.6015 -0.6944 -0.3950
vn 0.2199 -0.9444 -0.2444
vn 0.2367 -0.9397 -0.2469
vn 0.2685 -0.9195 -0.2870
vn 0.1558 -0.9865 0.0498
vn 0.3465 -0.9333 -0.0938
vn 0.2787 -0.9581 0.0653
vn 0.2745 -0.8870 -0.3712
vn 0.2468 -0.8821 -0.4012
vn 0.2522 -0.9662 -0.0541
vn 0.2444 -0.9531 -0.1783
vn 0.0106 -0.9645 -0.2638
vn -0.2070 -0.9487 -0.2390
vn 0.0837 -0.9910 0.1046
vn -0.3728 -0.9254 -0.0686
vn -0.0837 -0.9582 0.2737
vn -0.0086 -0.9497 0.3130
vn 0.2310 -0.9477 -0.2202
vn 0.3471 -0.9107 0.2238
vn 0.5479 -0.7667 0.3346
vn 0.3575 -0.9337 0.0222
vn 0.5976 -0.7992 -0.0647
vn 0.5341 -0.8400 -0.0955
vn 0.5832 -0.8090 -0.0729
vn 0.4268 -0.8927 -0.1444
vn 0.5766 -0.7971 0.1796
vn 0.5598 -0.7739 0.2961
vn 0.4349 -0.9002 -0.0224
vn 0.4949 -0.8630 -0.1012
vn 0.5473 -0.8275 -0.1253
vn 0.6260 -0.7729 0.1035
vn 0.6710 -0.7214 -0.1713
vn 0.5196 -0.7433 -0.4214
vn 0.4536 -0.8848 -0.1065
vn 0.4651 -0.8029 -0.3728
vn 0.2629 -0.7280 -0.6332
vn 0.1894 -0.6991 -0.6895
vn 0.3698 -0.4975 -0.7847
vn 0.1179 -0.9771 -0.1774
vn 0.1494 -0.9037 -0.4012
vn 0.6208 -0.2131 -0.7545
vn 0.6541 -0.5093 -0.5593
vn 0.7226 -0.6097 -0.3256
vn 0.7271 -0.5425 -0.4207
vn 0.4879 -0.2616 -0.8328
vn 0.7333 0.0331 -0.6791
vn 0.8206 -0.4071 -0.4011
vn 0.8842 0.0536 -0.4641
vn 0.6575 0.3251 -0.6797
vn -0.0941 -0.8992 -0.4274
vn 0.3278 -0.4770 -0.8155
vn 0.6053 -0.0970 -0.7901
vn 0.2928 -0.8326 -0.4701
vn 0.8305 0.0298 -0.5562
vn 0.7102 0.4027 -0.5775
vn 0.7469 0.4119 -0.5221
vn 0.7563 -0.4712 -0.4539
vn 0.7658 0.3068 -0.5652
vn 0.5875 -0.7316 -0.3459
vn 0.6986 -0.1008 -0.7084
vn 0.4861 0.5091 -0.7103
vn 0.6187 0.3023 -0.7251
vn 0.7405 -0.4899 -0.4600
vn 0.6539 0.0058 -0.7565
vn 0.5546 0.4561 -0.6960
vn 0.5060 0.4801 -0.7166
vn 0.5881 0.3746 -0.7168
vn 0.4167 0.3785 -0.8265
vn 0.2094 0.7134 -0.6688
vn 0.3110 0.8544 -0.4163
vn 0.4476 0.5822 -0.6788
vn 0.4489 0.7015 -0.5535
vn 0.4319 0.8607 -0.2697
vn 0.6897 0.5235 -0.5002
vn 0.8919 0.3823 -0.2416
vn 0.7042 0.7098 -0.0160
vn 0.4388 0.8299 -0.3445
vn 0.4198 0.9070 -0.0333
vn 0.5505 0.8346 0.0187
vn 0.5402 0.8384 0.0719
vn 0.6885 0.7247 -0.0284
vn 0.3018 0.7196 -0.6253
vn 0.5890 0.8062 -0.0556
vn 0.5502 0.6188 -0.5607
vn 0.4888 -0.8289 -0.2720
vn 0.4891 -0.8417 -0.2287
vn 0.5452 -0.7579 -0.3582
vn 0.2434 -0.9648 -0.0997
vn 0.5462 -0.7723 0.3244
vn 0.4254 -0.9041 -0.0409
vn 0.6703 -0.4647 0.5786
vn 0.7811 -0.5610 0.2741
vn 0.7791 -0.4467 0.4399
vn 0.7818 -0.6082 0.1374
vn 0.7375 -0.6547 0.1657
vn 0.8585 -0.4263 0.2851
vn 0.7617 -0.6401 -0.1002
vn 0.6299 -0.5068 -0.5885
vn 0.9727 0.0057 -0.2319
vn 0.6491 0.3143 -0.6928
vn 0.9423 0.3250 0.0807
vn 0.8377 0.3516 -0.4179
vn 0.7841 0.5930 -0.1835
vn 0.9818 -0.0909 -0.1665
vn 0.6277 -0.3126 -0.7129
vn 0.6469 -0.7503 -0.1360
vn 0.6725 -0.7119 -0.2024
vn 0.6448 -0.5827 -0.4947
vn 0.5928 -0.0193 -0.8051
vn 0.6210 -0.2617 -0.7388
vn 0.6055 -0.0702 -0.7927
vn 0.4774 0.1215 -0.8703
vn 0.7095 0.5445 -0.4473
vn 0.6159 0.7295 -0.2975
vn 0.4615 0.8070 -0.3685
vn 0.4778 0.8488 -0.2265
vn -0.0381 -0.4393 -0.8975
vn 0.1637 -0.5329 -0.8302
vn 0.2146 -0.4501 -0.8668
vn 0.3584 -0.3748 -0.8550
vn -0.1469 -0.4078 -0.9012
vn -0.3225 -0.6240 -0.7118
vn -0.2305 -0.7036 -0.6722
vn 0.0707 -0.5930 -0.8021
vn 0.1334 -0.6882 -0.7131
vn -0.0532 -0.4554 -0.8887
vn -0.2851 -0.4634 -0.8391
vn -0.2441 -0.4793 -0.8430
vn -0.0658 -0.4589 -0.8861
vn -0.1351 -0.6012 -0.7876
vn -0.2660 -0.7111 -0.6508
vn -0.2851 -0.9176 -0.2769
vn -0.3382 -0.9057 -0.2557
vn -0.2780 -0.6669 -0.6913
vn -0.0482 -0.8319 -0.5529
vn -0.1933 -0.8820 -0.4298
vn -0.0691 -0.8912 -0.4483
vn 0.1302 -0.6601 -0.7398
vn 0.5200 -0.8541 -0.0061
vn 0.5163 -0.8462 0.1316
vn 0.5833 -0.8064 0.0975
vn 0.6877 -0.7239 -0.0552
vn 0.2461 -0.8338 -0.4942
vn 0.2811 -0.9388 -0.1994
vn 0.4390 -0.8782 -0.1897
vn 0.1847 -0.9431 -0.2763
vn 0.1055 -0.9063 -0.4092
vn 0.3634 -0.8902 -0.2748
vn 0.6083 -0.7922 0.0495
vn 0.4986 -0.8432 -0.2008
vn 0.7524 -0.6510 -0.1007
vn 0.5811 -0.7911 0.1913
vn 0.6760 -0.6419 0.3619
vn 0.7056 -0.3412 0.6210
vn 0.7017 -0.6547 0.2810
vn -0.0956 -0.2278 -0.9690
vn -0.5043 -0.1559 -0.8494
vn -0.3531 -0.4432 -0.8239
vn -0.1939 -0.5224 -0.8304
vn -0.1746 -0.1741 -0.9691
vn -0.1361 -0.1480 -0.9796
vn -0.4588 -0.2479 -0.8532
vn -0.1071 -0.2230 -0.9689
vn 0.0710 -0.2702 -0.9602
vn 0.2332 -0.2852 -0.9297
vn 0.3499 -0.3504 -0.8688
vn -0.1941 -0.2497 -0.9487
vn -0.4300 -0.4796 -0.7649
vn -0.6543 0.0324 -0.7555
vn -0.6642 -0.0469 -0.7461
vn -0.4347 -0.1747 -0.8835
vn -0.3391 -0.3619 -0.8683
vn -0.5089 -0.4756 -0.7175
vn -0.4728 -0.7907 -0.3889
vn -0.3390 -0.5471 -0.7653
vn -0.3889 -0.5472 -0.7412
vn -0.4087 -0.8182 -0.4045
vn -0.0620 -0.7239 -0.6872
vn 0.0729 -0.7025 -0.7079
vn 0.2553 -0.8815 -0.3972
vn -0.2061 -0.6006 -0.7725
vn 0.0004 -0.5478 -0.8366
vn -0.3234 -0.3841 -0.8648
vn -0.2596 0.0281 -0.9653
vn -0.0759 0.0822 -0.9937
vn 0.4097 -0.4960 -0.7656
vn 0.3827 -0.0033 -0.9239
vn 0.5172 -0.6883 -0.5087
vn 0.5443 -0.8159 -0.1947
vn 0.2435 -0.4745 -0.8459
vn -0.2493 -0.7863 -0.5653
vn -0.1674 -0.8176 -0.5509
vn -0.3688 -0.6219 -0.6909
vn 0.1832 -0.3490 -0.9191
vn 0.1547 -0.7271 -0.6689
vn 0.5630 -0.6938 -0.4492
vn 0.3964 -0.7072 -0.5855
vn 0.2192 -0.9387 -0.2660
vn 0.5162 -0.8419 -0.1572
vn 0.7187 -0.6648 -0.2036
vn 0.6920 -0.7219 -0.0033
vn 0.6384 -0.7455 0.1917
vn 0.5608 -0.8161 -0.1395
vn -0.2065 -0.8922 -0.4016
vn 0.1473 -0.9868 0.0667
vn -0.0539 -0.9857 0.1595
vn -0.1745 -0.7914 -0.5859
vn 0.2485 -0.8459 0.4718
vn -0.0794 -0.6949 0.7147
vn 0.5361 -0.8237 0.1848
vn 0.2707 -0.9626 -0.0074
vn -0.1313 -0.8343 0.5354
vn 0.0926 -0.8464 0.5245
vn 0.4333 -0.9012 -0.0053
vn 0.6628 -0.7270 -0.1795
vn 0.5875 -0.8014 -0.1120
vn -0.2246 -0.5675 0.7921
vn 0.3037 -0.8556 0.4193
vn -0.1277 -0.7800 0.6126
vn -0.1991 -0.9004 0.3868
vn 0.2623 -0.7236 0.6384
vn 0.6089 -0.7279 0.3154
vn 0.6850 -0.6592 -0.3103
vn -0.0053 -0.8758 0.4827
vn 0.2452 -0.8609 0.4458
vn 0.7910 -0.3942 0.4678
vn 0.8814 -0.3414 -0.3265
vn 0.7644 -0.6335 0.1201
vn 0.6255 -0.4026 0.6683
vn 0.9173 -0.2515 0.3088
vn 0.6159 -0.4446 0.6503
vn 0.9309 -0.1369 0.3386
vn 0.8805 -0.3882 0.2721
vn 0.9917 -0.0276 -0.1258
vn -0.3391 0.0505 -0.9394
vn 0.9048 0.2500 -0.3447
vn -0.2477 0.1503 -0.9571
vn 0.7905 -0.1535 -0.5930
vn 0.8509 -0.5037 0.1490
vn 0.7893 -0.6114 -0.0567
vn 0.6284 -0.5235 -0.5754
vn 0.6509 -0.5790 -0.4910
vn 0.9239 -0.2057 0.3225
vn 0.9522 0.2194 -0.2127
vn 0.3003 0.0142 -0.9537
vn 0.4378 -0.4635 -0.7704
vn 0.8282 -0.4415 -0.3452
vn 0.6816 -0.6704 -0.2933
vn 0.6512 -0.5819 -0.4870
vn 0.6541 -0.7388 -0.1624
vn 0.6761 -0.6931 -0.2501
vn 0.4476 -0.8929 0.0499
vn -0.1314 -0.6336 -0.7624
vn 0.1504 -0.6849 -0.7129
vn 0.1213 -0.7163 -0.6871
vn -0.1174 -0.6219 -0.7742
vn -0.1455 -0.6664 -0.7313
vn 0.0806 -0.7899 -0.6080
vn -0.1111 -0.7476 -0.6548
vn -0.2661 -0.7384 -0.6197
vn -0.2043 -0.8541 -0.4783
vn -0.1278 -0.9740 -0.1873
vn 0.4067 -0.6802 -0.6098
vn 0.0440 -0.9888 -0.1424
vn -0.2910 -0.9474 0.1336
vn -0.1018 -0.9239 0.3687
vn 0.1471 -0.9538 -0.2621
vn 0.3921 -0.5945 -0.7020
vn 0.3779 -0.5945 -0.7098
vn 0.3447 -0.7844 -0.5157
vn 0.1923 -0.7512 -0.6314
vn -0.2726 -0.9593 0.0737
vn -0.3021 -0.9248 -0.2311
vn -0.1633 -0.8326 -0.5292
vn -0.2332 -0.7527 -0.6157
vn 0.0539 -0.6423 -0.7645
vn -0.1546 -0.9522 0.2635
vn -0.3001 -0.9454 0.1269
vn -0.0177 -0.8231 0.5675
vn -0.0369 -0.9809 0.1912
vn -0.3172 -0.9472 -0.0467
vn -0.0977 -0.9917 -0.0839
vn -0.1842 -0.9734 -0.1365
vn -0.0573 -0.9959 0.0695
vn -0.2225 -0.9684 -0.1126
vn -0.2584 -0.8219 -0.5077
vn -0.2314 -0.9546 -0.1875
vn -0.3596 -0.9330 -0.0144
vn -0.3288 -0.9444 -0.0090
vn -0.0245 -0.9123 -0.4088
vn -0.2345 -0.9359 0.2629
vn -0.1958 -0.8065 0.5578
vn 0.3148 -0.9491 -0.0073
vn -0.1544 -0.7168 0.6800
vn -0.2101 -0.9192 0.3332
vn -0.2525 -0.9496 0.1859
vn -0.0919 -0.6611 0.7447
vn -0.1328 -0.7836 0.6069
vn -0.3140 -0.7128 0.6271
vn -0.4431 -0.8961 0.0276
vn -0.2932 -0.9558 0.0197
vn -0.3001 -0.9459 0.1232
vn -0.4090 -0.9101 0.0669
vn -0.3254 -0.9447 0.0412
vn -0.2034 -0.9668 0.1546
vn -0.3765 -0.9012 0.2148
vn 0.0073 -0.9940 0.1092
vn 0.2587 -0.8867 0.3832
vn -0.3655 -0.9286 0.0650
vn -0.1429 -0.9897 -0.0113
vn -0.3282 -0.9444 0.0206
vn -0.2830 -0.9402 0.1894
vn 0.1776 -0.9092 0.3766
vn 0.0323 -0.9920 0.1217
vn 0.0372 -0.9819 0.1856
vn 0.2938 -0.8578 0.4218
vn 0.0119 -0.9907 0.1356
vn 0.3061 -0.6309 -0.7129
vn -0.0796 -0.5806 -0.8103
vn -0.1195 -0.5952 -0.7946
vn 0.3921 -0.8379 -0.3797
vn 0.3894 -0.6093 -0.6907
vn 0.3427 -0.7479 -0.5684
vn 0.2793 -0.8237 -0.4934
vn 0.2691 -0.4725 -0.8393
vn 0.3776 -0.6741 -0.6348
vn 0.3897 -0.5359 -0.7490
vn 0.1444 -0.6015 -0.7857
vn 0.1600 -0.6909 -0.7050
vn 0.3774 -0.5169 -0.7684
vn 0.4238 -0.5940 -0.6838
vn -0.0213 -0.6106 -0.7917
vn 0.0139 -0.6099 -0.7924
vn 0.4548 -0.8778 -0.1506
vn 0.4979 -0.7170 -0.4878
vn 0.2195 -0.6404 -0.7360
vn 0.2312 -0.6759 -0.6998
vn 0.3535 -0.8932 -0.2780
vn 0.1670 -0.5872 -0.7920
vn 0.0616 -0.6943 -0.7171
vn -0.0456 -0.6722 -0.7390
vn 0.1412 -0.6143 -0.7763
vn 0.1161 -0.6973 -0.7074
vn -0.0699 -0.5598 -0.8257
vn 0.2585 -0.7628 -0.5927
vn 0.6303 -0.5405 -0.5573
vn 0.3693 -0.4590 -0.8080
vn 0.7139 -0.4899 -0.5004
vn -0.0030 -0.7833 -0.6217
vn 0.0265 -0.7741 -0.6325
vn 0.0147 -0.6366 -0.7711
vn -0.0803 -0.7745 -0.6275
vn -0.1472 -0.8754 -0.4605
vn -0.2332 -0.8489 -0.4743
vn 0.0430 -0.6515 -0.7575
vn 0.1299 -0.4815 -0.8668
vn 0.0858 -0.5708 -0.8166
vn 0.1402 -0.4773 -0.8675
vn 0.0358 -0.6599 -0.7505
vn 0.1329 -0.6575 -0.7416
vn 0.1574 -0.5290 -0.8339
vn 0.0932 -0.4367 -0.8948
vn 0.0652 -0.5079 -0.8590
vn 0.0332 -0.5921 -0.8052
vn 0.1150 -0.5413 -0.8329
vn 0.1001 -0.5479 -0.8305
vn -0.0667 -0.4137 -0.9080
vn 0.0801 -0.4875 -0.8695
vn 0.1475 -0.4590 -0.8761
vn 0.0208 -0.2440 -0.9696
vn 0.0136 -0.4142 -0.9101
vn -0.0202 -0.5394 -0.8418
vn -0.1073 -0.5316 -0.8402
vn 0.0469 -0.5891 -0.8067
vn -0.3045 0.5591 -0.7711
vn 0.0192 0.3004 -0.9536
vn -0.2348 0.4055 -0.8834
vn -0.4850 0.4779 -0.7324
vn -0.2736 0.8418 -0.4653
vn -0.0416 0.3688 -0.9286
vn 0.0336 0.2700 -0.9623
vn 0.1577 0.5189 -0.8402
vn -0.0492 0.7858 -0.6165
vn 0.2107 0.7875 -0.5792
vn 0.3508 0.6817 -0.6420
vn 0.2908 0.4408 -0.8492
vn 0.0491 0.2357 -0.9706
vn 0.2361 0.4219 -0.8753
vn 0.1175 0.6022 -0.7897
vn 0.0203 0.3892 -0.9209
vn 0.0459 0.3379 -0.9400
vn 0.0411 0.4032 -0.9142
vn -0.2317 0.3138 -0.9208
vn -0.2249 0.3893 -0.8932
vn -0.2869 0.3899 -0.8750
vn -0.4304 0.4860 -0.7607
vn -0.1098 0.6775 -0.7273
vn 0.1422 0.9498 -0.2785
vn -0.1558 0.8316 -0.5331
vn -0.1498 0.7601 -0.6323
vn -0.1527 0.6221 -0.7679
vn 0.0150 0.4872 -0.8732
vn 0.0397 0.8099 -0.5853
vn -0.0168 0.6698 -0.7424
vn 0.0125 0.5428 -0.8398
vn -0.0654 0.6007 -0.7968
vn 0.2598 0.9552 -0.1419
vn 0.0217 0.8925 -0.4505
vn 0.0982 0.9933 0.0607
vn -0.1919 0.9666 -0.1696
vn -0.2657 0.9419 0.2056
vn -0.2675 0.9611 0.0687
vn -0.1976 0.8665 -0.4584
vn 0.1512 0.7116 -0.6861
vn -0.1481 0.4403 -0.8855
vn 0.1744 0.3550 -0.9184
vn 0.3765 0.8320 -0.4075
vn -0.0174 0.8859 -0.4635
vn -0.2352 0.5796 -0.7802
vn -0.4431 0.7513 -0.4892
vn -0.0821 0.9498 -0.3020
vn -0.4070 0.8757 -0.2597
vn -0.3156 0.3128 -0.8959
vn -0.2773 0.3898 -0.8782
vn -0.1107 0.5327 -0.8391
vn -0.0797 0.5785 -0.8118
vn 0.2100 0.5358 -0.8178
vn 0.0016 0.6843 -0.7292
vn 0.1976 0.6686 -0.7169
vn 0.2456 0.6851 -0.6858
vn 0.0813 0.8632 -0.4983
vn 0.2041 0.8312 -0.5172
vn 0.0170 0.6110 -0.7915
vn -0.2933 0.9124 -0.2857
vn -0.1227 0.7347 -0.6672
vn -0.3571 0.8637 -0.3558
vn 0.0868 0.8841 -0.4592
vn 0.0504 0.8781 -0.4758
vn -0.3163 0.6878 -0.6533
vn -0.1219 0.5419 -0.8316
vn -0.1077 0.6277 -0.7710
vn -0.3198 0.7175 -0.6188
vn -0.4821 0.6509 -0.5864
vn -0.3989 0.7132 -0.5763
vn -0.3329 0.7213 -0.6074
vn -0.1581 0.7715 -0.6163
vn -0.1912 0.7978 -0.5719
vn 0.1553 0.6364 -0.7555
vn 0.0728 0.5925 -0.8023
vn -0.2503 0.6590 -0.7093
vn -0.0736 0.7766 -0.6257
vn 0.4193 0.6392 -0.6447
vn 0.4605 0.4953 -0.7366
vn 0.0771 0.7037 -0.7063
vn 0.4424 0.6788 -0.5861
vn 0.3689 0.6902 -0.6226
vn 0.1231 0.7355 -0.6662
vn -0.1522 0.8760 -0.4576
vn 0.5144 0.8017 -0.3043
vn 0.8118 0.3609 -0.4591
vn 0.5546 0.7764 -0.2994
vn 0.7454 0.6472 -0.1598
vn 0.4755 0.7288 -0.4928
vn 0.2648 0.6745 -0.6891
vn 0.4933 0.6242 -0.6059
vn 0.7786 0.4244 -0.4622
vn 0.4537 0.4070 -0.7928
vn 0.3862 0.1943 -0.9017
vn 0.7531 0.3743 -0.5411
vn 0.8219 0.2950 -0.4873
vn 0.7110 -0.1424 -0.6886
vn 0.2074 -0.3385 -0.9178
vn 0.8784 0.3202 -0.3548
vn 0.7763 0.6300 -0.0222
vn -0.2436 0.7033 -0.6679
vn -0.2319 0.4144 -0.8801
vn -0.1784 0.6498 -0.7389
vn -0.3027 0.9411 -0.1511
vn -0.2424 0.9133 -0.3274
vn 0.1414 0.9274 -0.3462
vn -0.2974 0.7789 -0.5521
vn 0.4613 0.8790 -0.1206
vn 0.1421 0.7411 -0.6562
vn 0.0131 0.7609 -0.6488
vn 0.3786 0.7793 -0.4994
vn 0.3715 0.7589 -0.5349
vn 0.3701 0.7129 -0.5957
vn -0.2395 0.6952 -0.6778
vn 0.0279 0.4102 -0.9116
vn 0.2747 0.8245 -0.4947
vn -0.2918 0.8774 -0.3809
vn 0.2406 0.9227 -0.3012
vn 0.4415 0.8593 -0.2582
vn -0.2698 0.8295 -0.4890
vn -0.1563 0.6590 -0.7358
vn 0.0395 0.2204 -0.9746
vn -0.1467 0.6692 -0.7285
vn -0.3060 0.4240 -0.8524
vn -0.3056 0.4672 -0.8297
vn -0.3145 0.6485 -0.6932
vn -0.4186 0.8235 -0.3830
vn 0.2060 0.6933 -0.6906
vn -0.2267 0.3924 -0.8914
vn 0.2986 0.6231 -0.7229
vn 0.4051 0.7092 -0.5770
vn 0.0846 0.6163 -0.7829
vn -0.1197 -0.0149 -0.9927
vn 0.2972 0.3931 -0.8701
vn -0.0536 0.0259 -0.9982
vn -0.2862 -0.3778 -0.8806
vn -0.2049 -0.1633 -0.9651
vn -0.2403 0.1675 -0.9561
vn -0.1567 -0.4119 -0.8977
vn -0.0338 -0.3703 -0.9283
vn 0.0006 0.0618 -0.9981
vn -0.1989 0.3380 -0.9199
vn 0.0275 -0.2484 -0.9683
vn -0.2442 0.0748 -0.9668
vn 0.0223 -0.1028 -0.9944
vn 0.4248 -0.1999 -0.8829
vn 0.3229 -0.0716 -0.9437
vn -0.1921 -0.2705 -0.9434
vn -0.4668 0.3319 -0.8197
vn -0.4004 -0.0448 -0.9152
vn -0.2374 0.2756 -0.9315
vn -0.3243 0.4520 -0.8310
vn -0.5454 0.1652 -0.8217
vn -0.4204 0.1841 -0.8884
vn -0.3856 -0.0738 -0.9197
vn -0.1492 -0.5120 -0.8459
vn 0.3532 -0.5875 -0.7281
vn 0.4133 0.4342 -0.8004
vn 0.5597 0.4609 -0.6887
vn 0.4909 0.4566 -0.7420
vn 0.6944 0.6099 -0.3820
vn 0.6990 0.6793 -0.2233
vn 0.6678 0.7439 0.0253
vn 0.3986 0.8435 -0.3599
vn 0.1898 0.8505 -0.4906
vn 0.4206 0.5816 -0.6963
vn 0.5670 0.5459 -0.6169
vn 0.2936 0.7705 -0.5657
vn 0.3991 0.5310 -0.7475
vn 0.0674 0.3627 -0.9295
vn -0.0197 0.4276 -0.9038
vn 0.0165 0.3799 -0.9249
vn 0.1272 0.7281 -0.6735
vn 0.1639 0.5753 -0.8014
vn 0.2068 0.8508 -0.4831
vn 0.4567 0.6543 -0.6028
vn 0.2009 0.2945 -0.9343
vn -0.0384 0.4084 -0.9120
vn 0.0244 0.2781 -0.9602
vn -0.1829 0.8730 -0.4521
vn -0.0654 0.8948 -0.4417
vn -0.0771 0.9592 -0.2721
vn -0.1794 0.7959 -0.5782
vn 0.1321 0.7334 -0.6669
vn -0.2086 0.5812 -0.7865
vn -0.0054 0.6290 -0.7774
vn 0.2701 0.7040 -0.6568
vn 0.0443 0.9714 -0.2335
vn 0.2173 0.8848 -0.4123
vn 0.2030 0.8636 -0.4615
vn 0.2963 0.9527 -0.0680
vn -0.0225 0.9265 -0.3757
vn 0.0112 0.7855 -0.6188
vn 0.3124 0.7401 -0.5955
vn 0.2923 0.4065 -0.8656
vn 0.3244 0.7697 -0.5498
vn -0.0630 0.9050 -0.4208
vn 0.4577 0.8266 -0.3274
vn 0.1263 0.4986 -0.8576
vn -0.0326 0.5996 -0.7996
vn 0.0687 0.7676 -0.6372
vn -0.1083 0.5582 -0.8226
vn -0.0724 0.3047 -0.9497
vn -0.0367 0.0892 -0.9953
vn -0.4071 0.5493 -0.7297
vn -0.3898 0.1566 -0.9075
vn -0.2709 0.2915 -0.9174
vn -0.2825 0.9385 -0.1984
vn 0.4602 0.4796 -0.7471
vn 0.2852 0.1707 -0.9431
vn 0.3504 0.7234 -0.5949
vn 0.6384 0.0130 -0.7696
vn 0.3593 -0.1755 -0.9166
vn 0.7100 -0.3680 -0.6004
vn -0.0550 -0.2955 -0.9537
vn 0.0348 -0.2937 -0.9553
vn -0.0289 0.0342 -0.9990
vn 0.0529 0.1406 -0.9887
vn 0.1651 0.6271 -0.7612
vn -0.0080 0.5858 -0.8104
vn -0.1684 0.4188 -0.8923
vn -0.1913 0.1265 -0.9733
vn -0.1624 0.4551 -0.8755
vn -0.1080 0.1189 -0.9870
vn -0.1461 -0.2326 -0.9615
vn -0.0389 -0.3344 -0.9416
vn -0.1625 -0.0742 -0.9839
vn -0.2707 0.1315 -0.9536
vn -0.2831 0.3692 -0.8852
vn -0.3995 -0.3154 0.8607
vn -0.1490 0.1495 0.9775
vn -0.3646 -0.1607 0.9172
vn -0.5444 0.0246 0.8385
vn -0.5400 -0.2197 0.8125
vn -0.3027 -0.5248 0.7955
vn -0.1909 -0.1976 0.9615
vn -0.3387 0.0892 0.9366
vn -0.2362 -0.0807 0.9684
vn -0.2670 -0.4986 0.8247
vn -0.3924 0.0137 0.9197
vn 0.4085 0.0078 0.9127
vn 0.2370 -0.2952 0.9256
vn -0.3814 -0.0272 0.9240
vn -0.0041 0.0962 0.9953
vn -0.2134 -0.3448 0.9141
vn -0.0428 -0.2086 0.9771
vn -0.3353 -0.0761 0.9390
vn -0.1171 -0.3002 0.9467
vn -0.3742 0.0022 0.9273
vn -0.5286 -0.3477 0.7744
vn -0.3521 0.3618 0.8632
vn -0.3666 0.1707 0.9146
vn -0.4252 0.7113 0.5597
vn -0.4319 0.6824 0.5897
vn -0.5264 -0.0674 0.8475
vn -0.2657 0.0514 0.9627
vn -0.1309 -0.1880 0.9734
vn 0.0264 0.1452 0.9890
vn 0.1964 0.2712 0.9423
vn -0.1216 0.0220 0.9923
vn -0.5552 0.4789 0.6801
vn -0.0968 0.2724 0.9573
vn 0.3743 0.3468 0.8600
vn 0.4151 0.6028 0.6814
vn -0.5074 0.8564 0.0949
vn -0.1104 0.9669 0.2300
vn -0.1521 0.9614 0.2293
vn 0.5590 0.1277 0.8192
vn 0.6690 -0.2407 0.7032
vn 0.6603 -0.4328 0.6138
vn 0.4710 -0.0370 0.8814
vn 0.3395 0.2931 0.8938
vn 0.4517 0.3517 0.8199
vn 0.1781 0.4194 0.8901
vn 0.4176 -0.1265 0.8998
vn 0.5458 -0.2630 0.7956
vn 0.7934 0.0655 0.6051
vn 0.8802 -0.1535 0.4490
vn 0.8169 -0.2922 0.4972
vn 0.5428 -0.2298 0.8078
vn 0.8121 0.1969 0.5493
vn 0.3978 0.2910 0.8701
vn 0.6042 0.4496 0.6579
vn 0.4240 0.4039 0.8106
vn 0.3707 0.5257 0.7657
vn 0.9342 0.2450 0.2593
vn 0.9164 0.1399 0.3751
vn 0.8433 0.2628 0.4689
vn 0.5376 0.4040 0.7401
vn 0.3298 0.6289 0.7041
vn 0.3103 0.7400 0.5968
vn -0.2631 0.0786 0.9616
vn -0.1601 -0.3610 0.9187
vn -0.1318 -0.2314 0.9639
vn -0.3952 -0.6189 0.6788
vn -0.4809 -0.2037 0.8528
vn -0.4211 -0.0659 0.9046
vn -0.1428 0.2168 0.9657
vn -0.4870 0.1012 0.8675
vn -0.0699 -0.1520 0.9859
vn -0.1390 -0.2047 0.9689
vn 0.1817 -0.2480 0.9516
vn 0.2122 -0.4719 0.8557
vn 0.2819 -0.5804 0.7639
vn 0.2661 -0.2698 0.9254
vn 0.1877 0.1927 0.9631
vn 0.1289 -0.4074 0.9041
vn 0.2132 0.0012 0.9770
vn 0.0301 -0.5962 0.8023
vn -0.0149 -0.7708 0.6369
vn 0.1318 -0.8335 0.5365
vn 0.0233 -0.2160 0.9761
vn -0.1662 -0.6901 0.7044
vn -0.0509 -0.7983 0.6001
vn -0.0334 -0.7586 0.6507
vn -0.0951 -0.7477 0.6572
vn -0.1100 -0.1757 0.9783
vn 0.1171 -0.2081 0.9711
vn 0.0401 -0.6199 0.7836
vn -0.1901 -0.3808 0.9049
vn 0.0991 -0.1929 0.9762
vn -0.1715 -0.3886 0.9053
vn 0.0513 -0.3310 0.9422
vn 0.1548 -0.3890 0.9082
vn 0.2781 -0.5321 0.7997
vn 0.4111 -0.6116 0.6759
vn -0.2331 0.7687 0.5956
vn 0.2527 0.4580 0.8523
vn 0.0967 0.3765 0.9214
vn 0.0410 0.9262 0.3747
vn 0.3958 0.3698 0.8406
vn 0.1429 0.8769 0.4589
vn 0.5649 -0.0646 0.8226
vn 0.3384 0.3395 0.8776
vn 0.5181 -0.0111 0.8552
vn 0.3851 -0.1576 0.9093
vn 0.4062 0.0332 0.9132
vn 0.3582 -0.3793 0.8531
vn 0.1113 -0.3268 0.9385
vn 0.0408 -0.2241 0.9737
vn -0.1402 -0.4119 0.9004
vn 0.2346 0.1291 0.9635
vn 0.2473 -0.1641 0.9549
vn 0.3205 0.3406 0.8839
vn 0.1523 -0.2539 0.9552
vn 0.0470 -0.5085 0.8598
vn -0.0845 -0.6344 0.7684
vn -0.2523 -0.7673 0.5896
vn -0.5999 -0.1922 0.7766
vn -0.5748 -0.5687 0.5884
vn -0.4605 -0.0581 0.8858
vn -0.4865 -0.4153 0.7686
vn -0.1581 -0.8744 0.4587
vn 0.0591 -0.5741 0.8166
vn 0.1448 -0.8793 0.4537
vn 0.1613 -0.8555 0.4921
vn 0.1910 -0.7044 0.6836
vn -0.0407 -0.0203 0.9990
vn -0.3629 -0.3160 0.8766
vn -0.0018 -0.4048 0.9144
vn -0.0656 -0.3682 0.9274
vn -0.3158 -0.1219 0.9410
vn -0.6371 -0.1607 0.7538
vn -0.2608 -0.4227 0.8679
vn -0.6893 -0.3842 0.6142
vn -0.5019 0.1117 0.8577
vn -0.6876 -0.4812 0.5437
vn -0.0872 -0.6196 0.7801
vn -0.5937 -0.6144 0.5197
vn -0.7401 -0.5733 0.3515
vn -0.6322 -0.1858 0.7522
vn -0.2307 -0.4209 0.8773
vn -0.1017 -0.4726 0.8754
vn -0.0300 -0.4470 0.8940
vn -0.0699 -0.2654 0.9616
vn -0.0210 -0.6264 0.7792
vn -0.1189 -0.6033 0.7886
vn -0.1612 -0.6939 0.7018
vn -0.0798 -0.5899 0.8035
vn -0.3458 -0.7032 0.6213
vn -0.4713 -0.8223 0.3190
vn -0.5979 -0.8015 -0.0048
vn -0.1404 -0.5298 0.8364
vn -0.0814 -0.5679 0.8191
vn 0.0197 -0.6756 0.7370
vn -0.0147 -0.7024 0.7116
vn 0.4061 -0.4683 0.7847
vn 0.4439 -0.5398 0.7152
vn 0.2754 -0.3536 0.8939
vn 0.2361 -0.5791 0.7803
vn 0.2570 -0.3842 0.8867
vn -0.0407 -0.4560 0.8890
vn 0.1038 -0.5871 0.8028
vn 0.0516 -0.5699 0.8201
vn 0.0183 -0.4472 0.8943
vn -0.1022 -0.3625 0.9264
vn 0.0110 -0.5307 0.8475
vn -0.1469 -0.5754 0.8046
vn -0.1430 -0.3696 0.9181
vn 0.0474 -0.4906 0.8701
vn 0.2386 -0.3036 0.9224
vn 0.2806 -0.7088 0.6472
vn 0.0481 -0.9719 0.2303
vn -0.1611 -0.8350 0.5261
vn -0.0371 -0.8351 0.5489
vn -0.2306 -0.9718 -0.0494
vn -0.2747 -0.2256 0.9347
vn -0.4572 -0.3176 0.8307
vn -0.2797 -0.6346 0.7204
vn -0.2242 0.0813 0.9711
vn -0.4037 -0.0590 0.9130
vn -0.2524 -0.2376 0.9380
vn -0.1828 -0.2419 0.9529
vn 0.0218 -0.6671 0.7446
vn 0.2903 -0.9069 0.3054
vn 0.2432 -0.8776 0.4131
vn 0.3947 -0.8387 -0.3753
vn 0.3505 -0.9363 0.0214
vn 0.4864 -0.7426 0.4604
vn -0.2558 -0.5157 0.8177
vn 0.4179 -0.7010 0.5779
vn 0.3468 -0.1564 0.9248
vn 0.4688 -0.7951 0.3848
vn 0.3437 -0.7965 0.4975
vn 0.4425 -0.7298 0.5212
vn 0.4434 -0.8421 0.3070
vn 0.3569 -0.8743 0.3289
vn 0.0809 -0.9895 0.1199
vn 0.4827 -0.8289 0.2828
vn 0.5424 -0.8098 0.2238
vn 0.4305 -0.9026 -0.0094
vn 0.5322 -0.8276 0.1787
vn 0.6052 -0.7704 0.2007
vn 0.4715 -0.7729 0.4246
vn 0.0301 -0.9815 0.1890
vn 0.5635 -0.7754 -0.2851
vn -0.2319 -0.7163 0.6581
vn 0.7539 -0.5317 -0.3859
vn 0.5622 -0.5768 -0.5927
vn -0.6087 -0.7921 -0.0467
vn 0.4666 -0.6659 -0.5821
vn 0.2534 -0.9528 -0.1673
vn -0.0160 -0.9958 -0.0900
vn 0.4725 -0.8812 0.0123
vn -0.3097 -0.9054 0.2903
vn -0.1312 -0.9024 0.4105
vn 0.4556 -0.8192 -0.3483
vn 0.0081 -0.9780 0.2083
vn -0.0445 -0.9122 0.4073
vn 0.4002 -0.9007 0.1693
vn -0.0704 -0.8939 0.4427
vn -0.0671 -0.9705 -0.2318
vn 0.1908 -0.9429 0.2729
vn 0.5012 -0.8647 0.0334
vn 0.6284 -0.7683 -0.1217
vn 0.6479 -0.7363 -0.1950
vn 0.6890 -0.6736 -0.2676
vn 0.6142 -0.7765 -0.1405
vn -0.9052 -0.3466 0.2460
vn -0.6179 0.6707 0.4103
vn 0.7995 0.5021 0.3296
vn -0.4204 0.7436 0.5199
vn 0.4477 -0.7183 -0.5326
vt 0.374140 0.838791
vt 0.391073 0.847869
vt 0.379602 0.852876
vt 0.366075 0.857230
vt 0.360484 0.843547
vt 0.368708 0.823677
vt 0.384743 0.834034
vt 0.405230 0.843303
vt 0.400097 0.826776
vt 0.381927 0.818156
vt 0.396098 0.809604
vt 0.418827 0.819106
vt 0.422659 0.835102
vt 0.399375 0.859320
vt 0.413221 0.856049
vt 0.427882 0.850056
vt 0.422469 0.865822
vt 0.409315 0.870857
vt 0.386926 0.864114
vt 0.397520 0.877680
vt 0.385777 0.886461
vt 0.375109 0.871313
vt 0.420902 0.883875
vt 0.423857 0.905633
vt 0.409437 0.891233
vt 0.397503 0.900387
vt 0.432670 0.877444
vt 0.433312 0.895604
vt 0.434983 0.861517
vt 0.445506 0.872265
vt 0.446441 0.889165
vt 0.461934 0.922209
vt 0.472547 0.908676
vt 0.461639 0.884032
vt 0.485624 0.899337
vt 0.507261 0.925953
vt 0.496061 0.940315
vt 0.452667 0.935511
vt 0.485968 0.954922
vt 0.443196 0.951710
vt 0.414764 0.920702
vt 0.437526 0.810920
vt 0.462254 0.817807
vt 0.439995 0.826059
vt 0.415410 0.803472
vt 0.434634 0.798172
vt 0.457298 0.803827
vt 0.483245 0.808817
vt 0.475089 0.794579
vt 0.453658 0.792651
vt 0.470002 0.782876
vt 0.491552 0.777592
vt 0.499107 0.793567
vt 0.471289 0.833074
vt 0.494510 0.821419
vt 0.506671 0.805996
vt 0.512200 0.816816
vt 0.503306 0.832467
vt 0.480006 0.844923
vt 0.446218 0.841701
vt 0.454816 0.854262
vt 0.489820 0.855664
vt 0.480582 0.877414
vt 0.466281 0.866465
vt 0.510050 0.842205
vt 0.502167 0.863993
vt 0.517724 0.825257
vt 0.523222 0.834458
vt 0.518353 0.851136
vt 0.526797 0.861578
vt 0.528853 0.843793
vt 0.535905 0.853859
vt 0.544753 0.866836
vt 0.541089 0.875942
vt 0.516912 0.875240
vt 0.500794 0.889479
vt 0.528359 0.901205
vt 0.518410 0.912920
vt 0.024275 0.242941
vt 0.039988 0.261127
vt 0.023193 0.260096
vt 0.022835 0.276363
vt 0.006080 0.275044
vt 0.005780 0.255996
vt 0.027753 0.225259
vt 0.040842 0.244634
vt 0.011801 0.222534
vt 0.016894 0.203124
vt 0.033044 0.206161
vt 0.044784 0.227417
vt 0.059381 0.245573
vt 0.062613 0.229012
vt 0.050460 0.209609
vt 0.068432 0.213105
vt 0.082394 0.230441
vt 0.077408 0.246892
vt 0.058719 0.261637
vt 0.076935 0.262650
vt 0.059922 0.277944
vt 0.040448 0.278194
vt 0.101999 0.249524
vt 0.126632 0.266296
vt 0.100134 0.265092
vt 0.100207 0.279427
vt 0.078799 0.278975
vt 0.104372 0.232462
vt 0.128398 0.254261
vt 0.091062 0.212723
vt 0.112682 0.215116
vt 0.136821 0.225762
vt 0.131356 0.241259
vt 0.155214 0.246747
vt 0.159276 0.230627
vt 0.181181 0.248465
vt 0.175652 0.261089
vt 0.152433 0.258523
vt 0.150677 0.268762
vt 0.173353 0.271289
vt 0.149886 0.279354
vt 0.057183 0.157323
vt 0.058478 0.192004
vt 0.039106 0.189019
vt 0.022856 0.183865
vt 0.035181 0.156310
vt 0.082206 0.126923
vt 0.079051 0.161130
vt 0.060706 0.117310
vt 0.096145 0.087889
vt 0.117416 0.105396
vt 0.106718 0.136921
vt 0.100634 0.167413
vt 0.126409 0.146645
vt 0.137840 0.118551
vt 0.152084 0.131340
vt 0.142458 0.156340
vt 0.120186 0.178211
vt 0.081798 0.194594
vt 0.104202 0.199860
vt 0.136040 0.189248
vt 0.141634 0.206005
vt 0.123197 0.203768
vt 0.154783 0.170154
vt 0.152354 0.192861
vt 0.162186 0.143175
vt 0.171701 0.154428
vt 0.166907 0.178705
vt 0.170039 0.197506
vt 0.181244 0.185601
vt 0.183903 0.167207
vt 0.195443 0.177145
vt 0.197438 0.191683
vt 0.190731 0.205001
vt 0.163551 0.211805
vt 0.185459 0.219794
vt 0.044086 0.295907
vt 0.028808 0.316348
vt 0.024331 0.295872
vt 0.009895 0.319024
vt 0.005691 0.296969
vt 0.063524 0.294854
vt 0.048229 0.314085
vt 0.083117 0.295174
vt 0.069354 0.312124
vt 0.054772 0.333129
vt 0.075232 0.330542
vt 0.088066 0.311634
vt 0.094515 0.328323
vt 0.097262 0.343954
vt 0.077524 0.349354
vt 0.035580 0.336616
vt 0.039414 0.357352
vt 0.016230 0.340674
vt 0.044805 0.379246
vt 0.068360 0.395101
vt 0.051195 0.401205
vt 0.026763 0.387850
vt 0.021025 0.363743
vt 0.062503 0.373498
vt 0.084324 0.370672
vt 0.105288 0.366064
vt 0.095142 0.390853
vt 0.079974 0.416721
vt 0.104135 0.408053
vt 0.114735 0.384655
vt 0.122665 0.395652
vt 0.132372 0.410706
vt 0.115511 0.426528
vt 0.095178 0.436192
vt 0.061051 0.421480
vt 0.076850 0.443015
vt 0.046766 0.429356
vt 0.035960 0.408763
vt 0.100752 0.297115
vt 0.130314 0.302386
vt 0.104568 0.311198
vt 0.127595 0.289470
vt 0.149925 0.290351
vt 0.171635 0.281404
vt 0.170052 0.291522
vt 0.170806 0.306087
vt 0.149741 0.302845
vt 0.132193 0.319918
vt 0.151268 0.320147
vt 0.172675 0.321817
vt 0.153570 0.335010
vt 0.134618 0.337141
vt 0.112064 0.325350
vt 0.116083 0.339123
vt 0.139398 0.354999
vt 0.128689 0.379006
vt 0.120960 0.359991
vt 0.159636 0.350187
vt 0.148105 0.370308
vt 0.175473 0.334281
vt 0.178937 0.348651
vt 0.166943 0.365468
vt 0.155428 0.382337
vt 0.173272 0.376270
vt 0.183096 0.363541
vt 0.186900 0.373828
vt 0.182322 0.385496
vt 0.168603 0.391846
vt 0.135393 0.388036
vt 0.150672 0.400955
vt 0.361013 0.785484
vt 0.379382 0.801120
vt 0.364113 0.804560
vt 0.354177 0.826805
vt 0.349211 0.807511
vt 0.357741 0.767426
vt 0.377414 0.781942
vt 0.344466 0.787685
vt 0.337422 0.768488
vt 0.342548 0.747405
vt 0.360130 0.747532
vt 0.376079 0.765593
vt 0.394538 0.778332
vt 0.392362 0.762362
vt 0.376577 0.745825
vt 0.392036 0.743729
vt 0.408140 0.758337
vt 0.411304 0.774852
vt 0.396343 0.794454
vt 0.413493 0.788969
vt 0.431765 0.783738
vt 0.444918 0.765066
vt 0.449387 0.779086
vt 0.427840 0.770050
vt 0.423286 0.754875
vt 0.406225 0.741843
vt 0.419882 0.738748
vt 0.440596 0.749796
vt 0.465506 0.761328
vt 0.460375 0.743300
vt 0.438478 0.730677
vt 0.456030 0.726447
vt 0.476912 0.727026
vt 0.483323 0.744159
vt 0.466105 0.772017
vt 0.487448 0.764287
vt 0.370293 0.708458
vt 0.379285 0.726704
vt 0.364355 0.726818
vt 0.348232 0.725203
vt 0.354944 0.705173
vt 0.379677 0.689145
vt 0.383139 0.710662
vt 0.362489 0.684823
vt 0.377408 0.659860
vt 0.396975 0.666318
vt 0.397153 0.691034
vt 0.400488 0.708942
vt 0.411063 0.690850
vt 0.411691 0.671970
vt 0.422528 0.675865
vt 0.422864 0.690454
vt 0.414837 0.704231
vt 0.392774 0.726393
vt 0.407309 0.726010
vt 0.428056 0.701663
vt 0.438383 0.714206
vt 0.423180 0.718722
vt 0.434984 0.690755
vt 0.441854 0.700772
vt 0.432098 0.678333
vt 0.442986 0.680904
vt 0.446966 0.692053
vt 0.456067 0.700408
vt 0.458124 0.692459
vt 0.453215 0.682770
vt 0.463098 0.683785
vt 0.471082 0.690870
vt 0.470893 0.699841
vt 0.454903 0.712212
vt 0.472513 0.711597
vt 0.579881 0.541686
vt 0.560311 0.563911
vt 0.552562 0.551509
vt 0.571904 0.520954
vt 0.607688 0.526078
vt 0.612980 0.540913
vt 0.585979 0.554683
vt 0.566812 0.576321
vt 0.591431 0.566941
vt 0.618629 0.554338
vt 0.596834 0.578220
vt 0.572758 0.588142
vt 0.540805 0.585674
vt 0.548684 0.596606
vt 0.521555 0.608219
vt 0.511876 0.597922
vt 0.532432 0.571870
vt 0.520779 0.555772
vt 0.500882 0.585351
vt 0.489320 0.570845
vt 0.505962 0.537193
vt 0.542413 0.534497
vt 0.455947 0.592013
vt 0.442549 0.628193
vt 0.428109 0.618638
vt 0.442402 0.573496
vt 0.469397 0.604845
vt 0.454104 0.634844
vt 0.481854 0.614834
vt 0.492122 0.622902
vt 0.465227 0.640099
vt 0.434404 0.657112
vt 0.444322 0.660721
vt 0.423985 0.652468
vt 0.410914 0.645629
vt 0.393959 0.634296
vt 0.605047 0.600022
vt 0.577863 0.598458
vt 0.601068 0.588461
vt 0.628660 0.578433
vt 0.631239 0.589991
vt 0.608767 0.611013
vt 0.582050 0.608553
vt 0.634195 0.603137
vt 0.612827 0.622749
vt 0.588883 0.630000
vt 0.585467 0.618519
vt 0.560585 0.616916
vt 0.563826 0.626436
vt 0.565961 0.638449
vt 0.542223 0.638012
vt 0.537591 0.627484
vt 0.555302 0.607463
vt 0.530346 0.617682
vt 0.502026 0.630945
vt 0.485629 0.652282
vt 0.476009 0.645542
vt 0.511485 0.640162
vt 0.495196 0.660811
vt 0.518982 0.650648
vt 0.545112 0.650498
vt 0.523610 0.662512
vt 0.501657 0.669665
vt 0.475824 0.671278
vt 0.483249 0.676559
vt 0.471440 0.684531
vt 0.465567 0.667716
vt 0.454537 0.664232
vt 0.306289 0.553607
vt 0.282747 0.522316
vt 0.312219 0.524621
vt 0.340376 0.554349
vt 0.336745 0.581362
vt 0.299120 0.581363
vt 0.273909 0.548844
vt 0.241804 0.513236
vt 0.235268 0.532382
vt 0.230733 0.552422
vt 0.200442 0.536722
vt 0.205565 0.517538
vt 0.251492 0.493277
vt 0.219380 0.482456
vt 0.228185 0.465946
vt 0.263390 0.467973
vt 0.289941 0.494025
vt 0.317451 0.494920
vt 0.296666 0.466089
vt 0.324185 0.467693
vt 0.352354 0.475978
vt 0.352581 0.493739
vt 0.348188 0.522520
vt 0.323000 0.441250
vt 0.306696 0.427604
vt 0.325090 0.427217
vt 0.344267 0.430597
vt 0.347608 0.451976
vt 0.301374 0.443682
vt 0.277917 0.426946
vt 0.272324 0.446972
vt 0.238673 0.448148
vt 0.248546 0.430621
vt 0.284172 0.410588
vt 0.256429 0.412668
vt 0.263323 0.398665
vt 0.290019 0.399455
vt 0.312746 0.414697
vt 0.328649 0.416617
vt 0.316719 0.404989
vt 0.333116 0.406763
vt 0.345158 0.419785
vt 0.171895 0.502923
vt 0.153622 0.470609
vt 0.180580 0.484040
vt 0.211507 0.499315
vt 0.151484 0.533591
vt 0.132659 0.488106
vt 0.123129 0.455184
vt 0.102752 0.464471
vt 0.104730 0.514194
vt 0.079294 0.484094
vt 0.061137 0.456540
vt 0.138741 0.445588
vt 0.153546 0.429849
vt 0.166190 0.455851
vt 0.188944 0.468535
vt 0.177701 0.443373
vt 0.200898 0.455546
vt 0.213125 0.441681
vt 0.203641 0.412179
vt 0.224712 0.427466
vt 0.190317 0.425921
vt 0.184901 0.401276
vt 0.169371 0.412183
vt 0.195454 0.393265
vt 0.190184 0.381744
vt 0.201826 0.386421
vt 0.212614 0.401840
vt 0.232425 0.412090
vt 0.217915 0.392419
vt 0.238662 0.397838
vt 0.381154 0.522949
vt 0.430474 0.539177
vt 0.382126 0.559391
vt 0.432796 0.565102
vt 0.379956 0.574674
vt 0.422871 0.493884
vt 0.379456 0.497622
vt 0.377181 0.478879
vt 0.414504 0.475937
vt 0.464578 0.498935
vt 0.460570 0.484451
vt 0.456589 0.471644
vt 0.486313 0.464238
vt 0.489699 0.473022
vt 0.492428 0.484370
vt 0.468654 0.516071
vt 0.429420 0.516549
vt 0.495462 0.499406
vt 0.499661 0.518022
vt 0.472718 0.538228
vt 0.512074 0.471106
vt 0.535783 0.474740
vt 0.516183 0.485057
vt 0.542743 0.491716
vt 0.522348 0.503671
vt 0.509105 0.461395
vt 0.529144 0.461312
vt 0.506663 0.455908
vt 0.520661 0.447874
vt 0.524299 0.453058
vt 0.546734 0.441817
vt 0.540349 0.436675
vt 0.558909 0.430660
vt 0.564291 0.435655
vt 0.553195 0.450755
vt 0.558381 0.462936
vt 0.576618 0.452613
vt 0.584183 0.472053
vt 0.562840 0.481096
vt 0.373656 0.458409
vt 0.402186 0.443074
vt 0.406959 0.459538
vt 0.368060 0.439009
vt 0.396101 0.428986
vt 0.363524 0.424513
vt 0.348127 0.408433
vt 0.364500 0.413631
vt 0.396197 0.416604
vt 0.440167 0.429974
vt 0.434705 0.416669
vt 0.465863 0.424261
vt 0.469969 0.436390
vt 0.446646 0.444999
vt 0.451795 0.459266
vt 0.475775 0.447404
vt 0.481591 0.455910
vt 0.502632 0.452192
vt 0.512571 0.444318
vt 0.517321 0.446506
vt 0.496584 0.445913
vt 0.506029 0.437115
vt 0.489971 0.437533
vt 0.485016 0.426422
vt 0.501052 0.425668
vt 0.519993 0.431332
vt 0.514968 0.422092
vt 0.535299 0.412878
vt 0.543724 0.416502
vt 0.526489 0.435330
vt 0.534578 0.434853
vt 0.549550 0.423466
vt 0.553776 0.426334
vt 0.642565 0.511135
vt 0.677069 0.513301
vt 0.646031 0.527122
vt 0.602465 0.506999
vt 0.639814 0.498193
vt 0.679287 0.491437
vt 0.710847 0.497422
vt 0.714764 0.474003
vt 0.677976 0.467489
vt 0.722238 0.450240
vt 0.750677 0.465790
vt 0.743479 0.489762
vt 0.709135 0.519117
vt 0.738224 0.514040
vt 0.735584 0.536907
vt 0.707514 0.538761
vt 0.676418 0.530717
vt 0.649156 0.542046
vt 0.675673 0.546531
vt 0.651486 0.555517
vt 0.652990 0.567270
vt 0.675062 0.573380
vt 0.654557 0.577922
vt 0.624379 0.566724
vt 0.674938 0.560278
vt 0.705819 0.570466
vt 0.706811 0.554705
vt 0.733303 0.551898
vt 0.732326 0.566732
vt 0.678066 0.585431
vt 0.706198 0.585151
vt 0.732718 0.579985
vt 0.709479 0.596258
vt 0.685083 0.600787
vt 0.657003 0.589704
vt 0.662323 0.606901
vt 0.778994 0.472344
vt 0.793811 0.501097
vt 0.771866 0.499343
vt 0.757216 0.445052
vt 0.786078 0.446921
vt 0.802845 0.476034
vt 0.819239 0.500723
vt 0.826367 0.479562
vt 0.811529 0.452807
vt 0.836711 0.458110
vt 0.848079 0.488869
vt 0.839966 0.506684
vt 0.810928 0.521493
vt 0.834193 0.522346
vt 0.827310 0.540125
vt 0.804082 0.541085
vt 0.787738 0.523927
vt 0.767081 0.521277
vt 0.783702 0.536126
vt 0.759741 0.533242
vt 0.756725 0.548738
vt 0.775672 0.561807
vt 0.754731 0.563678
vt 0.779778 0.547961
vt 0.794408 0.561624
vt 0.799468 0.551063
vt 0.816615 0.554754
vt 0.809581 0.564439
vt 0.790022 0.572078
vt 0.803830 0.573790
vt 0.798985 0.580841
vt 0.789107 0.582953
vt 0.773240 0.574558
vt 0.753637 0.576920
vt 0.771930 0.585269
vt 0.754161 0.588446
vt 0.934569 0.612748
vt 0.939584 0.590254
vt 0.949147 0.605487
vt 0.953327 0.581565
vt 0.963501 0.596744
vt 0.958210 0.622487
vt 0.942455 0.627378
vt 0.919324 0.617833
vt 0.926133 0.598226
vt 0.924295 0.631571
vt 0.906057 0.637132
vt 0.901181 0.625228
vt 0.895793 0.613881
vt 0.912306 0.604879
vt 0.917375 0.584504
vt 0.902469 0.591540
vt 0.887300 0.600961
vt 0.891104 0.577764
vt 0.906298 0.570591
vt 0.930458 0.576246
vt 0.919361 0.562283
vt 0.943144 0.566471
vt 0.906636 0.548542
vt 0.879697 0.543944
vt 0.889606 0.529239
vt 0.918137 0.535196
vt 0.931634 0.551715
vt 0.894773 0.558603
vt 0.880693 0.567258
vt 0.877205 0.587482
vt 0.867665 0.577111
vt 0.867715 0.555070
vt 0.850303 0.535100
vt 0.842597 0.549196
vt 0.858364 0.521363
vt 0.867709 0.505927
vt 0.881376 0.485191
vt 0.902324 0.512045
vt 0.861763 0.633265
vt 0.878882 0.622592
vt 0.882832 0.632228
vt 0.886904 0.642081
vt 0.866879 0.641725
vt 0.853540 0.636314
vt 0.858723 0.630516
vt 0.855608 0.644827
vt 0.840429 0.642825
vt 0.838890 0.637370
vt 0.852312 0.633572
vt 0.849559 0.627780
vt 0.833067 0.632096
vt 0.840120 0.616788
vt 0.852333 0.608547
vt 0.856850 0.623198
vt 0.873712 0.611131
vt 0.865748 0.597545
vt 0.843411 0.594104
vt 0.844453 0.576110
vt 0.856193 0.586164
vt 0.855463 0.566005
vt 0.830226 0.600915
vt 0.833191 0.582196
vt 0.825537 0.621670
vt 0.818468 0.605321
vt 0.822780 0.587714
vt 0.822283 0.571707
vt 0.813881 0.578700
vt 0.810640 0.592337
vt 0.804043 0.584488
vt 0.832049 0.563772
vt 0.684237 0.346047
vt 0.658315 0.355419
vt 0.662654 0.338879
vt 0.687457 0.323003
vt 0.710626 0.330624
vt 0.703664 0.353635
vt 0.677424 0.363349
vt 0.668630 0.381708
vt 0.695064 0.372131
vt 0.685922 0.389899
vt 0.676099 0.407844
vt 0.657766 0.400184
vt 0.650057 0.373446
vt 0.633033 0.364748
vt 0.627037 0.382125
vt 0.617523 0.360346
vt 0.639627 0.348119
vt 0.643352 0.330392
vt 0.621985 0.342209
vt 0.624790 0.322093
vt 0.643225 0.310482
vt 0.666460 0.315661
vt 0.603730 0.343959
vt 0.586243 0.322367
vt 0.603768 0.320843
vt 0.588532 0.296538
vt 0.605610 0.299782
vt 0.625504 0.305540
vt 0.598954 0.358054
vt 0.584691 0.343710
vt 0.609781 0.378032
vt 0.592272 0.374600
vt 0.581223 0.356286
vt 0.565533 0.343108
vt 0.561890 0.354907
vt 0.575632 0.372060
vt 0.557197 0.368093
vt 0.540138 0.362182
vt 0.540924 0.350885
vt 0.543785 0.339709
vt 0.569772 0.323216
vt 0.551785 0.320965
vt 0.554875 0.295546
vt 0.573161 0.297203
vt 0.624786 0.435750
vt 0.631662 0.409284
vt 0.646422 0.422031
vt 0.665111 0.428235
vt 0.644532 0.450076
vt 0.598168 0.446542
vt 0.610540 0.426222
vt 0.611281 0.465263
vt 0.587719 0.436829
vt 0.597569 0.417599
vt 0.578569 0.430032
vt 0.570681 0.441926
vt 0.569358 0.423145
vt 0.584220 0.410388
vt 0.615833 0.400638
vt 0.599127 0.395425
vt 0.571244 0.404593
vt 0.568519 0.386938
vt 0.583579 0.390641
vt 0.560407 0.419034
vt 0.560669 0.401311
vt 0.552606 0.414278
vt 0.549865 0.398319
vt 0.545907 0.408145
vt 0.540762 0.403495
vt 0.552831 0.383646
vt 0.540102 0.395451
vt 0.539841 0.380960
vt 0.667829 0.292146
vt 0.689273 0.270594
vt 0.688360 0.297037
vt 0.711333 0.276176
vt 0.714000 0.302214
vt 0.648649 0.287526
vt 0.667162 0.266747
vt 0.629471 0.283538
vt 0.631956 0.263765
vt 0.651901 0.264335
vt 0.667205 0.248243
vt 0.650290 0.246726
vt 0.632603 0.244094
vt 0.645393 0.227156
vt 0.661981 0.226615
vt 0.687041 0.249880
vt 0.680482 0.226165
vt 0.699467 0.222463
vt 0.707886 0.247840
vt 0.654105 0.206434
vt 0.659301 0.182585
vt 0.671393 0.203102
vt 0.674412 0.175575
vt 0.688807 0.198069
vt 0.639090 0.207776
vt 0.643105 0.187044
vt 0.631202 0.223814
vt 0.625613 0.206719
vt 0.630059 0.188888
vt 0.629853 0.170364
vt 0.619615 0.174070
vt 0.619557 0.189321
vt 0.611920 0.175961
vt 0.608088 0.163490
vt 0.616003 0.160696
vt 0.642325 0.165165
vt 0.626142 0.154762
vt 0.636477 0.144572
vt 0.655550 0.157984
vt 0.592552 0.277314
vt 0.611804 0.262237
vt 0.609843 0.280016
vt 0.576897 0.259860
vt 0.574810 0.276623
vt 0.556785 0.275360
vt 0.558322 0.257019
vt 0.577874 0.241008
vt 0.594370 0.259935
vt 0.558808 0.239878
vt 0.560016 0.222798
vt 0.579989 0.222146
vt 0.595737 0.241616
vt 0.612304 0.243372
vt 0.597365 0.222046
vt 0.614153 0.222270
vt 0.599224 0.203305
vt 0.608810 0.190202
vt 0.613005 0.203783
vt 0.584133 0.190918
vt 0.582536 0.205248
vt 0.562541 0.206833
vt 0.563792 0.192476
vt 0.596349 0.177318
vt 0.582155 0.178662
vt 0.564127 0.179837
vt 0.576384 0.168253
vt 0.589087 0.167781
vt 0.606185 0.176498
vt 0.600251 0.188960
vt 0.598822 0.167042
vt 0.603803 0.165682
vt 0.970981 0.659179
vt 0.947879 0.643514
vt 0.967756 0.640412
vt 0.973945 0.615226
vt 0.985694 0.637005
vt 0.968078 0.677916
vt 0.950613 0.661903
vt 0.985227 0.680279
vt 0.964765 0.698370
vt 0.951566 0.680123
vt 0.932053 0.663813
vt 0.932544 0.680721
vt 0.947779 0.697570
vt 0.932140 0.699464
vt 0.913581 0.681802
vt 0.912614 0.665497
vt 0.929000 0.647069
vt 0.909737 0.650384
vt 0.890951 0.653636
vt 0.874756 0.668082
vt 0.872341 0.654649
vt 0.893769 0.667929
vt 0.877941 0.680921
vt 0.895172 0.682652
vt 0.896786 0.697290
vt 0.877742 0.697932
vt 0.860394 0.670157
vt 0.862388 0.684841
vt 0.862311 0.702120
vt 0.848096 0.690472
vt 0.847276 0.675331
vt 0.857823 0.657635
vt 0.844442 0.662864
vt 0.841151 0.651613
vt 0.962193 0.720176
vt 0.943770 0.740290
vt 0.945422 0.718016
vt 0.981264 0.701829
vt 0.977536 0.723808
vt 0.960595 0.742627
vt 0.945573 0.761721
vt 0.959976 0.764472
vt 0.975081 0.746592
vt 0.973727 0.769046
vt 0.957608 0.787607
vt 0.926602 0.760265
vt 0.935724 0.785574
vt 0.916542 0.783910
vt 0.904753 0.762837
vt 0.906214 0.742112
vt 0.927228 0.737104
vt 0.927755 0.716723
vt 0.912905 0.718228
vt 0.912686 0.699555
vt 0.891409 0.716377
vt 0.870432 0.734120
vt 0.872737 0.717184
vt 0.883485 0.741384
vt 0.870630 0.752579
vt 0.885832 0.759146
vt 0.884209 0.775966
vt 0.870514 0.769784
vt 0.859364 0.746246
vt 0.858935 0.761933
vt 0.851259 0.755417
vt 0.850253 0.744455
vt 0.858901 0.732137
vt 0.860443 0.718929
vt 0.849498 0.721490
vt 0.848837 0.707022
vt 0.781082 0.922535
vt 0.800545 0.889710
vt 0.809926 0.906537
vt 0.817866 0.922088
vt 0.791810 0.944737
vt 0.754579 0.948854
vt 0.747864 0.930310
vt 0.772025 0.904141
vt 0.791025 0.874240
vt 0.763985 0.887831
vt 0.741840 0.913836
vt 0.735715 0.897723
vt 0.756639 0.873456
vt 0.782866 0.860629
vt 0.815622 0.862657
vt 0.807819 0.851296
vt 0.843869 0.840180
vt 0.825275 0.873436
vt 0.833633 0.886748
vt 0.857585 0.854251
vt 0.873667 0.866183
vt 0.844255 0.899509
vt 0.904134 0.849999
vt 0.908067 0.825578
vt 0.926326 0.834545
vt 0.923051 0.859577
vt 0.892076 0.877371
vt 0.888188 0.839993
vt 0.891855 0.816316
vt 0.872187 0.828509
vt 0.855881 0.817338
vt 0.876998 0.807502
vt 0.905326 0.802182
vt 0.889429 0.795575
vt 0.898545 0.781401
vt 0.921696 0.808894
vt 0.941112 0.816528
vt 0.963547 0.819059
vt 0.947312 0.841822
vt 0.748780 0.858700
vt 0.763878 0.836335
vt 0.773750 0.847688
vt 0.729886 0.883441
vt 0.723411 0.870278
vt 0.740978 0.845880
vt 0.756405 0.824111
vt 0.734331 0.834217
vt 0.716082 0.856675
vt 0.711882 0.843947
vt 0.708414 0.831576
vt 0.727763 0.821582
vt 0.750034 0.812429
vt 0.783475 0.809037
vt 0.775610 0.799807
vt 0.794707 0.789441
vt 0.802973 0.800670
vt 0.792934 0.818725
vt 0.800235 0.834509
vt 0.811605 0.811317
vt 0.820643 0.820053
vt 0.830383 0.829292
vt 0.841420 0.809338
vt 0.848454 0.791632
vt 0.862283 0.798838
vt 0.829622 0.801626
vt 0.837055 0.784250
vt 0.819859 0.791761
vt 0.811335 0.779595
vt 0.827754 0.773514
vt 0.851824 0.775113
vt 0.842594 0.765090
vt 0.863287 0.781879
vt 0.875477 0.788493
vt 0.466003 0.042234
vt 0.421350 0.057250
vt 0.426669 0.038586
vt 0.388603 0.034052
vt 0.430408 0.016204
vt 0.505135 0.053887
vt 0.467314 0.069556
vt 0.508001 0.022534
vt 0.540655 0.070527
vt 0.535919 0.086423
vt 0.504406 0.081383
vt 0.464984 0.091357
vt 0.498999 0.101235
vt 0.536406 0.101123
vt 0.532935 0.113090
vt 0.524542 0.125294
vt 0.492415 0.116182
vt 0.421989 0.080000
vt 0.458475 0.109718
vt 0.418266 0.104754
vt 0.385634 0.078893
vt 0.413456 0.130342
vt 0.438897 0.151626
vt 0.410343 0.146479
vt 0.383029 0.121534
vt 0.449822 0.128228
vt 0.474659 0.144966
vt 0.484031 0.130009
vt 0.516802 0.134950
vt 0.506030 0.146708
vt 0.461309 0.164982
vt 0.493240 0.159886
vt 0.482012 0.173904
vt 0.455735 0.182071
vt 0.436394 0.168987
vt 0.408572 0.161065
vt 0.409390 0.178724
vt 0.381157 0.172137
vt 0.380138 0.155921
vt 0.585187 0.131273
vt 0.563688 0.125230
vt 0.563108 0.113120
vt 0.566603 0.094567
vt 0.587674 0.113354
vt 0.608402 0.144814
vt 0.584061 0.144565
vt 0.610134 0.126292
vt 0.604930 0.155209
vt 0.586066 0.150153
vt 0.601834 0.159777
vt 0.598836 0.160060
vt 0.580676 0.150993
vt 0.561929 0.130693
vt 0.554718 0.135903
vt 0.545020 0.142598
vt 0.559128 0.152055
vt 0.534290 0.149842
vt 0.572422 0.151177
vt 0.590513 0.159591
vt 0.578246 0.158871
vt 0.564246 0.161432
vt 0.564307 0.169770
vt 0.552843 0.169572
vt 0.546456 0.159461
vt 0.523316 0.159017
vt 0.536050 0.169169
vt 0.511787 0.171611
vt 0.350889 0.031415
vt 0.316664 0.052192
vt 0.315486 0.030527
vt 0.350659 0.009775
vt 0.388327 0.012098
vt 0.351378 0.053397
vt 0.316573 0.076082
vt 0.352090 0.076475
vt 0.387461 0.056286
vt 0.352877 0.099497
vt 0.319855 0.099915
vt 0.281985 0.056555
vt 0.283087 0.085416
vt 0.285718 0.105652
vt 0.253699 0.098703
vt 0.245202 0.065660
vt 0.281255 0.030248
vt 0.245499 0.033934
vt 0.278212 0.007044
vt 0.312471 0.006931
vt 0.211034 0.081834
vt 0.176668 0.072783
vt 0.207559 0.050823
vt 0.169272 0.039822
vt 0.205941 0.019544
vt 0.216464 0.103958
vt 0.185300 0.098275
vt 0.231531 0.123332
vt 0.201410 0.126574
vt 0.193212 0.113478
vt 0.172459 0.122108
vt 0.181052 0.133858
vt 0.162798 0.109138
vt 0.150238 0.090884
vt 0.133790 0.063149
vt 0.354712 0.120088
vt 0.325917 0.137949
vt 0.323579 0.120050
vt 0.384234 0.102099
vt 0.354631 0.137352
vt 0.352747 0.156691
vt 0.380116 0.140470
vt 0.352758 0.175803
vt 0.325828 0.157100
vt 0.299854 0.158049
vt 0.325502 0.176279
vt 0.300243 0.177211
vt 0.276622 0.177758
vt 0.273656 0.162418
vt 0.296275 0.141511
vt 0.290816 0.123574
vt 0.267832 0.146207
vt 0.263251 0.132381
vt 0.258573 0.119056
vt 0.241195 0.139243
vt 0.227313 0.157213
vt 0.215828 0.142240
vt 0.245578 0.151450
vt 0.230970 0.167774
vt 0.249695 0.164407
vt 0.252946 0.179273
vt 0.213173 0.172199
vt 0.215753 0.182406
vt 0.203744 0.183880
vt 0.204090 0.161184
vt 0.190285 0.146104
vt 0.682895 0.945009
vt 0.711455 0.921303
vt 0.716234 0.937698
vt 0.721968 0.955239
vt 0.688452 0.963651
vt 0.651302 0.950659
vt 0.679651 0.928405
vt 0.657832 0.972349
vt 0.625426 0.978362
vt 0.622236 0.956349
vt 0.622557 0.938639
vt 0.646047 0.931218
vt 0.646120 0.918420
vt 0.622521 0.924531
vt 0.622801 0.914158
vt 0.645667 0.910441
vt 0.677707 0.914808
vt 0.706803 0.906406
vt 0.702417 0.892374
vt 0.668279 0.893480
vt 0.690042 0.866478
vt 0.698213 0.879039
vt 0.643597 0.902586
vt 0.658993 0.881454
vt 0.622000 0.905823
vt 0.639431 0.892975
vt 0.633655 0.880048
vt 0.619581 0.896501
vt 0.615782 0.885218
vt 0.628926 0.864506
vt 0.653070 0.865936
vt 0.687085 0.853600
vt 0.651048 0.851634
vt 0.682039 0.840613
vt 0.593692 0.964846
vt 0.567408 0.949773
vt 0.596646 0.945200
vt 0.590158 0.988487
vt 0.561175 0.967742
vt 0.534480 0.948846
vt 0.523561 0.966124
vt 0.551401 0.992779
vt 0.513047 0.991988
vt 0.543645 0.933500
vt 0.550515 0.919696
vt 0.571827 0.933888
vt 0.598977 0.930262
vt 0.575326 0.921030
vt 0.600401 0.918082
vt 0.600901 0.908191
vt 0.579340 0.897824
vt 0.600019 0.898303
vt 0.578109 0.909199
vt 0.559145 0.896270
vt 0.555506 0.907834
vt 0.536394 0.888012
vt 0.578669 0.886493
vt 0.561001 0.885379
vt 0.558102 0.871525
vt 0.575417 0.874303
vt 0.597373 0.886757
vt 0.593477 0.874035
vt 0.610755 0.872088
vt 0.634863 0.707634
vt 0.609732 0.705007
vt 0.632430 0.696726
vt 0.660838 0.701476
vt 0.637871 0.718666
vt 0.612726 0.714841
vt 0.587434 0.712504
vt 0.590623 0.722968
vt 0.615326 0.724465
vt 0.593948 0.733155
vt 0.568452 0.732550
vt 0.565101 0.721422
vt 0.583803 0.701871
vt 0.560319 0.710109
vt 0.556428 0.698211
vt 0.579669 0.689606
vt 0.602444 0.681822
vt 0.606472 0.694177
vt 0.629746 0.684987
vt 0.626726 0.671758
vt 0.655408 0.676256
vt 0.658388 0.689313
vt 0.623308 0.659033
vt 0.594164 0.656597
vt 0.620252 0.648788
vt 0.649097 0.651639
vt 0.652333 0.663621
vt 0.598088 0.669007
vt 0.571468 0.665558
vt 0.575190 0.676936
vt 0.552684 0.686892
vt 0.549799 0.675608
vt 0.568248 0.651819
vt 0.547351 0.663175
vt 0.592095 0.642436
vt 0.617542 0.635317
vt 0.637625 0.615224
vt 0.642455 0.628163
vt 0.646106 0.640350
vt 0.545915 0.741491
vt 0.518298 0.741742
vt 0.542000 0.731269
vt 0.551743 0.752465
vt 0.522067 0.752640
vt 0.498951 0.750444
vt 0.504203 0.762930
vt 0.528936 0.768246
vt 0.510147 0.779297
vt 0.485001 0.754612
vt 0.497465 0.739392
vt 0.496903 0.725557
vt 0.516435 0.729560
vt 0.537958 0.719650
vt 0.513604 0.716639
vt 0.534359 0.707530
vt 0.531096 0.696026
vt 0.507905 0.692305
vt 0.528421 0.684501
vt 0.511234 0.704504
vt 0.489701 0.698396
vt 0.492867 0.711074
vt 0.486781 0.686099
vt 0.505278 0.680207
vt 0.526543 0.673344
vt 0.690234 0.696333
vt 0.709269 0.675710
vt 0.713957 0.690383
vt 0.693374 0.709002
vt 0.663487 0.713649
vt 0.685855 0.683731
vt 0.679573 0.671500
vt 0.674650 0.659087
vt 0.705933 0.661291
vt 0.732350 0.665478
vt 0.727195 0.652601
vt 0.702956 0.649399
vt 0.723329 0.643263
vt 0.743615 0.638816
vt 0.750546 0.647679
vt 0.737258 0.679689
vt 0.757093 0.659436
vt 0.762044 0.672425
vt 0.743244 0.694155
vt 0.720032 0.702861
vt 0.786785 0.654447
vt 0.804753 0.656495
vt 0.786742 0.667566
vt 0.806830 0.669917
vt 0.788170 0.682397
vt 0.766675 0.686631
vt 0.783132 0.644367
vt 0.804149 0.647891
vt 0.777627 0.633588
vt 0.799468 0.628281
vt 0.803315 0.638982
vt 0.820772 0.642935
vt 0.817801 0.635555
vt 0.810048 0.623015
vt 0.823329 0.649424
vt 0.825644 0.659448
vt 0.670610 0.635027
vt 0.699617 0.639709
vt 0.673102 0.646978
vt 0.690559 0.615987
vt 0.666854 0.621592
vt 0.712326 0.612847
vt 0.696061 0.629129
vt 0.733554 0.610363
vt 0.717141 0.627672
vt 0.720406 0.636605
vt 0.734874 0.623379
vt 0.738250 0.631449
vt 0.770738 0.622139
vt 0.780711 0.604638
vt 0.789247 0.617699
vt 0.763662 0.609972
vt 0.775186 0.594685
vt 0.757576 0.599195
vt 0.734965 0.592159
vt 0.791585 0.589866
vt 0.797077 0.597168
vt 0.804404 0.606164
vt 0.725825 0.716518
vt 0.702475 0.737168
vt 0.696845 0.722493
vt 0.671543 0.741704
vt 0.666758 0.726769
vt 0.748823 0.708048
vt 0.730150 0.729785
vt 0.771390 0.701057
vt 0.774502 0.714402
vt 0.753632 0.722116
vt 0.757327 0.736309
vt 0.777310 0.728297
vt 0.779781 0.741097
vt 0.758960 0.750727
vt 0.734760 0.743844
vt 0.707879 0.752473
vt 0.736946 0.758891
vt 0.712482 0.766778
vt 0.683769 0.773897
vt 0.678018 0.757882
vt 0.715743 0.781287
vt 0.741596 0.784574
vt 0.719453 0.795645
vt 0.696684 0.804639
vt 0.689497 0.788070
vt 0.739299 0.772230
vt 0.763271 0.775117
vt 0.760202 0.763043
vt 0.781010 0.753869
vt 0.783867 0.765925
vt 0.769833 0.789181
vt 0.788611 0.777620
vt 0.745249 0.798803
vt 0.723040 0.809186
vt 0.704341 0.819451
vt 0.790295 0.694748
vt 0.811787 0.697150
vt 0.792800 0.706526
vt 0.810056 0.684347
vt 0.830134 0.684970
vt 0.828979 0.672444
vt 0.830923 0.698317
vt 0.833223 0.712857
vt 0.812676 0.708485
vt 0.795703 0.718190
vt 0.814492 0.719657
vt 0.798683 0.731397
vt 0.802912 0.745124
vt 0.820904 0.747250
vt 0.803600 0.756385
vt 0.817834 0.733230
vt 0.838579 0.738475
vt 0.836218 0.726635
vt 0.849589 0.733526
vt 0.839471 0.750192
vt 0.822628 0.759130
vt 0.805385 0.767948
vt 0.641460 0.731027
vt 0.622916 0.746300
vt 0.618910 0.735476
vt 0.645769 0.742440
vt 0.628018 0.757429
vt 0.650715 0.757547
vt 0.654620 0.771813
vt 0.631776 0.769286
vt 0.607142 0.760700
vt 0.609144 0.782192
vt 0.585573 0.782363
vt 0.581546 0.764866
vt 0.600677 0.750771
vt 0.597021 0.742360
vt 0.577162 0.751330
vt 0.572758 0.741240
vt 0.559482 0.783610
vt 0.534347 0.783581
vt 0.556400 0.767857
vt 0.562882 0.794872
vt 0.537966 0.794280
vt 0.588960 0.795243
vt 0.567901 0.806100
vt 0.546979 0.814477
vt 0.541416 0.804192
vt 0.521496 0.801893
vt 0.526615 0.811523
vt 0.530925 0.819705
vt 0.515456 0.791417
vt 0.658772 0.793335
vt 0.637897 0.819593
vt 0.632222 0.794153
vt 0.665397 0.816257
vt 0.647039 0.836542
vt 0.673817 0.828450
vt 0.622650 0.843899
vt 0.603510 0.850279
vt 0.597509 0.826833
vt 0.616136 0.821119
vt 0.611223 0.800876
vt 0.593468 0.809377
vt 0.573013 0.818081
vt 0.558408 0.837211
vt 0.551961 0.824789
vt 0.578669 0.833296
vt 0.566949 0.855664
vt 0.586228 0.854403
vt 0.549417 0.853704
vt 0.541328 0.839544
vt 0.535747 0.829177
vt 0.389635 0.316523
vt 0.413031 0.332209
vt 0.387061 0.329133
vt 0.361941 0.315377
vt 0.367565 0.300749
vt 0.392727 0.302583
vt 0.413346 0.317655
vt 0.435888 0.332257
vt 0.439029 0.318348
vt 0.415424 0.302407
vt 0.442471 0.303215
vt 0.468541 0.319231
vt 0.464065 0.336444
vt 0.433424 0.345724
vt 0.460970 0.350558
vt 0.431888 0.359316
vt 0.410072 0.345935
vt 0.383231 0.348005
vt 0.405586 0.360162
vt 0.379312 0.362194
vt 0.355513 0.343301
vt 0.376246 0.374141
vt 0.400007 0.384687
vt 0.374060 0.383746
vt 0.351728 0.378103
vt 0.354260 0.364514
vt 0.402021 0.372686
vt 0.431029 0.373870
vt 0.459244 0.365085
vt 0.459250 0.379510
vt 0.431269 0.387065
vt 0.398098 0.400762
vt 0.432455 0.401844
vt 0.460473 0.393812
vt 0.462959 0.408718
vt 0.370003 0.398619
vt 0.350499 0.398464
vt 0.350869 0.389645
vt 0.492314 0.322479
vt 0.505612 0.336928
vt 0.489502 0.336241
vt 0.494572 0.298265
vt 0.509370 0.323740
vt 0.520562 0.334555
vt 0.526298 0.320733
vt 0.514915 0.296890
vt 0.534336 0.295172
vt 0.520776 0.346568
vt 0.523806 0.362623
vt 0.501389 0.356046
vt 0.483851 0.355528
vt 0.501523 0.372058
vt 0.482182 0.370743
vt 0.500451 0.386248
vt 0.480863 0.398978
vt 0.480941 0.385305
vt 0.523934 0.397198
vt 0.526430 0.382415
vt 0.518104 0.408777
vt 0.499041 0.400498
vt 0.498918 0.413296
vt 0.482038 0.413106
vt 0.335517 0.329338
vt 0.311118 0.311020
vt 0.337285 0.314087
vt 0.338943 0.298509
vt 0.358043 0.326813
vt 0.332199 0.340869
vt 0.310388 0.328295
vt 0.330828 0.364886
vt 0.311956 0.358765
vt 0.310205 0.340244
vt 0.287518 0.336627
vt 0.289883 0.351361
vt 0.265099 0.349289
vt 0.263163 0.333125
vt 0.285859 0.324905
vt 0.285991 0.308782
vt 0.260635 0.319833
vt 0.261643 0.304757
vt 0.264220 0.290602
vt 0.288172 0.292664
vt 0.236990 0.315964
vt 0.218022 0.299712
vt 0.238533 0.302216
vt 0.220061 0.287525
vt 0.240900 0.288452
vt 0.215400 0.324662
vt 0.238369 0.328576
vt 0.239839 0.343121
vt 0.216349 0.335547
vt 0.194754 0.321605
vt 0.215938 0.312654
vt 0.196328 0.333651
vt 0.195614 0.309657
vt 0.198759 0.297378
vt 0.200273 0.285527
vt 0.333815 0.389909
vt 0.318527 0.393866
vt 0.315605 0.380406
vt 0.335724 0.398618
vt 0.318688 0.399162
vt 0.335400 0.399755
vt 0.293107 0.390708
vt 0.266634 0.388297
vt 0.294835 0.381285
vt 0.293325 0.368840
vt 0.267193 0.378808
vt 0.266415 0.365944
vt 0.241547 0.359293
vt 0.220482 0.367210
vt 0.218438 0.351740
vt 0.242551 0.374031
vt 0.220780 0.380165
vt 0.241949 0.386179
vt 0.202548 0.375501
vt 0.201298 0.362135
vt 0.198665 0.346822
vt 0.313359 0.282042
vt 0.339125 0.272397
vt 0.338535 0.284366
vt 0.368305 0.276507
vt 0.367401 0.286802
vt 0.312118 0.295087
vt 0.292881 0.268924
vt 0.290390 0.280474
vt 0.267226 0.278960
vt 0.270355 0.266348
vt 0.294085 0.257393
vt 0.314596 0.270153
vt 0.272106 0.254410
vt 0.294954 0.242729
vt 0.316823 0.257131
vt 0.340983 0.258604
vt 0.319011 0.242682
vt 0.341556 0.242136
vt 0.371115 0.260096
vt 0.343835 0.226437
vt 0.323398 0.211984
vt 0.347877 0.210671
vt 0.376142 0.230489
vt 0.374161 0.244837
vt 0.321486 0.227563
vt 0.298270 0.211841
vt 0.297434 0.227713
vt 0.273790 0.227151
vt 0.275075 0.212786
vt 0.299651 0.195421
vt 0.276094 0.195207
vt 0.324996 0.195162
vt 0.351650 0.193455
vt 0.380363 0.188319
vt 0.375695 0.210929
vt 0.243403 0.276846
vt 0.223406 0.263783
vt 0.246216 0.265211
vt 0.221833 0.275877
vt 0.204433 0.262998
vt 0.201913 0.274204
vt 0.206602 0.251131
vt 0.184307 0.234873
vt 0.208430 0.239760
vt 0.225809 0.251068
vt 0.248657 0.252255
vt 0.227641 0.238804
vt 0.250299 0.239163
vt 0.251886 0.226786
vt 0.230411 0.213043
vt 0.253696 0.213434
vt 0.272666 0.241833
vt 0.229489 0.226624
vt 0.210360 0.227195
vt 0.209918 0.211630
vt 0.213836 0.195850
vt 0.230880 0.195385
vt 0.253324 0.195441
vt 0.232341 0.179359
vt 0.394493 0.278432
vt 0.416366 0.288637
vt 0.393925 0.289751
vt 0.395552 0.265868
vt 0.416821 0.274999
vt 0.397683 0.246893
vt 0.420693 0.257668
vt 0.448276 0.265929
vt 0.449639 0.247460
vt 0.426467 0.237466
vt 0.453317 0.222806
vt 0.475742 0.242986
vt 0.475509 0.260453
vt 0.448196 0.283945
vt 0.473553 0.277521
vt 0.468716 0.297435
vt 0.497796 0.258623
vt 0.517699 0.274664
vt 0.496537 0.275310
vt 0.498349 0.241738
vt 0.519118 0.257579
vt 0.496570 0.223054
vt 0.520392 0.224879
vt 0.520207 0.241418
vt 0.538965 0.257344
vt 0.540250 0.240665
vt 0.541089 0.224025
vt 0.537559 0.274698
vt 0.405448 0.216331
vt 0.429759 0.219522
vt 0.402077 0.228706
vt 0.407289 0.203473
vt 0.433375 0.208151
vt 0.435811 0.196107
vt 0.453623 0.202775
vt 0.454927 0.193517
vt 0.436546 0.183217
vt 0.469760 0.189929
vt 0.469427 0.199832
vt 0.452887 0.209694
vt 0.468595 0.208513
vt 0.495846 0.197784
vt 0.520793 0.209856
vt 0.492847 0.208728
vt 0.472316 0.220574
vt 0.503978 0.184366
vt 0.523523 0.196122
vt 0.528681 0.181902
vt 0.544454 0.193495
vt 0.547063 0.180529
vt 0.542463 0.208143
vt 0.476402 0.975939
vt 0.008248 0.240133
vt 0.126712 0.278412
vt 0.058653 0.352303
vt 0.477802 0.549612
vt 0.408848 0.602178
vt 0.264126 0.573261
vt 0.860105 0.467321
vt 0.641017 0.390172
vt 0.992173 0.657710
vt 0.975810 0.789722
vt 0.468920 0.021184
vt 0.243183 0.008633
vt 0.674297 0.903912
s 1
g off
g Rocky_Asteroid_2_Asteroid_2
usemtl Asteroid_2
f 1/1/1 1153/2/2 388/3/3
f 1/1/1 1249/4/4 769/5/5
f 769/5/5 805/6/6 1/1/1
f 805/6/6 385/7/7 1/1/1
f 386/8/8 385/7/7 2/9/9
f 2/9/9 1267/10/10 806/11/11
f 806/11/11 775/12/12 2/9/9
f 2/9/9 1252/13/13 386/8/8
f 387/14/14 386/8/8 3/15/15
f 3/15/15 1252/13/13 776/16/16
f 776/16/16 774/17/17 3/15/15
f 3/15/15 1251/18/18 387/14/14
f 4/19/19 1153/2/2 387/14/14
f 387/14/14 773/20/20 4/19/19
f 4/19/19 1442/21/21 770/22/22
f 770/22/22 388/3/3 4/19/19
f 389/23/23 392/24/24 5/25/25
f 392/24/24 771/26/26 5/25/25
f 771/26/26 773/20/20 5/25/25
f 5/25/25 1251/18/18 389/23/23
f 6/27/27 1154/28/28 389/23/23
f 389/23/23 774/17/17 6/27/27
f 6/27/27 1446/29/29 779/30/30
f 779/30/30 390/31/31 6/27/27
f 391/32/32 390/31/31 7/33/33
f 7/33/33 1254/34/34 780/35/35
f 780/35/35 1067/36/36 7/33/33
f 7/33/33 1398/37/37 391/32/32
f 8/38/38 1154/28/28 391/32/32
f 8/38/38 1398/37/37 1068/39/39
f 1068/39/39 772/40/40 8/38/38
f 8/38/38 1250/41/41 392/24/24
f 9/42/42 1155/43/43 396/44/44
f 396/44/44 775/12/12 9/42/42
f 9/42/42 1445/45/45 807/46/46
f 807/46/46 393/47/47 9/42/42
f 394/48/48 393/47/47 10/49/49
f 10/49/49 1268/50/50 808/51/51
f 10/49/49 1496/52/52 1061/53/53
f 1061/53/53 394/48/48 10/49/49
f 395/54/54 394/48/48 11/55/55
f 11/55/55 1395/56/56 1062/57/57
f 1062/57/57 778/58/58 11/55/55
f 11/55/55 1253/59/59 395/54/54
f 12/60/60 1155/43/43 395/54/54
f 395/54/54 777/61/61 12/60/60
f 12/60/60 1446/29/29 776/16/16
f 12/60/60 1252/13/13 396/44/44
f 397/62/62 400/63/63 13/64/64
f 13/64/64 1254/34/34 779/30/30
f 779/30/30 777/61/61 13/64/64
f 13/64/64 1253/59/59 397/62/62
f 14/65/65 1156/66/66 397/62/62
f 397/62/62 778/58/58 14/65/65
f 14/65/65 1497/67/67 1063/68/68
f 1063/68/68 398/69/69 14/65/65
f 15/70/70 1156/66/66 398/69/69
f 15/70/70 1396/71/71 1064/72/72
f 15/70/70 1531/73/73 1065/74/74
f 1065/74/74 399/75/75 15/70/70
f 16/76/76 1156/66/66 399/75/75
f 399/75/75 1066/77/77 16/76/76
f 16/76/76 1498/78/78 780/35/35
f 780/35/35 400/63/63 16/76/76
f 401/79/79 404/80/80 17/81/81
f 404/80/80 781/82/82 17/81/81
f 17/81/81 1441/83/83 769/84/5
f 769/84/5 401/79/79 17/81/81
f 18/85/84 1157/86/85 401/79/79
f 401/79/79 770/87/22 18/85/84
f 18/85/84 1442/88/21 787/89/86
f 787/89/86 402/90/87 18/85/84
f 403/91/88 402/90/87 19/92/89
f 19/92/89 1258/93/90 788/94/91
f 788/94/91 786/95/92 19/92/89
f 19/92/89 1257/96/93 403/91/88
f 404/80/80 403/91/88 20/97/94
f 20/97/94 1257/96/93 785/98/95
f 785/98/95 782/99/96 20/97/94
f 20/97/94 1255/100/97 404/80/80
f 405/101/98 408/102/99 21/103/100
f 408/102/99 783/104/101 21/103/100
f 21/103/100 1443/105/102 785/98/95
f 785/98/95 405/101/98 21/103/100
f 22/106/103 1158/107/104 405/101/98
f 405/101/98 786/95/92 22/106/103
f 22/106/103 1447/108/105 791/109/106
f 22/106/103 1260/110/107 406/111/108
f 23/112/109 1158/107/104 406/111/108
f 23/112/109 1260/110/107 792/113/110
f 792/113/110 1075/114/111 23/112/109
f 23/112/109 1402/115/112 407/116/113
f 408/102/99 407/116/113 24/117/114
f 407/116/113 1076/118/115 24/117/114
f 1076/118/115 784/119/116 24/117/114
f 784/119/116 408/102/99 24/117/114
f 409/120/117 412/121/118 25/122/119
f 25/122/119 1258/93/90 787/89/86
f 787/89/86 771/123/26 25/122/119
f 25/122/119 1250/124/41 409/120/117
f 26/125/120 1159/126/121 409/120/117
f 409/120/117 772/127/40 26/125/120
f 26/125/120 1499/128/122 1069/129/123
f 1069/129/123 410/130/124 26/125/120
f 411/131/125 410/130/124 27/132/126
f 27/132/126 1399/133/127 1070/134/128
f 1070/134/128 790/135/129 27/132/126
f 27/132/126 1259/136/130 411/131/125
f 28/137/131 1159/126/121 411/131/125
f 411/131/125 789/138/132 28/137/131
f 28/137/131 1447/108/105 788/94/91
f 788/94/91 412/121/118 28/137/131
f 413/139/133 416/140/134 29/141/135
f 29/141/135 1260/110/107 791/109/106
f 791/109/106 789/138/132 29/141/135
f 29/141/135 1259/136/130 413/139/133
f 30/142/136 1160/143/137 413/139/133
f 413/139/133 790/135/129 30/142/136
f 30/142/136 1500/144/138 1071/145/139
f 1071/145/139 414/146/140 30/142/136
f 415/147/141 414/146/140 31/148/142
f 31/148/142 1400/149/143 1072/150/144
f 1072/150/144 1073/151/145 31/148/142
f 31/148/142 1401/152/146 415/147/141
f 32/153/147 1160/143/137 415/147/141
f 415/147/141 1074/154/148 32/153/147
f 1074/154/148 792/113/110 32/153/147
f 792/113/110 416/140/134 32/153/147
f 417/155/149 420/156/150 33/157/151
f 33/157/151 1261/158/152 793/159/153
f 793/159/153 781/82/82 33/157/151
f 33/157/151 1255/100/97 417/155/149
f 34/160/154 1161/161/155 417/155/149
f 417/155/149 782/99/96 34/160/154
f 34/160/154 1443/105/102 799/162/156
f 799/162/156 418/163/157 34/160/154
f 419/164/158 418/163/157 35/165/159
f 35/165/159 1264/166/160 800/167/161
f 35/165/159 1448/168/162 798/169/163
f 798/169/163 419/164/158 35/165/159
f 36/170/164 1161/161/155 419/164/158
f 419/164/158 797/171/165 36/170/164
f 797/171/165 794/172/166 36/170/164
f 794/172/166 420/156/150 36/170/164
f 37/173/167 1162/174/168 424/175/169
f 424/175/169 795/176/170 37/173/167
f 37/173/167 1444/177/171 797/171/165
f 797/171/165 421/178/172 37/173/167
f 38/179/173 1162/174/168 421/178/172
f 421/178/172 798/169/163 38/179/173
f 38/179/173 1448/168/162 803/180/174
f 803/180/174 422/181/175 38/179/173
f 423/182/176 422/181/175 39/183/177
f 39/183/177 1266/184/178 804/185/179
f 39/183/177 1504/186/180 1083/187/181
f 39/183/177 1406/188/182 423/182/176
f 40/189/183 1162/174/168 423/182/176
f 423/182/176 1084/190/184 40/189/183
f 1084/190/184 796/191/185 40/189/183
f 40/189/183 1262/192/186 424/175/169
f 41/193/187 1163/194/188 428/195/189
f 41/193/187 1264/166/160 799/162/156
f 799/162/156 783/104/101 41/193/187
f 783/104/101 425/196/190 41/193/187
f 42/197/191 1163/194/188 425/196/190
f 425/196/190 784/119/116 42/197/191
f 42/197/191 1502/198/192 1077/199/193
f 42/197/191 1403/200/194 426/201/195
f 427/202/196 426/201/195 43/203/197
f 43/203/197 1403/200/194 1078/204/198
f 1078/204/198 802/205/199 43/203/197
f 43/203/197 1265/206/200 427/202/196
f 428/195/189 427/202/196 44/207/201
f 44/207/201 1265/206/200 801/208/202
f 44/207/201 1448/168/162 800/167/161
f 800/167/161 428/195/189 44/207/201
f 429/209/203 432/210/204 45/211/205
f 45/211/205 1266/184/178 803/180/174
f 45/211/205 1448/168/162 801/208/202
f 45/211/205 1265/206/200 429/209/203
f 46/212/206 1164/213/207 429/209/203
f 429/209/203 802/205/199 46/212/206
f 46/212/206 1503/214/208 1079/215/209
f 1079/215/209 430/216/210 46/212/206
f 431/217/211 430/216/210 47/218/212
f 47/218/212 1404/219/213 1080/220/214
f 1080/220/214 1081/221/215 47/218/212
f 47/218/212 1405/222/216 431/217/211
f 48/223/217 1164/213/207 431/217/211
f 431/217/211 1082/224/218 48/223/217
f 48/223/217 1504/186/180 804/185/179
f 804/185/179 432/210/204 48/223/217
f 433/225/219 436/226/220 49/227/221
f 49/227/221 1267/10/10 805/6/6
f 49/227/221 1441/228/83 793/229/153
f 793/229/153 433/225/219 49/227/221
f 50/230/222 1165/231/223 433/225/219
f 50/230/222 1261/232/152 794/233/166
f 50/230/222 1444/234/171 811/235/224
f 811/235/224 434/236/225 50/230/222
f 435/237/226 434/236/225 51/238/227
f 51/238/227 1270/239/228 812/240/229
f 812/240/229 810/241/230 51/238/227
f 51/238/227 1269/242/231 435/237/226
f 52/243/232 1165/231/223 435/237/226
f 435/237/226 809/244/233 52/243/232
f 52/243/232 1445/45/45 806/11/11
f 806/11/11 436/226/220 52/243/232
f 53/245/234 1166/246/235 440/247/236
f 53/245/234 1268/50/50 807/46/46
f 807/46/46 809/244/233 53/245/234
f 53/245/234 1269/242/231 437/248/237
f 54/249/238 1166/246/235 437/248/237
f 437/248/237 810/241/230 54/249/238
f 54/249/238 1449/250/239 815/251/240
f 815/251/240 438/252/241 54/249/238
f 439/253/242 438/252/241 55/254/243
f 55/254/243 1272/255/244 816/256/245
f 55/254/243 1495/257/246 1059/258/247
f 1059/258/247 439/253/242 55/254/243
f 56/259/248 1166/246/235 439/253/242
f 439/253/242 1060/260/249 56/259/248
f 1060/260/249 808/51/51 56/259/248
f 808/51/51 440/247/236 56/259/248
f 441/261/250 444/262/251 57/263/252
f 57/263/252 1270/239/228 811/235/224
f 811/235/224 795/264/170 57/263/252
f 57/263/252 1262/265/186 441/261/250
f 58/266/253 1167/267/254 441/261/250
f 441/261/250 796/268/185 58/266/253
f 58/266/253 1505/269/255 1085/270/256
f 1085/270/256 442/271/257 58/266/253
f 443/272/258 442/271/257 59/273/259
f 59/273/259 1407/274/260 1086/275/261
f 1086/275/261 814/276/262 59/273/259
f 59/273/259 1271/277/263 443/272/258
f 60/278/264 1167/267/254 443/272/258
f 443/272/258 813/279/265 60/278/264
f 60/278/264 1449/250/239 812/240/229
f 812/240/229 444/262/251 60/278/264
f 445/280/266 448/281/267 61/282/268
f 61/282/268 1272/255/244 815/251/240
f 815/251/240 813/279/265 61/282/268
f 61/282/268 1271/277/263 445/280/266
f 62/283/269 1168/284/270 445/280/266
f 445/280/266 814/276/262 62/283/269
f 62/283/269 1506/285/271 1087/286/272
f 1087/286/272 446/287/273 62/283/269
f 447/288/274 446/287/273 63/289/275
f 63/289/275 1408/290/276 1088/291/277
f 1088/291/277 1057/292/278 63/289/275
f 63/289/275 1393/293/279 447/288/274
f 64/294/280 1168/284/270 447/288/274
f 447/288/274 1058/295/281 64/294/280
f 1058/295/281 816/256/245 64/294/280
f 816/256/245 448/281/267 64/294/280
f 65/296/282 1169/297/283 452/298/284
f 452/298/284 817/299/285 65/296/282
f 817/299/285 853/300/286 65/296/282
f 65/296/282 1291/301/287 449/302/288
f 450/303/289 449/302/288 66/304/290
f 449/302/288 854/305/291 66/304/290
f 854/305/291 823/306/292 66/304/290
f 66/304/290 1276/307/293 450/303/289
f 67/308/294 1169/297/283 450/303/289
f 450/303/289 824/309/295 67/308/294
f 67/308/294 1455/310/296 822/311/297
f 822/311/297 451/312/298 67/308/294
f 452/298/284 451/312/298 68/313/299
f 68/313/299 1275/314/300 821/315/301
f 821/315/301 818/316/302 68/313/299
f 68/313/299 1273/317/303 452/298/284
f 69/318/304 1170/319/305 456/320/306
f 456/320/306 819/321/307 69/318/304
f 819/321/307 821/315/301 69/318/304
f 821/315/301 453/322/308 69/318/304
f 454/323/309 453/322/308 70/324/310
f 70/324/310 1275/314/300 822/311/297
f 822/311/297 827/325/311 70/324/310
f 70/324/310 1278/326/312 454/323/309
f 71/327/313 1170/319/305 454/323/309
f 454/323/309 828/328/314 71/327/313
f 71/327/313 1506/285/271 1086/275/261
f 1086/275/261 455/329/315 71/327/313
f 456/320/306 455/329/315 72/330/316
f 72/330/316 1407/274/260 1085/270/256
f 1085/270/256 820/331/317 72/330/316
f 820/331/317 456/320/306 72/330/316
f 457/332/318 460/333/319 73/334/320
f 460/333/319 823/306/292 73/334/320
f 823/306/292 855/335/321 73/334/320
f 73/334/320 1292/336/322 457/332/318
f 74/337/323 1171/338/324 457/332/318
f 457/332/318 856/339/325 74/337/323
f 856/339/325 1093/340/326 74/337/323
f 74/337/323 1411/341/327 458/342/328
f 459/343/329 458/342/328 75/344/330
f 75/344/330 1411/341/327 1094/345/331
f 1094/345/331 826/346/332 75/344/330
f 75/344/330 1277/347/333 459/343/329
f 460/333/319 459/343/329 76/348/334
f 76/348/334 1277/347/333 825/349/335
f 825/349/335 824/309/295 76/348/334
f 76/348/334 1276/307/293 460/333/319
f 77/350/336 1172/351/337 464/352/338
f 464/352/338 827/325/311 77/350/336
f 77/350/336 1455/310/296 825/349/335
f 825/349/335 461/353/339 77/350/336
f 462/354/340 461/353/339 78/355/341
f 78/355/341 1277/347/333 826/346/332
f 78/355/341 1509/356/342 1095/357/343
f 78/355/341 1412/358/344 462/354/340
f 79/359/345 1172/351/337 462/354/340
f 462/354/340 1096/360/346 79/359/345
f 79/359/345 1533/361/347 1088/291/277
f 1088/291/277 463/362/348 79/359/345
f 464/352/338 463/362/348 80/363/349
f 80/363/349 1408/290/276 1087/286/272
f 1087/286/272 828/328/314 80/363/349
f 80/363/349 1278/326/312 464/352/338
f 81/364/350 1173/365/351 468/366/352
f 468/366/352 829/367/353 81/364/350
f 81/364/350 1450/368/354 817/369/285
f 817/369/285 465/370/355 81/364/350
f 466/371/356 465/370/355 82/372/357
f 465/370/355 818/373/302 82/372/357
f 82/372/357 1451/374/358 835/375/359
f 835/375/359 466/371/356 82/372/357
f 83/376/360 1173/365/351 466/371/356
f 466/371/356 836/377/361 83/376/360
f 83/376/360 1456/378/362 834/379/363
f 834/379/363 467/380/364 83/376/360
f 468/366/352 467/380/364 84/381/365
f 84/381/365 1281/382/366 833/383/367
f 84/381/365 1452/384/368 830/385/369
f 84/381/365 1279/386/370 468/366/352
f 85/387/371 1174/388/372 472/389/373
f 85/387/371 1280/390/374 831/391/375
f 831/391/375 833/383/367 85/387/371
f 833/383/367 469/392/376 85/387/371
f 470/393/377 469/392/376 86/394/378
f 86/394/378 1281/382/366 834/379/363
f 834/379/363 839/395/379 86/394/378
f 86/394/378 1284/396/380 470/393/377
f 87/397/381 1174/388/372 470/393/377
f 470/393/377 840/398/382 87/397/381
f 87/397/381 1510/399/383 1099/400/384
f 1099/400/384 471/401/385 87/397/381
f 472/389/373 471/401/385 88/402/386
f 88/402/386 1414/403/387 1100/404/388
f 1100/404/388 832/405/389 88/402/386
f 88/402/386 1280/390/374 472/389/373
f 89/406/390 1175/407/391 476/408/392
f 89/406/390 1282/409/393 835/375/359
f 89/406/390 1451/374/358 819/410/307
f 819/410/307 473/411/394 89/406/390
f 474/412/395 473/411/394 90/413/396
f 90/413/396 1274/414/397 820/415/317
f 90/413/396 1505/416/255 1084/190/184
f 90/413/396 1406/188/182 474/412/395
f 91/417/398 1175/407/391 474/412/395
f 474/412/395 1083/187/181 91/417/398
f 91/417/398 1504/186/180 838/418/399
f 838/418/399 475/419/400 91/417/398
f 476/408/392 475/419/400 92/420/401
f 92/420/401 1283/421/402 837/422/403
f 837/422/403 836/377/361 92/420/401
f 836/377/361 476/408/392 92/420/401
f 93/423/404 1176/424/405 480/425/406
f 480/425/406 839/395/379 93/423/404
f 93/423/404 1456/378/362 837/422/403
f 837/422/403 477/426/407 93/423/404
f 478/427/408 477/426/407 94/428/409
f 94/428/409 1283/421/402 838/418/399
f 838/418/399 1082/224/218 94/428/409
f 94/428/409 1405/222/216 478/427/408
f 95/429/410 1176/424/405 478/427/408
f 478/427/408 1081/221/215 95/429/410
f 95/429/410 1534/430/411 1097/431/412
f 1097/431/412 479/432/413 95/429/410
f 480/425/406 479/432/413 96/433/414
f 96/433/414 1413/434/415 1098/435/416
f 1098/435/416 840/398/382 96/433/414
f 96/433/414 1284/396/380 480/425/406
f 481/436/417 484/437/418 97/438/419
f 97/438/419 1285/439/420 841/440/421
f 841/440/421 829/367/353 97/438/419
f 97/438/419 1279/386/370 481/436/417
f 482/441/422 481/436/417 98/442/423
f 98/442/423 1279/386/370 830/385/369
f 830/385/369 847/443/424 98/442/423
f 98/442/423 1288/444/425 482/441/422
f 483/445/426 482/441/422 99/446/427
f 482/441/422 848/447/428 99/446/427
f 99/446/427 1457/448/429 846/449/430
f 99/446/427 1287/450/431 483/445/426
f 100/451/432 1177/452/433 483/445/426
f 483/445/426 845/453/434 100/451/432
f 100/451/432 1453/454/435 842/455/436
f 842/455/436 484/437/418 100/451/432
f 485/456/437 488/457/438 101/458/439
f 101/458/439 1286/459/440 843/460/441
f 843/460/441 845/453/434 101/458/439
f 101/458/439 1287/450/431 485/456/437
f 102/461/442 1178/462/443 485/456/437
f 485/456/437 846/449/430 102/461/442
f 102/461/442 1457/448/429 851/463/444
f 102/461/442 1290/464/445 486/465/446
f 103/466/447 1178/462/443 486/465/446
f 486/465/446 852/467/448 103/466/447
f 103/466/447 1513/468/449 1107/469/450
f 1107/469/450 487/470/451 103/466/447
f 104/471/452 1178/462/443 487/470/451
f 487/470/451 1108/472/453 104/471/452
f 104/471/452 1514/473/454 844/474/455
f 844/474/455 488/457/438 104/471/452
f 105/475/456 1179/476/457 492/477/458
f 492/477/458 847/443/424 105/475/456
f 105/475/456 1452/384/368 831/391/375
f 831/391/375 489/478/459 105/475/456
f 490/479/460 489/478/459 106/480/461
f 106/480/461 1280/390/374 832/405/389
f 106/480/461 1511/481/462 1101/482/463
f 106/480/461 1415/483/464 490/479/460
f 107/484/465 1179/476/457 490/479/460
f 490/479/460 1102/485/466 107/484/465
f 107/484/465 1512/486/467 850/487/468
f 850/487/468 491/488/469 107/484/465
f 492/477/458 491/488/469 108/489/470
f 108/489/470 1289/490/471 849/491/472
f 849/491/472 848/447/428 108/489/470
f 108/489/470 1288/444/425 492/477/458
f 109/492/473 1180/493/474 496/494/475
f 496/494/475 851/463/444 109/492/473
f 109/492/473 1457/448/429 849/491/472
f 849/491/472 493/495/476 109/492/473
f 494/496/477 493/495/476 110/497/478
f 110/497/478 1289/490/471 850/487/468
f 850/487/468 1103/498/479 110/497/478
f 110/497/478 1416/499/480 494/496/477
f 111/500/481 1180/493/474 494/496/477
f 494/496/477 1104/501/482 111/500/481
f 111/500/481 1538/502/483 1105/503/484
f 1105/503/484 495/504/485 111/500/481
f 496/494/475 495/504/485 112/505/486
f 112/505/486 1417/506/487 1106/507/488
f 1106/507/488 852/467/448 112/505/486
f 112/505/486 1290/464/489 496/494/475
f 113/508/490 1181/509/491 500/510/492
f 500/510/492 853/300/286 113/508/490
f 113/508/490 1450/511/354 841/512/421
f 841/512/421 497/513/493 113/508/490
f 498/514/494 497/513/493 114/515/495
f 114/515/495 1285/516/420 842/517/436
f 842/517/436 859/518/496 114/515/495
f 114/515/495 1294/519/497 498/514/494
f 115/520/498 1181/509/491 498/514/494
f 498/514/494 860/521/499 115/520/498
f 115/520/498 1458/522/500 858/523/501
f 858/523/501 499/524/502 115/520/498
f 500/510/492 499/524/502 116/525/503
f 116/525/503 1293/526/504 857/527/505
f 857/527/505 854/305/291 116/525/503
f 116/525/503 1291/301/287 500/510/492
f 117/528/506 1182/529/507 504/530/508
f 504/530/508 855/335/321 117/528/506
f 117/528/506 1454/531/509 857/527/505
f 857/527/505 501/532/510 117/528/506
f 502/533/511 501/532/510 118/534/512
f 118/534/512 1293/526/504 858/523/501
f 858/523/501 863/535/513 118/534/512
f 118/534/512 1296/536/514 502/533/511
f 503/537/515 502/533/511 119/538/516
f 502/533/511 864/539/517 119/538/516
f 864/539/517 1091/540/518 119/538/516
f 119/538/516 1410/541/519 503/537/515
f 120/542/520 1182/529/507 503/537/515
f 503/537/515 1092/543/521 120/542/520
f 1092/543/521 856/339/325 120/542/520
f 120/542/520 1292/336/322 504/530/508
f 121/544/522 1183/545/523 508/546/524
f 508/546/524 859/518/496 121/544/522
f 121/544/522 1453/547/435 843/548/441
f 843/548/441 505/549/525 121/544/522
f 506/550/526 505/549/525 122/551/527
f 122/551/527 1286/552/440 844/553/455
f 844/553/455 1109/554/528 122/551/527
f 122/551/527 1419/555/529 506/550/526
f 123/556/530 1183/545/523 506/550/526
f 506/550/526 1110/557/531 123/556/530
f 123/556/530 1515/558/532 862/559/533
f 862/559/533 507/560/534 123/556/530
f 508/546/524 507/560/534 124/561/535
f 124/561/535 1295/562/536 861/563/537
f 861/563/537 860/521/499 124/561/535
f 860/521/499 508/546/524 124/561/535
f 125/564/538 1184/565/539 512/566/540
f 512/566/540 863/535/513 125/564/538
f 125/564/538 1458/522/500 861/563/537
f 861/563/537 509/567/541 125/564/538
f 510/568/542 509/567/541 126/569/543
f 126/569/543 1295/562/536 862/559/533
f 862/559/533 1111/570/544 126/569/543
f 126/569/543 1420/571/545 510/568/542
f 127/572/546 1184/565/539 510/568/542
f 510/568/542 1112/573/547 127/572/546
f 127/572/546 1537/574/548 1089/575/549
f 1089/575/549 511/576/550 127/572/546
f 512/566/540 511/576/550 128/577/551
f 128/577/551 1409/578/552 1090/579/553
f 1090/579/553 864/539/517 128/577/551
f 128/577/551 1296/536/514 512/566/540
f 513/580/554 516/581/555 129/582/556
f 129/582/556 1297/583/557 865/584/558
f 865/584/558 901/585/559 129/582/556
f 129/582/556 1315/586/560 513/580/554
f 130/587/561 1185/588/562 513/580/554
f 513/580/554 902/589/563 130/587/561
f 130/587/561 1463/590/564 871/591/565
f 130/587/561 1300/592/566 514/593/567
f 515/594/568 514/593/567 131/595/569
f 131/595/569 1300/592/566 872/596/570
f 872/596/570 870/597/571 131/595/569
f 131/595/569 1299/598/572 515/594/568
f 132/599/573 1185/588/562 515/594/568
f 515/594/568 869/600/574 132/599/573
f 869/600/574 866/601/575 132/599/573
f 132/599/573 1297/583/557 516/581/555
f 133/602/576 1186/603/577 520/604/578
f 520/604/578 867/605/579 133/602/576
f 133/602/576 1460/606/580 869/600/574
f 133/602/576 1299/598/572 517/607/581
f 134/608/582 1186/603/577 517/607/581
f 517/607/581 870/597/571 134/608/582
f 134/608/582 1464/609/583 875/610/584
f 875/610/584 518/611/585 134/608/582
f 135/612/586 1186/603/577 518/611/585
f 518/611/585 876/613/587 135/612/586
f 135/612/586 1515/558/532 1110/557/531
f 1110/557/531 519/614/588 135/612/586
f 520/604/578 519/614/588 136/615/589
f 136/615/589 1419/555/529 1109/554/528
f 1109/554/528 868/616/590 136/615/589
f 136/615/589 1298/617/591 520/604/578
f 521/618/592 524/619/593 137/620/594
f 137/620/594 1300/592/566 871/591/565
f 871/591/565 903/621/595 137/620/594
f 137/620/594 1316/622/596 521/618/592
f 138/623/597 1187/624/598 521/618/592
f 521/618/592 904/625/599 138/623/597
f 904/625/599 1117/626/600 138/623/597
f 138/623/597 1423/627/601 522/628/602
f 139/629/603 1187/624/598 522/628/602
f 139/629/603 1423/627/601 1118/630/604
f 1118/630/604 874/631/605 139/629/603
f 139/629/603 1301/632/606 523/633/607
f 524/619/593 523/633/607 140/634/608
f 140/634/608 1301/632/606 873/635/609
f 873/635/609 872/596/570 140/634/608
f 140/634/608 1300/592/566 524/619/593
f 525/636/610 528/637/611 141/638/612
f 141/638/612 1302/639/613 875/610/584
f 875/610/584 873/635/609 141/638/612
f 873/635/609 525/636/610 141/638/612
f 142/640/614 1188/641/615 525/636/610
f 525/636/610 874/631/605 142/640/614
f 142/640/614 1518/642/616 1119/643/617
f 1119/643/617 526/644/618 142/640/614
f 527/645/619 526/644/618 143/646/620
f 143/646/620 1424/647/621 1120/648/622
f 1120/648/622 1112/573/547 143/646/620
f 143/646/620 1420/571/545 527/645/619
f 144/649/623 1188/641/615 527/645/619
f 527/645/619 1111/570/544 144/649/623
f 144/649/623 1515/558/532 876/613/587
f 144/649/623 1302/639/613 528/637/611
f 145/650/624 1189/651/625 532/652/626
f 532/652/626 877/653/627 145/650/624
f 145/650/624 1459/654/628 865/655/558
f 865/655/558 529/656/629 145/650/624
f 146/657/630 1189/651/625 529/656/629
f 146/657/630 1297/658/557 866/659/575
f 146/657/630 1460/660/580 883/661/631
f 883/661/631 530/662/632 146/657/630
f 147/663/633 1189/651/625 530/662/632
f 530/662/632 884/664/634 147/663/633
f 884/664/634 882/665/635 147/663/633
f 882/665/635 531/666/636 147/663/633
f 532/652/626 531/666/636 148/667/637
f 148/667/637 1305/668/638 881/669/639
f 881/669/639 878/670/640 148/667/637
f 148/667/637 1303/671/641 532/652/626
f 533/672/642 536/673/643 149/674/644
f 149/674/644 1304/675/645 879/676/646
f 149/674/644 1461/677/647 881/669/639
f 149/674/644 1305/668/638 533/672/642
f 150/678/648 1190/679/649 533/672/642
f 533/672/642 882/665/635 150/678/648
f 150/678/648 1465/680/650 887/681/651
f 887/681/651 534/682/652 150/678/648
f 535/683/653 534/682/652 151/684/654
f 151/684/654 1308/685/655 888/686/656
f 151/684/654 1519/687/657 1123/688/658
f 151/684/654 1426/689/659 535/683/653
f 152/690/660 1190/679/649 535/683/653
f 535/683/653 1124/691/661 152/690/660
f 152/690/660 1520/692/662 880/693/663
f 880/693/663 536/673/643 152/690/660
f 537/694/664 540/695/665 153/696/666
f 540/695/665 883/661/631 153/696/666
f 883/661/631 867/697/579 153/696/666
f 153/696/666 1298/698/591 537/694/664
f 154/699/667 1191/700/668 537/694/664
f 537/694/664 868/701/590 154/699/667
f 154/699/667 1514/473/454 1108/472/453
f 1108/472/453 538/702/669 154/699/667
f 539/703/670 538/702/669 155/704/671
f 155/704/671 1418/705/672 1107/469/450
f 1107/469/450 886/706/673 155/704/671
f 155/704/671 1307/707/674 539/703/670
f 156/708/675 1191/700/668 539/703/670
f 539/703/670 885/709/676 156/708/675
f 156/708/675 1465/680/650 884/664/634
f 884/664/634 540/695/665 156/708/675
f 541/710/677 544/711/678 157/712/679
f 157/712/679 1308/685/655 887/681/651
f 887/681/651 885/709/676 157/712/679
f 157/712/679 1307/707/674 541/710/677
f 158/713/680 1192/714/681 541/710/677
f 541/710/677 886/706/673 158/713/680
f 158/713/680 1513/468/449 1106/507/488
f 1106/507/488 542/715/682 158/713/680
f 543/716/683 542/715/682 159/717/684
f 159/717/684 1417/506/487 1105/503/484
f 1105/503/484 1121/718/685 159/717/684
f 1121/718/685 543/716/683 159/717/684
f 160/719/686 1192/714/681 543/716/683
f 160/719/686 1425/720/687 1122/721/688
f 1122/721/688 888/686/656 160/719/686
f 888/686/656 544/711/678 160/719/686
f 545/722/689 548/723/690 161/724/691
f 161/724/691 1309/725/692 889/726/693
f 889/726/693 877/653/627 161/724/691
f 161/724/691 1303/671/641 545/722/689
f 162/727/694 1193/728/695 545/722/689
f 545/722/689 878/670/640 162/727/694
f 162/727/694 1461/677/647 895/729/696
f 162/727/694 1312/730/697 546/731/698
f 547/732/699 546/731/698 163/733/700
f 163/733/700 1312/730/697 896/734/701
f 896/734/701 894/735/702 163/733/700
f 163/733/700 1311/736/703 547/732/699
f 164/737/704 1193/728/695 547/732/699
f 547/732/699 893/738/705 164/737/704
f 164/737/704 1462/739/706 890/740/707
f 890/740/707 548/723/690 164/737/704
f 549/741/708 552/742/709 165/743/710
f 165/743/710 1310/744/711 891/745/712
f 891/745/712 893/738/705 165/743/710
f 165/743/710 1311/736/703 549/741/708
f 166/746/713 1194/747/714 549/741/708
f 549/741/708 894/735/702 166/746/713
f 166/746/713 1466/748/715 899/749/716
f 899/749/716 550/750/717 166/746/713
f 551/751/718 550/750/717 167/752/719
f 167/752/719 1314/753/720 900/754/721
f 900/754/721 1131/755/722 167/752/719
f 167/752/719 1430/756/723 551/751/718
f 168/757/724 1194/747/714 551/751/718
f 551/751/718 1132/758/725 168/757/724
f 168/757/724 1523/759/726 892/760/727
f 892/760/727 552/742/709 168/757/724
f 553/761/728 556/762/729 169/763/730
f 169/763/730 1312/730/697 895/729/696
f 169/763/730 1461/677/647 879/676/646
f 169/763/730 1304/675/645 553/761/728
f 554/764/731 553/761/728 170/765/732
f 170/765/732 1304/675/645 880/693/663
f 880/693/663 1125/766/733 170/765/732
f 170/765/732 1427/767/734 554/764/731
f 171/768/735 1195/769/736 554/764/731
f 171/768/735 1427/767/734 1126/770/737
f 171/768/735 1521/771/738 898/772/739
f 898/772/739 555/773/740 171/768/735
f 172/774/741 1195/769/736 555/773/740
f 172/774/741 1313/775/742 897/776/743
f 897/776/743 896/734/701 172/774/741
f 896/734/701 556/762/729 172/774/741
f 557/777/744 560/778/745 173/779/746
f 173/779/746 1314/753/720 899/749/716
f 899/749/716 897/776/743 173/779/746
f 897/776/743 557/777/744 173/779/746
f 558/780/747 557/777/744 174/781/748
f 174/781/748 1313/775/742 898/772/739
f 898/772/739 1127/782/749 174/781/748
f 174/781/748 1428/783/750 558/780/747
f 559/784/751 558/780/747 175/785/752
f 558/780/747 1128/786/753 175/785/752
f 1128/786/753 1129/787/754 175/785/752
f 175/785/752 1429/788/755 559/784/751
f 176/789/756 1196/790/757 559/784/751
f 559/784/751 1130/791/758 176/789/756
f 176/789/756 1522/792/759 900/754/721
f 900/754/721 560/778/745 176/789/756
f 561/793/760 564/794/761 177/795/762
f 564/794/761 901/585/559 177/795/762
f 177/795/762 1459/796/628 889/797/693
f 889/797/693 561/793/760 177/795/762
f 178/798/763 1197/799/764 561/793/760
f 561/793/760 890/800/707 178/798/763
f 890/800/707 907/801/765 178/798/763
f 907/801/765 562/802/766 178/798/763
f 563/803/767 562/802/766 179/804/768
f 179/804/768 1318/805/769 908/806/770
f 908/806/770 906/807/771 179/804/768
f 179/804/768 1317/808/772 563/803/767
f 564/794/761 563/803/767 180/809/773
f 180/809/773 1317/808/772 905/810/774
f 905/810/774 902/589/563 180/809/773
f 180/809/773 1315/586/560 564/794/761
f 181/811/775 1198/812/776 568/813/777
f 568/813/777 903/621/595 181/811/775
f 181/811/775 1463/590/564 905/810/774
f 905/810/774 565/814/778 181/811/775
f 566/815/779 565/814/778 182/816/780
f 565/814/778 906/807/771 182/816/780
f 906/807/771 911/817/781 182/816/780
f 182/816/780 1320/818/782 566/815/779
f 567/819/783 566/815/779 183/820/784
f 183/820/784 1320/818/782 912/821/785
f 912/821/785 1115/822/786 183/820/784
f 183/820/784 1422/823/787 567/819/783
f 184/824/788 1198/812/776 567/819/783
f 567/819/783 1116/825/789 184/824/788
f 184/824/788 1517/826/790 904/625/599
f 184/824/788 1316/622/596 568/813/777
f 185/827/791 1199/828/792 572/829/793
f 572/829/793 907/801/765 185/827/791
f 185/827/791 1462/830/706 891/831/712
f 891/831/712 569/832/794 185/827/791
f 570/833/795 569/832/794 186/834/796
f 186/834/796 1310/835/711 892/836/727
f 892/836/727 1133/837/797 186/834/796
f 1133/837/797 570/833/795 186/834/796
f 187/838/798 1199/828/792 570/833/795
f 187/838/798 1431/839/799 1134/840/800
f 1134/840/800 910/841/801 187/838/798
f 187/838/798 1319/842/802 571/843/803
f 572/829/793 571/843/803 188/844/804
f 571/843/803 909/845/805 188/844/804
f 188/844/804 1467/846/806 908/806/770
f 908/806/770 572/829/793 188/844/804
f 189/847/807 1200/848/808 576/849/809
f 189/847/807 1320/818/782 911/817/781
f 911/817/781 909/845/805 189/847/807
f 189/847/807 1319/842/802 573/850/810
f 574/851/811 573/850/810 190/852/812
f 190/852/812 1319/842/802 910/841/801
f 910/841/801 1135/853/813 190/852/812
f 190/852/812 1432/854/814 574/851/811
f 191/855/815 1200/848/808 574/851/811
f 574/851/811 1136/856/816 191/855/815
f 191/855/815 1535/857/817 1113/858/818
f 1113/858/818 575/859/819 191/855/815
f 192/860/820 1200/848/808 575/859/819
f 575/859/819 1114/861/821 192/860/820
f 192/860/820 1516/862/822 912/821/785
f 912/821/785 576/849/809 192/860/820
f 193/863/823 1201/864/824 580/865/825
f 193/863/823 1321/866/826 913/867/827
f 193/863/823 1468/868/828 949/869/829
f 949/869/829 577/870/830 193/863/823
f 578/871/831 577/870/830 194/872/832
f 194/872/832 1339/873/833 950/874/834
f 950/874/834 919/875/835 194/872/832
f 194/872/832 1324/876/836 578/871/831
f 195/877/837 1201/864/824 578/871/831
f 578/871/831 920/878/838 195/877/837
f 920/878/838 918/879/839 195/877/837
f 918/879/839 579/880/840 195/877/837
f 196/881/841 1201/864/824 579/880/840
f 196/881/841 1323/882/842 917/883/843
f 917/883/843 914/884/844 196/881/841
f 914/884/844 580/865/825 196/881/841
f 197/885/845 1202/886/846 584/887/847
f 584/887/847 915/888/848 197/885/845
f 197/885/845 1469/889/849 917/883/843
f 917/883/843 581/890/850 197/885/845
f 582/891/851 581/890/850 198/892/852
f 198/892/852 1323/882/842 918/879/839
f 918/879/839 923/893/853 198/892/852
f 198/892/852 1326/894/854 582/891/851
f 199/895/855 1202/886/846 582/891/851
f 582/891/851 924/896/856 199/895/855
f 199/895/855 1524/897/857 1134/840/800
f 1134/840/800 583/898/858 199/895/855
f 584/887/847 583/898/858 200/899/859
f 200/899/859 1431/839/799 1133/837/797
f 1133/837/797 916/900/860 200/899/859
f 200/899/859 1322/901/861 584/887/847
f 201/902/862 1203/903/863 588/904/864
f 588/904/864 919/875/835 201/902/862
f 201/902/862 1472/905/865 951/906/866
f 951/906/866 585/907/867 201/902/862
f 586/908/868 585/907/867 202/909/869
f 202/909/869 1340/910/870 952/911/871
f 202/909/869 1526/912/872 1141/913/873
f 202/909/869 1435/914/874 586/908/868
f 203/915/875 1203/903/863 586/908/868
f 586/908/868 1142/916/876 203/915/875
f 203/915/875 1527/917/877 922/918/878
f 922/918/878 587/919/879 203/915/875
f 204/920/880 1203/903/863 587/919/879
f 204/920/880 1325/921/881 921/922/882
f 204/920/880 1473/923/883 920/878/838
f 204/920/880 1324/876/836 588/904/864
f 205/924/884 1204/925/885 592/926/886
f 592/926/886 923/893/853 205/924/884
f 205/924/884 1473/923/883 921/922/882
f 921/922/882 589/927/887 205/924/884
f 590/928/888 589/927/887 206/929/889
f 206/929/889 1325/921/881 922/918/878
f 922/918/878 1143/930/890 206/929/889
f 206/929/889 1436/931/891 590/928/888
f 207/932/892 1204/925/885 590/928/888
f 590/928/888 1144/933/893 207/932/892
f 1144/933/893 1136/856/816 207/932/892
f 207/932/892 1432/854/814 591/934/894
f 592/926/886 591/934/894 208/935/895
f 208/935/895 1432/854/814 1135/853/813
f 1135/853/813 924/896/856 208/935/895
f 208/935/895 1326/894/854 592/926/886
f 593/936/896 596/937/897 209/938/898
f 596/937/897 925/939/899 209/938/898
f 925/939/899 913/940/827 209/938/898
f 913/940/827 593/936/896 209/938/898
f 210/941/900 1205/942/901 593/936/896
f 593/936/896 914/943/844 210/941/900
f 210/941/900 1469/944/849 931/945/902
f 931/945/902 594/946/903 210/941/900
f 595/947/904 594/946/903 211/948/905
f 211/948/905 1330/949/906 932/950/907
f 211/948/905 1474/951/908 930/952/909
f 930/952/909 595/947/904 211/948/905
f 212/953/910 1205/942/901 595/947/904
f 212/953/910 1329/954/911 929/955/912
f 929/955/912 926/956/913 212/953/910
f 926/956/913 596/937/897 212/953/910
f 213/957/914 1206/958/915 600/959/916
f 600/959/916 927/960/917 213/957/914
f 927/960/917 929/955/912 213/957/914
f 929/955/912 597/961/918 213/957/914
f 598/962/919 597/961/918 214/963/920
f 214/963/920 1329/954/911 930/952/909
f 930/952/909 935/964/921 214/963/920
f 214/963/920 1332/965/922 598/962/919
f 215/966/923 1206/958/915 598/962/919
f 598/962/919 936/967/924 215/966/923
f 215/966/923 1528/968/925 1147/969/926
f 1147/969/926 599/970/927 215/966/923
f 216/971/928 1206/958/915 599/970/927
f 599/970/927 1148/972/929 216/971/928
f 216/971/928 1529/973/930 928/974/931
f 928/974/931 600/959/916 216/971/928
f 601/975/932 604/976/933 217/977/934
f 217/977/934 1330/949/906 931/945/902
f 931/945/902 915/978/848 217/977/934
f 217/977/934 1322/979/861 601/975/932
f 218/980/935 1207/981/936 601/975/932
f 601/975/932 916/982/860 218/980/935
f 916/982/860 1132/758/725 218/980/935
f 218/980/935 1430/756/723 602/983/937
f 603/984/938 602/983/937 219/985/939
f 602/983/937 1131/755/722 219/985/939
f 219/985/939 1522/792/759 934/986/940
f 219/985/941 1331/987/942 603/984/943
f 220/988/944 1207/981/936 603/984/938
f 220/988/944 1331/987/942 933/989/945
f 933/989/945 932/950/907 220/988/944
f 932/950/907 604/976/933 220/988/944
f 221/990/946 1208/991/947 608/992/948
f 608/992/948 935/964/921 221/990/946
f 221/990/946 1474/951/908 933/989/945
f 933/989/945 605/993/949 221/990/946
f 222/994/950 1208/991/947 605/993/949
f 222/994/950 1331/987/942 934/986/940
f 934/986/940 1130/791/758 222/994/950
f 222/994/950 1429/788/755 606/995/951
f 223/996/952 1208/991/947 606/995/951
f 606/995/951 1129/787/754 223/996/952
f 223/996/952 1536/997/953 1145/998/954
f 1145/998/954 607/999/955 223/996/952
f 608/992/948 607/999/955 224/1000/956
f 224/1000/956 1437/1001/957 1146/1002/958
f 1146/1002/958 936/967/924 224/1000/956
f 224/1000/956 1332/965/922 608/992/948
f 225/1003/959 1209/1004/960 612/1005/961
f 612/1005/961 937/1006/962 225/1003/959
f 225/1003/959 1468/1007/828 925/939/899
f 925/939/899 609/1008/963 225/1003/959
f 610/1009/964 609/1008/963 226/1010/965
f 226/1010/965 1327/1011/966 926/956/913
f 926/956/913 943/1012/967 226/1010/965
f 226/1010/965 1336/1013/968 610/1009/964
f 611/1014/969 610/1009/964 227/1015/970
f 227/1015/970 1336/1013/968 944/1016/971
f 944/1016/971 942/1017/972 227/1015/970
f 227/1015/970 1335/1018/973 611/1014/969
f 228/1019/974 1209/1004/960 611/1014/969
f 611/1014/969 941/1020/975 228/1019/974
f 941/1020/975 938/1021/976 228/1019/974
f 228/1019/974 1333/1022/977 612/1005/961
f 613/1023/978 616/1024/979 229/1025/980
f 229/1025/980 1334/1026/981 939/1027/982
f 939/1027/982 941/1020/975 229/1025/980
f 229/1025/980 1335/1018/973 613/1023/978
f 230/1028/983 1210/1029/984 613/1023/978
f 613/1023/978 942/1017/972 230/1028/983
f 942/1017/972 947/1030/985 230/1028/983
f 230/1028/983 1338/1031/986 614/1032/987
f 231/1033/988 1210/1029/984 614/1032/987
f 614/1032/987 948/1034/989 231/1033/988
f 231/1033/988 1500/144/138 1070/134/128
f 1070/134/128 615/1035/990 231/1033/988
f 232/1036/991 1210/1029/984 615/1035/990
f 232/1036/991 1399/133/127 1069/129/123
f 1069/129/123 940/1037/992 232/1036/991
f 940/1037/992 616/1024/979 232/1036/991
f 233/1038/993 1211/1039/994 620/1040/995
f 620/1040/995 943/1012/967 233/1038/993
f 233/1038/993 1470/1041/996 927/960/917
f 927/960/917 617/1042/997 233/1038/993
f 234/1043/998 1211/1039/994 617/1042/997
f 234/1043/998 1328/1044/999 928/974/931
f 234/1043/998 1529/973/930 1149/1045/1000
f 1149/1045/1000 618/1046/1001 234/1043/998
f 235/1047/1002 1211/1039/994 618/1046/1001
f 235/1047/1002 1439/1048/1003 1150/1049/1004
f 235/1047/1002 1530/1050/1005 946/1051/1006
f 946/1051/1006 619/1052/1007 235/1047/1002
f 620/1040/995 619/1052/1007 236/1053/1008
f 236/1053/1008 1337/1054/1009 945/1055/1010
f 236/1053/1008 1475/1056/1011 944/1016/971
f 236/1053/1008 1336/1013/968 620/1040/995
f 237/1057/1012 1212/1058/1013 624/1059/1014
f 624/1059/1014 947/1030/985 237/1057/1012
f 947/1030/985 945/1055/1010 237/1057/1012
f 945/1055/1010 621/1060/1015 237/1057/1012
f 622/1061/1016 621/1060/1015 238/1062/1017
f 238/1062/1017 1337/1054/1009 946/1051/1006
f 946/1051/1006 1151/1063/1018 238/1062/1017
f 1151/1063/1018 622/1061/1016 238/1062/1017
f 239/1064/1019 1212/1058/1013 622/1061/1016
f 622/1061/1016 1152/1065/1020 239/1064/1019
f 239/1064/1019 1532/1066/1021 1072/150/144
f 1072/150/144 623/1067/1022 239/1064/1019
f 624/1059/1014 623/1067/1022 240/1068/1023
f 240/1068/1023 1400/149/143 1071/145/139
f 1071/145/139 948/1034/989 240/1068/1023
f 240/1068/1023 1338/1031/986 624/1059/1014
f 625/1069/1024 628/1070/1025 241/1071/1026
f 241/1071/1026 1339/873/833 949/869/829
f 949/869/829 937/1072/962 241/1071/1026
f 241/1071/1026 1333/1073/977 625/1069/1024
f 242/1074/1027 1213/1075/1028 625/1069/1024
f 625/1069/1024 938/1076/976 242/1074/1027
f 242/1074/1027 1471/1077/1029 955/1078/1030
f 242/1074/1027 1342/1079/1031 626/1080/1032
f 243/1081/1033 1213/1075/1028 626/1080/1032
f 626/1080/1032 956/1082/1034 243/1081/1033
f 243/1081/1033 1476/1083/1035 954/1084/1036
f 954/1084/1036 627/1085/1037 243/1081/1033
f 628/1070/1025 627/1085/1037 244/1086/1038
f 627/1085/1037 953/1087/1039 244/1086/1038
f 244/1086/1038 1472/905/865 950/874/834
f 950/874/834 628/1070/1025 244/1086/1038
f 629/1088/1040 632/1089/1041 245/1090/1042
f 245/1090/1042 1340/910/870 951/906/866
f 951/906/866 953/1087/1039 245/1090/1042
f 953/1087/1039 629/1088/1040 245/1090/1042
f 246/1091/1043 1214/1092/1044 629/1088/1040
f 629/1088/1040 954/1084/1036 246/1091/1043
f 246/1091/1043 1476/1083/1035 959/1093/1045
f 959/1093/1045 630/1094/1046 246/1091/1043
f 247/1095/1047 1214/1092/1044 630/1094/1046
f 247/1095/1047 1344/1096/1048 960/1097/1049
f 960/1097/1049 1139/1098/1050 247/1095/1047
f 1139/1098/1050 631/1099/1051 247/1095/1047
f 632/1089/1041 631/1099/1051 248/1100/1052
f 248/1100/1052 1434/1101/1053 1140/1102/1054
f 1140/1102/1054 952/911/871 248/1100/1052
f 248/1100/1052 1340/910/870 632/1089/1041
f 249/1103/1055 1215/1104/1056 636/1105/1057
f 636/1105/1057 955/1078/1030 249/1103/1055
f 249/1103/1055 1471/1077/1029 939/1106/982
f 939/1106/982 633/1107/1058 249/1103/1055
f 634/1108/1059 633/1107/1058 250/1109/1060
f 250/1109/1060 1334/1110/981 940/1111/992
f 940/1111/992 1068/39/39 250/1109/1060
f 250/1109/1060 1398/37/37 634/1108/1059
f 251/1112/1061 1215/1104/1056 634/1108/1059
f 634/1108/1059 1067/36/36 251/1112/1061
f 251/1112/1061 1498/78/78 958/1113/1062
f 958/1113/1062 635/1114/1063 251/1112/1061
f 636/1105/1057 635/1114/1063 252/1115/1064
f 252/1115/1064 1343/1116/1065 957/1117/1066
f 957/1117/1066 956/1082/1034 252/1115/1064
f 252/1115/1064 1342/1079/1031 636/1105/1057
f 253/1118/1067 1216/1119/1068 640/1120/1069
f 253/1118/1067 1344/1096/1048 959/1093/1045
f 253/1118/1067 1476/1083/1035 957/1117/1066
f 957/1117/1066 637/1121/1070 253/1118/1067
f 638/1122/1071 637/1121/1070 254/1123/1072
f 254/1123/1072 1343/1116/1065 958/1113/1062
f 958/1113/1062 1066/77/77 254/1123/1072
f 254/1123/1072 1397/1124/1073 638/1122/1071
f 639/1125/1074 638/1122/1071 255/1126/1075
f 255/1126/1075 1397/1124/1073 1065/74/74
f 1065/74/74 1137/1127/1076 255/1126/1075
f 255/1126/1075 1433/1128/1077 639/1125/1074
f 256/1129/1078 1216/1119/1068 639/1125/1074
f 639/1125/1074 1138/1130/1079 256/1129/1078
f 256/1129/1078 1525/1131/1080 960/1097/1049
f 960/1097/1049 640/1120/1069 256/1129/1078
f 257/1132/1081 1217/1133/1082 644/1134/1083
f 644/1134/1083 961/1135/1084 257/1132/1081
f 961/1135/1084 997/1136/1085 257/1132/1081
f 997/1136/1085 641/1137/1086 257/1132/1081
f 642/1138/1087 641/1137/1086 258/1139/1088
f 258/1139/1088 1363/1140/1089 998/1141/1090
f 998/1141/1090 967/1142/1091 258/1139/1088
f 258/1139/1088 1348/1143/1092 642/1138/1087
f 259/1144/1093 1217/1133/1082 642/1138/1087
f 642/1138/1087 968/1145/1094 259/1144/1093
f 259/1144/1093 1482/1146/1095 966/1147/1096
f 259/1144/1093 1347/1148/1097 643/1149/1098
f 644/1134/1083 643/1149/1098 260/1150/1099
f 260/1150/1099 1347/1148/1097 965/1151/1100
f 965/1151/1100 962/1152/1101 260/1150/1099
f 260/1150/1099 1345/1153/1102 644/1134/1083
f 261/1154/1103 1218/1155/1104 648/1156/1105
f 648/1156/1105 963/1157/1106 261/1154/1103
f 261/1154/1103 1478/1158/1107 965/1151/1100
f 965/1151/1100 645/1159/1108 261/1154/1103
f 646/1160/1109 645/1159/1108 262/1161/1110
f 262/1161/1110 1347/1148/1097 966/1147/1096
f 262/1161/1110 1482/1146/1095 971/1162/1111
f 262/1161/1110 1350/1163/1112 646/1160/1109
f 263/1164/1113 1218/1155/1104 646/1160/1109
f 646/1160/1109 972/1165/1114 263/1164/1113
f 263/1164/1113 1509/356/342 1094/345/331
f 1094/345/331 647/1166/1115 263/1164/1113
f 648/1156/1105 647/1166/1115 264/1167/1116
f 264/1167/1116 1411/341/327 1093/340/326
f 264/1167/1116 1508/1168/1117 964/1169/1118
f 264/1167/1116 1346/1170/1119 648/1156/1105
f 265/1171/1120 1219/1172/1121 652/1173/1122
f 652/1173/1122 967/1142/1091 265/1171/1120
f 967/1142/1091 999/1174/1123 265/1171/1120
f 999/1174/1123 649/1175/1124 265/1171/1120
f 650/1176/1125 649/1175/1124 266/1177/1126
f 266/1177/1126 1364/1178/1127 1000/1179/1128
f 266/1177/1126 1496/52/52 1060/260/249
f 266/1177/1126 1394/1180/1129 650/1176/1125
f 267/1181/1130 1219/1172/1121 650/1176/1125
f 650/1176/1125 1059/258/247 267/1181/1130
f 1059/258/247 970/1182/1131 267/1181/1130
f 970/1182/1131 651/1183/1132 267/1181/1130
f 652/1173/1122 651/1183/1132 268/1184/1133
f 268/1184/1133 1349/1185/1134 969/1186/1135
f 969/1186/1135 968/1145/1094 268/1184/1133
f 968/1145/1094 652/1173/1122 268/1184/1133
f 269/1187/1136 1220/1188/1137 656/1189/1138
f 656/1189/1138 971/1162/1111 269/1187/1136
f 269/1187/1136 1482/1146/1095 969/1186/1135
f 969/1186/1135 653/1190/1139 269/1187/1136
f 654/1191/1140 653/1190/1139 270/1192/1141
f 270/1192/1141 1349/1185/1134 970/1182/1131
f 270/1192/1141 1495/257/246 1058/295/281
f 1058/295/281 654/1191/1140 270/1192/1141
f 271/1193/1142 1220/1188/1137 654/1191/1140
f 654/1191/1140 1057/292/278 271/1193/1142
f 271/1193/1142 1533/361/347 1096/360/346
f 271/1193/1142 1412/358/344 655/1194/1143
f 656/1189/1138 655/1194/1143 272/1195/1144
f 272/1195/1144 1412/358/344 1095/357/343
f 1095/357/343 972/1165/1114 272/1195/1144
f 272/1195/1144 1350/1163/1112 656/1189/1138
f 273/1196/1145 1221/1197/1146 660/1198/1147
f 660/1198/1147 973/1199/1148 273/1196/1145
f 273/1196/1145 1477/1200/1149 961/1135/1084
f 961/1135/1084 657/1201/1150 273/1196/1145
f 274/1202/1151 1221/1197/1146 657/1201/1150
f 274/1202/1151 1345/1153/1102 962/1152/1101
f 962/1152/1101 979/1203/1152 274/1202/1151
f 979/1203/1152 658/1204/1153 274/1202/1151
f 659/1205/1154 658/1204/1153 275/1206/1155
f 275/1206/1155 1354/1207/1156 980/1208/1157
f 275/1206/1155 1483/1209/1158 978/1210/1159
f 978/1210/1159 659/1205/1154 275/1206/1155
f 276/1211/1160 1221/1197/1146 659/1205/1154
f 276/1211/1160 1353/1212/1161 977/1213/1162
f 977/1213/1162 974/1214/1163 276/1211/1160
f 276/1211/1160 1351/1215/1164 660/1198/1147
f 661/1216/1165 664/1217/1166 277/1218/1167
f 277/1218/1167 1352/1219/1168 975/1220/1169
f 277/1218/1167 1479/1221/1170 977/1213/1162
f 977/1213/1162 661/1216/1165 277/1218/1167
f 278/1222/1171 1222/1223/1172 661/1216/1165
f 278/1222/1171 1353/1212/1161 978/1210/1159
f 978/1210/1159 983/1224/1173 278/1222/1171
f 278/1222/1171 1356/1225/1174 662/1226/1175
f 663/1227/1176 662/1226/1175 279/1228/1177
f 279/1228/1177 1356/1225/1174 984/1229/1178
f 279/1228/1177 1518/642/616 1118/630/604
f 1118/630/604 663/1227/1176 279/1228/1177
f 280/1230/1179 1222/1223/1172 663/1227/1176
f 280/1230/1179 1423/627/601 1117/626/600
f 280/1230/1179 1517/826/790 976/1231/1180
f 976/1231/1180 664/1217/1166 280/1230/1179
f 665/1232/1181 668/1233/1182 281/1234/1183
f 281/1234/1183 1354/1207/1156 979/1203/1152
f 979/1203/1152 963/1157/1106 281/1234/1183
f 963/1157/1106 665/1232/1181 281/1234/1183
f 666/1235/1184 665/1232/1181 282/1236/1185
f 282/1236/1185 1346/1170/1119 964/1169/1118
f 964/1169/1118 1092/543/521 282/1236/1185
f 282/1236/1185 1410/541/519 666/1235/1184
f 283/1237/1186 1223/1238/1187 666/1235/1184
f 666/1235/1184 1091/540/518 283/1237/1186
f 1091/540/518 982/1239/1188 283/1237/1186
f 982/1239/1188 667/1240/1189 283/1237/1186
f 668/1233/1182 667/1240/1189 284/1241/1190
f 284/1241/1190 1355/1242/1191 981/1243/1192
f 981/1243/1192 980/1208/1157 284/1241/1190
f 284/1241/1190 1354/1207/1156 668/1233/1182
f 285/1244/1193 1224/1245/1194 672/1246/1195
f 672/1246/1195 983/1224/1173 285/1244/1193
f 285/1244/1193 1483/1209/1158 981/1243/1192
f 981/1243/1192 669/1247/1196 285/1244/1193
f 670/1248/1197 669/1247/1196 286/1249/1198
f 669/1247/1196 982/1239/1188 286/1249/1198
f 286/1249/1198 1507/1250/1199 1090/579/553
f 286/1249/1198 1409/578/552 670/1248/1197
f 287/1251/1200 1224/1245/1194 670/1248/1197
f 670/1248/1197 1089/575/549 287/1251/1200
f 287/1251/1200 1537/574/548 1120/648/622
f 1120/648/622 671/1252/1201 287/1251/1200
f 672/1246/1195 671/1252/1201 288/1253/1202
f 288/1253/1202 1424/647/621 1119/643/617
f 1119/643/617 984/1229/1178 288/1253/1202
f 984/1229/1178 672/1246/1195 288/1253/1202
f 673/1254/1203 676/1255/1204 289/1256/1205
f 289/1256/1205 1357/1257/1206 985/1258/1207
f 985/1258/1207 973/1199/1148 289/1256/1205
f 289/1256/1205 1351/1215/1164 673/1254/1203
f 290/1259/1208 1225/1260/1209 673/1254/1203
f 673/1254/1203 974/1214/1163 290/1259/1208
f 290/1259/1208 1479/1221/1170 991/1261/1210
f 290/1259/1208 1360/1262/1211 674/1263/1212
f 291/1264/1213 1225/1260/1209 674/1263/1212
f 674/1263/1212 992/1265/1214 291/1264/1213
f 291/1264/1213 1484/1266/1215 990/1267/1216
f 990/1267/1216 675/1268/1217 291/1264/1213
f 292/1269/1218 1225/1260/1209 675/1268/1217
f 292/1269/1218 1359/1270/1219 989/1271/1220
f 292/1269/1218 1480/1272/1221 986/1273/1222
f 986/1273/1222 676/1255/1204 292/1269/1218
f 293/1274/1223 1226/1275/1224 680/1276/1225
f 293/1274/1223 1358/1277/1226 987/1278/1227
f 987/1278/1227 989/1271/1220 293/1274/1223
f 989/1271/1220 677/1279/1228 293/1274/1223
f 678/1280/1229 677/1279/1228 294/1281/1230
f 294/1281/1230 1359/1270/1219 990/1267/1216
f 990/1267/1216 995/1282/1231 294/1281/1230
f 294/1281/1230 1362/1283/1232 678/1280/1229
f 295/1284/1233 1226/1275/1224 678/1280/1229
f 678/1280/1229 996/1285/1234 295/1284/1233
f 295/1284/1233 1527/917/877 1142/916/876
f 1142/916/876 679/1286/1235 295/1284/1233
f 680/1276/1225 679/1286/1235 296/1287/1236
f 296/1287/1236 1435/914/874 1141/913/873
f 1141/913/873 988/1288/1237 296/1287/1236
f 296/1287/1236 1358/1277/1226 680/1276/1225
f 297/1289/1238 1227/1290/1239 684/1291/1240
f 684/1291/1240 991/1261/1210 297/1289/1238
f 297/1289/1238 1479/1221/1170 975/1220/1169
f 975/1220/1169 681/1292/1241 297/1289/1238
f 682/1293/1242 681/1292/1241 298/1294/1243
f 298/1294/1243 1352/1219/1168 976/1231/1180
f 976/1231/1180 1116/825/789 298/1294/1243
f 298/1294/1243 1422/823/787 682/1293/1242
f 299/1295/1244 1227/1290/1239 682/1293/1242
f 682/1293/1242 1115/822/786 299/1295/1244
f 299/1295/1244 1516/862/822 994/1296/1245
f 994/1296/1245 683/1297/1246 299/1295/1244
f 684/1291/1240 683/1297/1246 300/1298/1247
f 300/1298/1247 1361/1299/1248 993/1300/1249
f 993/1300/1249 992/1265/1214 300/1298/1247
f 300/1298/1247 1360/1262/1211 684/1291/1240
f 301/1301/1250 1228/1302/1251 688/1303/1252
f 688/1303/1252 995/1282/1231 301/1301/1250
f 301/1301/1250 1484/1266/1215 993/1300/1249
f 993/1300/1249 685/1304/1253 301/1301/1250
f 686/1305/1254 685/1304/1253 302/1306/1255
f 302/1306/1255 1361/1299/1248 994/1296/1245
f 994/1296/1245 1114/861/821 302/1306/1255
f 302/1306/1255 1421/1307/1256 686/1305/1254
f 303/1308/1257 1228/1302/1251 686/1305/1254
f 686/1305/1254 1113/858/818 303/1308/1257
f 303/1308/1257 1535/857/817 1144/933/893
f 1144/933/893 687/1309/1258 303/1308/1257
f 688/1303/1252 687/1309/1258 304/1310/1259
f 687/1309/1258 1143/930/890 304/1310/1259
f 1143/930/890 996/1285/1234 304/1310/1259
f 304/1310/1259 1362/1283/1232 688/1303/1252
f 305/1311/1260 1229/1312/1261 692/1313/1262
f 692/1313/1262 997/1136/1085 305/1311/1260
f 305/1311/1260 1477/1200/1149 985/1258/1207
f 985/1258/1207 689/1314/1263 305/1311/1260
f 690/1315/1264 689/1314/1263 306/1316/1265
f 306/1316/1265 1357/1257/1206 986/1273/1222
f 986/1273/1222 1003/1317/1266 306/1316/1265
f 306/1316/1265 1366/1318/1267 690/1315/1264
f 307/1319/1268 1229/1312/1261 690/1315/1264
f 690/1315/1264 1004/1320/1269 307/1319/1268
f 1004/1320/1269 1002/1321/1270 307/1319/1268
f 307/1319/1268 1365/1322/1271 691/1323/1272
f 692/1313/1262 691/1323/1272 308/1324/1273
f 691/1323/1272 1001/1325/1274 308/1324/1273
f 308/1324/1273 1481/1326/1275 998/1141/1090
f 998/1141/1090 692/1313/1262 308/1324/1273
f 693/1327/1276 696/1328/1277 309/1329/1278
f 309/1329/1278 1364/1178/1127 999/1174/1123
f 999/1174/1123 1001/1325/1274 309/1329/1278
f 309/1329/1278 1365/1322/1271 693/1327/1276
f 310/1330/1279 1230/1331/1280 693/1327/1276
f 693/1327/1276 1002/1321/1270 310/1330/1279
f 310/1330/1279 1485/1332/1281 1007/1333/1282
f 310/1330/1279 1368/1334/1283 694/1335/1284
f 695/1336/1285 694/1335/1284 311/1337/1286
f 694/1335/1284 1008/1338/1287 311/1337/1286
f 311/1337/1286 1497/67/67 1062/57/57
f 1062/57/57 695/1336/1285 311/1337/1286
f 696/1328/1277 695/1336/1285 312/1339/1288
f 312/1339/1288 1395/56/56 1061/53/53
f 1061/53/53 1000/1179/1128 312/1339/1288
f 1000/1179/1128 696/1328/1277 312/1339/1288
f 313/1340/1289 1231/1341/1290 700/1342/1291
f 700/1342/1291 1003/1317/1266 313/1340/1289
f 313/1340/1289 1480/1272/1221 987/1278/1227
f 987/1278/1227 697/1343/1292 313/1340/1289
f 698/1344/1293 697/1343/1292 314/1345/1294
f 314/1345/1294 1358/1277/1226 988/1288/1237
f 988/1288/1237 1140/1102/1054 314/1345/1294
f 314/1345/1294 1434/1101/1053 698/1344/1293
f 315/1346/1295 1231/1341/1290 698/1344/1293
f 315/1346/1295 1434/1101/1053 1139/1098/1050
f 1139/1098/1050 1006/1347/1296 315/1346/1295
f 315/1346/1295 1367/1348/1297 699/1349/1298
f 700/1342/1291 699/1349/1298 316/1350/1299
f 699/1349/1298 1005/1351/1300 316/1350/1299
f 316/1350/1299 1485/1332/1281 1004/1320/1269
f 1004/1320/1269 700/1342/1291 316/1350/1299
f 317/1352/1301 1232/1353/1302 704/1354/1303
f 704/1354/1303 1007/1333/1282 317/1352/1301
f 1007/1333/1282 1005/1351/1300 317/1352/1301
f 317/1352/1301 1367/1348/1297 701/1355/1304
f 702/1356/1305 701/1355/1304 318/1357/1306
f 318/1357/1306 1367/1348/1297 1006/1347/1296
f 1006/1347/1296 1138/1130/1079 318/1357/1306
f 318/1357/1306 1433/1128/1077 702/1356/1305
f 319/1358/1307 1232/1353/1302 702/1356/1305
f 702/1356/1305 1137/1127/1076 319/1358/1307
f 319/1358/1307 1531/73/73 1064/72/72
f 1064/72/72 703/1359/1308 319/1358/1307
f 704/1354/1303 703/1359/1308 320/1360/1309
f 320/1360/1309 1396/71/71 1063/68/68
f 1063/68/68 1008/1338/1287 320/1360/1309
f 320/1360/1309 1368/1334/1283 704/1354/1303
f 321/1361/1310 1233/1362/1311 708/1363/1312
f 708/1363/1312 1009/1364/1313 321/1361/1310
f 321/1361/1310 1486/1365/1314 1045/1366/1315
f 1045/1366/1315 705/1367/1316 321/1361/1310
f 706/1368/1317 705/1367/1316 322/1369/1318
f 322/1369/1318 1387/1370/1319 1046/1371/1320
f 1046/1371/1320 1015/1372/1321 322/1369/1318
f 322/1369/1318 1372/1373/1322 706/1368/1317
f 323/1374/1323 1233/1362/1311 706/1368/1317
f 706/1368/1317 1016/1375/1324 323/1374/1323
f 1016/1375/1324 1014/1376/1325 323/1374/1323
f 1014/1376/1325 707/1377/1326 323/1374/1323
f 708/1363/1312 707/1377/1326 324/1378/1327
f 324/1378/1327 1371/1379/1328 1013/1380/1329
f 1013/1380/1329 1010/1381/1330 324/1378/1327
f 1010/1381/1330 708/1363/1312 324/1378/1327
f 325/1382/1331 1234/1383/1332 712/1384/1333
f 712/1384/1333 1011/1385/1334 325/1382/1331
f 325/1382/1331 1487/1386/1335 1013/1380/1329
f 1013/1380/1329 709/1387/1336 325/1382/1331
f 326/1388/1337 1234/1383/1332 709/1387/1336
f 326/1388/1337 1371/1379/1328 1014/1376/1325
f 326/1388/1337 1491/1389/1338 1019/1390/1339
f 1019/1390/1339 710/1391/1340 326/1388/1337
f 711/1392/1341 710/1391/1340 327/1393/1342
f 327/1393/1342 1374/1394/1343 1020/1395/1344
f 1020/1395/1344 1102/485/466 327/1393/1342
f 327/1393/1342 1415/483/464 711/1392/1341
f 712/1384/1333 711/1392/1341 328/1396/1345
f 328/1396/1345 1415/483/464 1101/482/463
f 1101/482/463 1012/1397/1346 328/1396/1345
f 328/1396/1345 1370/1398/1347 712/1384/1333
f 329/1399/1348 1235/1400/1349 716/1401/1350
f 716/1401/1350 1015/1372/1321 329/1399/1348
f 1015/1372/1321 1047/1402/1351 329/1399/1348
f 1047/1402/1351 713/1403/1352 329/1399/1348
f 714/1404/1353 713/1403/1352 330/1405/1354
f 330/1405/1354 1388/1406/1355 1048/1407/1356
f 1048/1407/1356 1124/691/661 330/1405/1354
f 330/1405/1354 1426/689/659 714/1404/1353
f 331/1408/1357 1235/1400/1349 714/1404/1353
f 331/1408/1357 1426/689/659 1123/688/658
f 1123/688/658 1018/1409/1358 331/1408/1357
f 1018/1409/1358 715/1410/1359 331/1408/1357
f 716/1401/1350 715/1410/1359 332/1411/1360
f 332/1411/1360 1373/1412/1361 1017/1413/1362
f 332/1411/1360 1491/1389/1338 1016/1375/1324
f 332/1411/1360 1372/1373/1322 716/1401/1350
f 717/1414/1363 720/1415/1364 333/1416/1365
f 333/1416/1365 1374/1394/1343 1019/1390/1339
f 1019/1390/1339 1017/1413/1362 333/1416/1365
f 1017/1413/1362 717/1414/1363 333/1416/1365
f 718/1417/1366 717/1414/1363 334/1418/1367
f 334/1418/1367 1373/1412/1361 1018/1409/1358
f 1018/1409/1358 1122/721/688 334/1418/1367
f 334/1418/1367 1425/720/687 718/1417/1366
f 335/1419/1368 1236/1420/1369 718/1417/1366
f 718/1417/1366 1121/718/685 335/1419/1368
f 335/1419/1368 1538/502/483 1104/501/482
f 1104/501/482 719/1421/1370 335/1419/1368
f 336/1422/1371 1236/1420/1369 719/1421/1370
f 719/1421/1370 1103/498/479 336/1422/1371
f 336/1422/1371 1512/486/467 1020/1395/1344
f 1020/1395/1344 720/1415/1364 336/1422/1371
f 721/1423/1372 724/1424/1373 337/1425/1374
f 724/1424/1373 1021/1426/1375 337/1425/1374
f 1021/1426/1375 1009/1364/1313 337/1425/1374
f 337/1425/1374 1369/1427/1376 721/1423/1372
f 338/1428/1377 1237/1429/1378 721/1423/1372
f 721/1423/1372 1010/1381/1330 338/1428/1377
f 1010/1381/1330 1027/1430/1379 338/1428/1377
f 338/1428/1377 1378/1431/1380 722/1432/1381
f 339/1433/1382 1237/1429/1378 722/1432/1381
f 722/1432/1381 1028/1434/1383 339/1433/1382
f 339/1433/1382 1492/1435/1384 1026/1436/1385
f 1026/1436/1385 723/1437/1386 339/1433/1382
f 724/1424/1373 723/1437/1386 340/1438/1387
f 340/1438/1387 1377/1439/1388 1025/1440/1389
f 340/1438/1387 1488/1441/1390 1022/1442/1391
f 1022/1442/1391 724/1424/1373 340/1438/1387
f 725/1443/1392 728/1444/1393 341/1445/1394
f 341/1445/1394 1376/1446/1395 1023/1447/1396
f 1023/1447/1396 1025/1440/1389 341/1445/1394
f 1025/1440/1389 725/1443/1392 341/1445/1394
f 726/1448/1397 725/1443/1392 342/1449/1398
f 342/1449/1398 1377/1439/1388 1026/1436/1385
f 1026/1436/1385 1031/1450/1399 342/1449/1398
f 342/1449/1398 1380/1451/1400 726/1448/1397
f 343/1452/1401 1238/1453/1402 726/1448/1397
f 726/1448/1397 1032/1454/1403 343/1452/1401
f 343/1452/1401 1503/214/208 1078/204/198
f 1078/204/198 727/1455/1404 343/1452/1401
f 344/1456/1405 1238/1453/1402 727/1455/1404
f 344/1456/1405 1403/200/194 1077/199/193
f 344/1456/1405 1502/198/192 1024/1457/1406
f 1024/1457/1406 728/1444/1393 344/1456/1405
f 345/1458/1407 1239/1459/1408 732/1460/1409
f 732/1460/1409 1027/1430/1379 345/1458/1407
f 1027/1430/1379 1011/1385/1334 345/1458/1407
f 345/1458/1407 1370/1398/1347 729/1461/1410
f 730/1462/1411 729/1461/1410 346/1463/1412
f 729/1461/1410 1012/1397/1346 346/1463/1412
f 346/1463/1412 1511/481/462 1100/404/388
f 1100/404/388 730/1462/1411 346/1463/1412
f 347/1464/1413 1239/1459/1408 730/1462/1411
f 347/1464/1413 1414/403/387 1099/400/384
f 1099/400/384 1030/1465/1414 347/1464/1413
f 1030/1465/1414 731/1466/1415 347/1464/1413
f 732/1460/1409 731/1466/1415 348/1467/1416
f 348/1467/1416 1379/1468/1417 1029/1469/1418
f 1029/1469/1418 1028/1434/1383 348/1467/1416
f 348/1467/1416 1378/1431/1380 732/1460/1409
f 349/1470/1419 1240/1471/1420 736/1472/1421
f 736/1472/1421 1031/1450/1399 349/1470/1419
f 349/1470/1419 1492/1435/1384 1029/1469/1418
f 1029/1469/1418 733/1473/1422 349/1470/1419
f 734/1474/1423 733/1473/1422 350/1475/1424
f 350/1475/1424 1379/1468/1417 1030/1465/1414
f 350/1475/1424 1510/399/383 1098/435/416
f 1098/435/416 734/1474/1423 350/1475/1424
f 351/1476/1425 1240/1471/1420 734/1474/1423
f 734/1474/1423 1097/431/412 351/1476/1425
f 351/1476/1425 1534/430/411 1080/220/214
f 1080/220/214 735/1477/1426 351/1476/1425
f 736/1472/1421 735/1477/1426 352/1478/1427
f 352/1478/1427 1404/219/213 1079/215/209
f 1079/215/209 1032/1454/1403 352/1478/1427
f 352/1478/1427 1380/1451/1400 736/1472/1421
f 737/1479/1428 740/1480/1429 353/1481/1430
f 353/1481/1430 1381/1482/1431 1033/1483/1432
f 1033/1483/1432 1021/1426/1375 353/1481/1430
f 353/1481/1430 1375/1484/1433 737/1479/1428
f 738/1485/1434 737/1479/1428 354/1486/1435
f 354/1486/1435 1375/1484/1433 1022/1442/1391
f 1022/1442/1391 1039/1487/1436 354/1486/1435
f 354/1486/1435 1384/1488/1437 738/1485/1434
f 355/1489/1438 1241/1490/1439 738/1485/1434
f 355/1489/1438 1384/1488/1437 1040/1491/1440
f 1040/1491/1440 1038/1492/1441 355/1489/1438
f 1038/1492/1441 739/1493/1442 355/1489/1438
f 740/1480/1429 739/1493/1442 356/1494/1443
f 356/1494/1443 1383/1495/1444 1037/1496/1445
f 1037/1496/1445 1034/1497/1446 356/1494/1443
f 356/1494/1443 1381/1482/1431 740/1480/1429
f 357/1498/1447 1242/1499/1448 744/1500/1449
f 744/1500/1449 1035/1501/1450 357/1498/1447
f 357/1498/1447 1489/1502/1451 1037/1496/1445
f 1037/1496/1445 741/1503/1452 357/1498/1447
f 742/1504/1453 741/1503/1452 358/1505/1454
f 358/1505/1454 1383/1495/1444 1038/1492/1441
f 1038/1492/1441 1043/1506/1455 358/1505/1454
f 358/1505/1454 1386/1507/1456 742/1504/1453
f 359/1508/1457 1242/1499/1448 742/1504/1453
f 742/1504/1453 1044/1509/1458 359/1508/1457
f 359/1508/1457 1530/1050/1005 1150/1049/1004
f 1150/1049/1004 743/1510/1459 359/1508/1457
f 744/1500/1449 743/1510/1459 360/1511/1460
f 360/1511/1460 1439/1048/1003 1149/1045/1000
f 1149/1045/1000 1036/1512/1461 360/1511/1460
f 360/1511/1460 1382/1513/1462 744/1500/1449
f 361/1514/1463 1243/1515/1464 748/1516/1465
f 748/1516/1465 1039/1487/1436 361/1514/1463
f 361/1514/1463 1488/1441/1390 1023/1447/1396
f 1023/1447/1396 745/1517/1466 361/1514/1463
f 746/1518/1467 745/1517/1466 362/1519/1468
f 362/1519/1468 1376/1446/1395 1024/1457/1406
f 1024/1457/1406 1076/118/115 362/1519/1468
f 362/1519/1468 1402/115/112 746/1518/1467
f 363/1520/1469 1243/1515/1464 746/1518/1467
f 746/1518/1467 1075/114/111 363/1520/1469
f 363/1520/1469 1501/1521/1470 1042/1522/1471
f 1042/1522/1471 747/1523/1472 363/1520/1469
f 748/1516/1465 747/1523/1472 364/1524/1473
f 364/1524/1473 1385/1525/1474 1041/1526/1475
f 1041/1526/1475 1040/1491/1440 364/1524/1473
f 364/1524/1473 1384/1488/1437 748/1516/1465
f 365/1527/1476 1244/1528/1477 752/1529/1478
f 752/1529/1478 1043/1506/1455 365/1527/1476
f 365/1527/1476 1493/1530/1479 1041/1526/1475
f 1041/1526/1475 749/1531/1480 365/1527/1476
f 366/1532/1481 1244/1528/1477 749/1531/1480
f 366/1532/1481 1385/1525/1474 1042/1522/1471
f 366/1532/1481 1501/1521/1470 1074/154/148
f 1074/154/148 750/1533/1482 366/1532/1481
f 367/1534/1483 1244/1528/1477 750/1533/1482
f 750/1533/1482 1073/151/145 367/1534/1483
f 367/1534/1483 1532/1066/1021 1152/1065/1020
f 1152/1065/1020 751/1535/1484 367/1534/1483
f 368/1536/1485 1244/1528/1477 751/1535/1484
f 368/1536/1485 1440/1537/1486 1151/1063/1018
f 1151/1063/1018 1044/1509/1458 368/1536/1485
f 368/1536/1485 1386/1507/1456 752/1529/1478
f 753/1538/1487 756/1539/1488 369/1540/1489
f 369/1540/1489 1387/1370/1319 1045/1366/1315
f 369/1540/1489 1486/1365/1314 1033/1483/1432
f 1033/1483/1432 753/1538/1487 369/1540/1489
f 370/1541/1490 1245/1542/1491 753/1538/1487
f 370/1541/1490 1381/1482/1431 1034/1497/1446
f 1034/1497/1446 1051/1543/1492 370/1541/1490
f 1051/1543/1492 754/1544/1493 370/1541/1490
f 755/1545/1494 754/1544/1493 371/1546/1495
f 371/1546/1495 1390/1547/1496 1052/1548/1497
f 1052/1548/1497 1050/1549/1498 371/1546/1495
f 371/1546/1495 1389/1550/1499 755/1545/1494
f 372/1551/1500 1245/1542/1491 755/1545/1494
f 755/1545/1494 1049/1552/1501 372/1551/1500
f 372/1551/1500 1490/1553/1502 1046/1371/1320
f 1046/1371/1320 756/1539/1488 372/1551/1500
f 757/1554/1503 760/1555/1504 373/1556/1505
f 373/1556/1505 1388/1406/1355 1047/1402/1351
f 1047/1402/1351 1049/1552/1501 373/1556/1505
f 373/1556/1505 1389/1550/1499 757/1554/1503
f 374/1557/1506 1246/1558/1507 757/1554/1503
f 757/1554/1503 1050/1549/1498 374/1557/1506
f 1050/1549/1498 1055/1559/1508 374/1557/1506
f 374/1557/1506 1392/1560/1509 758/1561/1510
f 759/1562/1511 758/1561/1510 375/1563/1512
f 375/1563/1512 1392/1560/1509 1056/1564/1513
f 1056/1564/1513 1126/770/737 375/1563/1512
f 375/1563/1512 1427/767/734 759/1562/1511
f 376/1565/1514 1246/1558/1507 759/1562/1511
f 759/1562/1511 1125/766/733 376/1565/1514
f 376/1565/1514 1520/692/662 1048/1407/1356
f 1048/1407/1356 760/1555/1504 376/1565/1514
f 761/1566/1515 764/1567/1516 377/1568/1517
f 377/1568/1517 1390/1547/1496 1051/1543/1492
f 1051/1543/1492 1035/1501/1450 377/1568/1517
f 377/1568/1517 1382/1513/1462 761/1566/1515
f 378/1569/1518 1247/1570/1519 761/1566/1515
f 378/1569/1520 1382/1513/1462 1036/1512/1461
f 378/1569/1518 1529/973/930 1148/972/929
f 1148/972/929 762/1571/1521 378/1569/1518
f 763/1572/1522 762/1571/1521 379/1573/1523
f 379/1573/1523 1438/1574/1524 1147/969/926
f 1147/969/926 1054/1575/1525 379/1573/1523
f 379/1573/1523 1391/1576/1526 763/1572/1522
f 380/1577/1527 1247/1570/1519 763/1572/1522
f 763/1572/1522 1053/1578/1528 380/1577/1527
f 1053/1578/1528 1052/1548/1497 380/1577/1527
f 1052/1548/1497 764/1567/1516 380/1577/1527
f 765/1579/1529 768/1580/1530 381/1581/1531
f 768/1580/1530 1055/1559/1508 381/1581/1531
f 381/1581/1531 1494/1582/1532 1053/1578/1528
f 381/1581/1531 1391/1576/1526 765/1579/1529
f 382/1583/1533 1248/1584/1534 765/1579/1529
f 765/1579/1529 1054/1575/1525 382/1583/1533
f 382/1583/1533 1528/968/925 1146/1002/958
f 1146/1002/958 766/1585/1535 382/1583/1533
f 767/1586/1536 766/1585/1535 383/1587/1537
f 383/1587/1537 1437/1001/957 1145/998/954
f 1145/998/954 1128/786/753 383/1587/1537
f 383/1587/1537 1428/783/750 767/1586/1536
f 384/1588/1538 1248/1584/1534 767/1586/1536
f 767/1586/1536 1127/782/749 384/1588/1538
f 384/1588/1538 1521/771/738 1056/1564/1513
f 1056/1564/1513 768/1580/1530 384/1588/1538
f 1/1/1 385/7/7 1153/2/2
f 1/1/1 388/3/3 1249/4/4
f 769/5/5 1441/228/83 805/6/6
f 805/6/6 1267/10/10 385/7/7
f 386/8/8 1153/2/2 385/7/7
f 2/9/9 385/7/7 1267/10/10
f 806/11/11 1445/45/45 775/12/12
f 2/9/9 775/12/12 1252/13/13
f 387/14/14 1153/2/2 386/8/8
f 3/15/15 386/8/8 1252/13/13
f 776/16/16 1446/29/29 774/17/17
f 3/15/15 774/17/17 1251/18/18
f 4/19/19 388/3/3 1153/2/2
f 387/14/14 1251/18/18 773/20/20
f 4/19/19 773/20/20 1442/21/21
f 770/22/22 1249/4/4 388/3/3
f 389/23/23 1154/28/28 392/24/24
f 392/24/24 1250/41/41 771/26/26
f 771/26/26 1442/21/21 773/20/20
f 5/25/25 773/20/20 1251/18/18
f 6/27/27 390/31/31 1154/28/28
f 389/23/23 1251/18/18 774/17/17
f 6/27/27 774/17/17 1446/29/29
f 779/30/30 1254/34/34 390/31/31
f 391/32/32 1154/28/28 390/31/31
f 7/33/33 390/31/31 1254/34/34
f 780/35/35 1498/78/78 1067/36/36
f 7/33/33 1067/36/36 1398/37/37
f 8/38/38 392/24/24 1154/28/28
f 8/38/38 391/32/32 1398/37/37
f 1068/39/39 1499/1589/122 772/40/40
f 8/38/38 772/40/40 1250/41/41
f 9/42/42 393/47/47 1155/43/43
f 396/44/44 1252/13/13 775/12/12
f 9/42/42 775/12/12 1445/45/45
f 807/46/46 1268/50/50 393/47/47
f 394/48/48 1155/43/43 393/47/47
f 10/49/49 393/47/47 1268/50/50
f 10/49/49 808/51/51 1496/52/52
f 1061/53/53 1395/56/56 394/48/48
f 395/54/54 1155/43/43 394/48/48
f 11/55/55 394/48/48 1395/56/56
f 1062/57/57 1497/67/67 778/58/58
f 11/55/55 778/58/58 1253/59/59
f 12/60/60 396/44/44 1155/43/43
f 395/54/54 1253/59/59 777/61/61
f 12/60/60 777/61/61 1446/29/29
f 12/60/60 776/16/16 1252/13/13
f 397/62/62 1156/66/66 400/63/63
f 13/64/64 400/63/63 1254/34/34
f 779/30/30 1446/29/29 777/61/61
f 13/64/64 777/61/61 1253/59/59
f 14/65/65 398/69/69 1156/66/66
f 397/62/62 1253/59/59 778/58/58
f 14/65/65 778/58/58 1497/67/67
f 1063/68/68 1396/71/71 398/69/69
f 15/70/70 399/75/75 1156/66/66
f 15/70/70 398/69/69 1396/71/71
f 15/70/70 1064/72/72 1531/73/73
f 1065/74/74 1397/1124/1073 399/75/75
f 16/76/76 400/63/63 1156/66/66
f 399/75/75 1397/1124/1073 1066/77/77
f 16/76/76 1066/77/77 1498/78/78
f 780/35/35 1254/34/34 400/63/63
f 401/79/79 1157/86/85 404/80/80
f 404/80/80 1255/100/97 781/82/82
f 17/81/81 781/82/82 1441/83/83
f 769/84/5 1249/1590/4 401/79/79
f 18/85/84 402/90/87 1157/86/85
f 401/79/79 1249/1590/4 770/87/22
f 18/85/84 770/87/22 1442/88/21
f 787/89/86 1258/93/90 402/90/87
f 403/91/88 1157/86/85 402/90/87
f 19/92/89 402/90/87 1258/93/90
f 788/94/91 1447/108/105 786/95/92
f 19/92/89 786/95/92 1257/96/93
f 404/80/80 1157/86/85 403/91/88
f 20/97/94 403/91/88 1257/96/93
f 785/98/95 1443/105/102 782/99/96
f 20/97/94 782/99/96 1255/100/97
f 405/101/98 1158/107/104 408/102/99
f 408/102/99 1256/1591/1539 783/104/101
f 21/103/100 783/104/101 1443/105/102
f 785/98/95 1257/96/93 405/101/98
f 22/106/103 406/111/108 1158/107/104
f 405/101/98 1257/96/93 786/95/92
f 22/106/103 786/95/92 1447/108/105
f 22/106/103 791/109/106 1260/110/107
f 23/112/109 407/116/113 1158/107/104
f 23/112/109 406/111/108 1260/110/107
f 792/113/110 1501/1521/1470 1075/114/111
f 23/112/109 1075/114/111 1402/115/112
f 408/102/99 1158/107/104 407/116/113
f 407/116/113 1402/115/112 1076/118/115
f 1076/118/115 1502/198/192 784/119/116
f 784/119/116 1256/1591/1539 408/102/99
f 409/120/117 1159/126/121 412/121/118
f 25/122/119 412/121/118 1258/93/90
f 787/89/86 1442/88/21 771/123/26
f 25/122/119 771/123/26 1250/124/41
f 26/125/120 410/130/124 1159/126/121
f 409/120/117 1250/124/41 772/127/40
f 26/125/120 772/127/40 1499/128/122
f 1069/129/123 1399/133/127 410/130/124
f 411/131/125 1159/126/121 410/130/124
f 27/132/126 410/130/124 1399/133/127
f 1070/134/128 1500/144/138 790/135/129
f 27/132/126 790/135/129 1259/136/130
f 28/137/131 412/121/118 1159/126/121
f 411/131/125 1259/136/130 789/138/132
f 28/137/131 789/138/132 1447/108/105
f 788/94/91 1258/93/90 412/121/118
f 413/139/133 1160/143/137 416/140/134
f 29/141/135 416/140/134 1260/110/107
f 791/109/106 1447/108/105 789/138/132
f 29/141/135 789/138/132 1259/136/130
f 30/142/136 414/146/140 1160/143/137
f 413/139/133 1259/136/130 790/135/129
f 30/142/136 790/135/129 1500/144/138
f 1071/145/139 1400/149/143 414/146/140
f 415/147/141 1160/143/137 414/146/140
f 31/148/142 414/146/140 1400/149/143
f 1072/150/144 1532/1066/1021 1073/151/145
f 31/148/142 1073/151/145 1401/152/146
f 32/153/147 416/140/134 1160/143/137
f 415/147/141 1401/152/146 1074/154/148
f 1074/154/148 1501/1521/1470 792/113/110
f 792/113/110 1260/110/107 416/140/134
f 417/155/149 1161/161/155 420/156/150
f 33/157/151 420/156/150 1261/158/152
f 793/159/153 1441/83/83 781/82/82
f 33/157/151 781/82/82 1255/100/97
f 34/160/154 418/163/157 1161/161/155
f 417/155/149 1255/100/97 782/99/96
f 34/160/154 782/99/96 1443/105/102
f 799/162/156 1264/166/160 418/163/157
f 419/164/158 1161/161/155 418/163/157
f 35/165/159 418/163/157 1264/166/160
f 35/165/159 800/167/161 1448/168/162
f 798/169/163 1263/1592/1540 419/164/158
f 36/170/164 420/156/150 1161/161/155
f 419/164/158 1263/1592/1540 797/171/165
f 797/171/165 1444/177/171 794/172/166
f 794/172/166 1261/158/152 420/156/150
f 37/173/167 421/178/172 1162/174/168
f 424/175/169 1262/192/186 795/176/170
f 37/173/167 795/176/170 1444/177/171
f 797/171/165 1263/1592/1540 421/178/172
f 38/179/173 422/181/175 1162/174/168
f 421/178/172 1263/1592/1540 798/169/163
f 38/179/173 798/169/163 1448/168/162
f 803/180/174 1266/184/178 422/181/175
f 423/182/176 1162/174/168 422/181/175
f 39/183/177 422/181/175 1266/184/178
f 39/183/177 804/185/179 1504/186/180
f 39/183/177 1083/187/181 1406/188/182
f 40/189/183 424/175/169 1162/174/168
f 423/182/176 1406/188/182 1084/190/184
f 1084/190/184 1505/416/255 796/191/185
f 40/189/183 796/191/185 1262/192/186
f 41/193/187 425/196/190 1163/194/188
f 41/193/187 428/195/189 1264/166/160
f 799/162/156 1443/105/102 783/104/101
f 783/104/101 1256/1591/1539 425/196/190
f 42/197/191 426/201/195 1163/194/188
f 425/196/190 1256/1591/1539 784/119/116
f 42/197/191 784/119/116 1502/198/192
f 42/197/191 1077/199/193 1403/200/194
f 427/202/196 1163/194/188 426/201/195
f 43/203/197 426/201/195 1403/200/194
f 1078/204/198 1503/214/208 802/205/199
f 43/203/197 802/205/199 1265/206/200
f 428/195/189 1163/194/188 427/202/196
f 44/207/201 427/202/196 1265/206/200
f 44/207/201 801/208/202 1448/168/162
f 800/167/161 1264/166/160 428/195/189
f 429/209/203 1164/213/207 432/210/204
f 45/211/205 432/210/204 1266/184/178
f 45/211/205 803/180/174 1448/168/162
f 45/211/205 801/208/202 1265/206/200
f 46/212/206 430/216/210 1164/213/207
f 429/209/203 1265/206/200 802/205/199
f 46/212/206 802/205/199 1503/214/208
f 1079/215/209 1404/219/213 430/216/210
f 431/217/211 1164/213/207 430/216/210
f 47/218/212 430/216/210 1404/219/213
f 1080/220/214 1534/430/411 1081/221/215
f 47/218/212 1081/221/215 1405/222/216
f 48/223/217 432/210/204 1164/213/207
f 431/217/211 1405/222/216 1082/224/218
f 48/223/217 1082/224/218 1504/186/180
f 804/185/179 1266/184/178 432/210/204
f 433/225/219 1165/231/223 436/226/220
f 49/227/221 436/226/220 1267/10/10
f 49/227/221 805/6/6 1441/228/83
f 793/229/153 1261/232/152 433/225/219
f 50/230/222 434/236/225 1165/231/223
f 50/230/222 433/225/219 1261/232/152
f 50/230/222 794/233/166 1444/234/171
f 811/235/224 1270/239/228 434/236/225
f 435/237/226 1165/231/223 434/236/225
f 51/238/227 434/236/225 1270/239/228
f 812/240/229 1449/250/239 810/241/230
f 51/238/227 810/241/230 1269/242/231
f 52/243/232 436/226/220 1165/231/223
f 435/237/226 1269/242/231 809/244/233
f 52/243/232 809/244/233 1445/45/45
f 806/11/11 1267/10/10 436/226/220
f 53/245/234 437/248/237 1166/246/235
f 53/245/234 440/247/236 1268/50/50
f 807/46/46 1445/45/45 809/244/233
f 53/245/234 809/244/233 1269/242/231
f 54/249/238 438/252/241 1166/246/235
f 437/248/237 1269/242/231 810/241/230
f 54/249/238 810/241/230 1449/250/239
f 815/251/240 1272/255/244 438/252/241
f 439/253/242 1166/246/235 438/252/241
f 55/254/243 438/252/241 1272/255/244
f 55/254/243 816/256/245 1495/257/246
f 1059/258/247 1394/1180/1129 439/253/242
f 56/259/248 440/247/236 1166/246/235
f 439/253/242 1394/1180/1129 1060/260/249
f 1060/260/249 1496/52/52 808/51/51
f 808/51/51 1268/50/50 440/247/236
f 441/261/250 1167/267/254 444/262/251
f 57/263/252 444/262/251 1270/239/228
f 811/235/224 1444/234/171 795/264/170
f 57/263/252 795/264/170 1262/265/186
f 58/266/253 442/271/257 1167/267/254
f 441/261/250 1262/265/186 796/268/185
f 58/266/253 796/268/185 1505/269/255
f 1085/270/256 1407/274/260 442/271/257
f 443/272/258 1167/267/254 442/271/257
f 59/273/259 442/271/257 1407/274/260
f 1086/275/261 1506/285/271 814/276/262
f 59/273/259 814/276/262 1271/277/263
f 60/278/264 444/262/251 1167/267/254
f 443/272/258 1271/277/263 813/279/265
f 60/278/264 813/279/265 1449/250/239
f 812/240/229 1270/239/228 444/262/251
f 445/280/266 1168/284/270 448/281/267
f 61/282/268 448/281/267 1272/255/244
f 815/251/240 1449/250/239 813/279/265
f 61/282/268 813/279/265 1271/277/263
f 62/283/269 446/287/273 1168/284/270
f 445/280/266 1271/277/263 814/276/262
f 62/283/269 814/276/262 1506/285/271
f 1087/286/272 1408/290/276 446/287/273
f 447/288/274 1168/284/270 446/287/273
f 63/289/275 446/287/273 1408/290/276
f 1088/291/277 1533/361/347 1057/292/278
f 63/289/275 1057/292/278 1393/293/279
f 64/294/280 448/281/267 1168/284/270
f 447/288/274 1393/293/279 1058/295/281
f 1058/295/281 1495/257/246 816/256/245
f 816/256/245 1272/255/244 448/281/267
f 65/296/282 449/302/288 1169/297/283
f 452/298/284 1273/317/303 817/299/285
f 817/299/285 1450/511/354 853/300/286
f 65/296/282 853/300/286 1291/301/287
f 450/303/289 1169/297/283 449/302/288
f 449/302/288 1291/301/287 854/305/291
f 854/305/291 1454/531/509 823/306/292
f 66/304/290 823/306/292 1276/307/293
f 67/308/294 451/312/298 1169/297/283
f 450/303/289 1276/307/293 824/309/295
f 67/308/294 824/309/295 1455/310/296
f 822/311/297 1275/314/300 451/312/298
f 452/298/284 1169/297/283 451/312/298
f 68/313/299 451/312/298 1275/314/300
f 821/315/301 1451/1593/358 818/316/302
f 68/313/299 818/316/302 1273/317/303
f 69/318/304 453/322/308 1170/319/305
f 456/320/306 1274/1594/397 819/321/307
f 819/321/307 1451/1593/358 821/315/301
f 821/315/301 1275/314/300 453/322/308
f 454/323/309 1170/319/305 453/322/308
f 70/324/310 453/322/308 1275/314/300
f 822/311/297 1455/310/296 827/325/311
f 70/324/310 827/325/311 1278/326/312
f 71/327/313 455/329/315 1170/319/305
f 454/323/309 1278/326/312 828/328/314
f 71/327/313 828/328/314 1506/285/271
f 1086/275/261 1407/274/260 455/329/315
f 456/320/306 1170/319/305 455/329/315
f 72/330/316 455/329/315 1407/274/260
f 1085/270/256 1505/269/255 820/331/317
f 820/331/317 1274/1594/397 456/320/306
f 457/332/318 1171/338/324 460/333/319
f 460/333/319 1276/307/293 823/306/292
f 823/306/292 1454/531/509 855/335/321
f 73/334/320 855/335/321 1292/336/322
f 74/337/323 458/342/328 1171/338/324
f 457/332/318 1292/336/322 856/339/325
f 856/339/325 1508/1168/1117 1093/340/326
f 74/337/323 1093/340/326 1411/341/327
f 459/343/329 1171/338/324 458/342/328
f 75/344/330 458/342/328 1411/341/327
f 1094/345/331 1509/356/342 826/346/332
f 75/344/330 826/346/332 1277/347/333
f 460/333/319 1171/338/324 459/343/329
f 76/348/334 459/343/329 1277/347/333
f 825/349/335 1455/310/296 824/309/295
f 76/348/334 824/309/295 1276/307/293
f 77/350/336 461/353/339 1172/351/337
f 464/352/338 1278/326/312 827/325/311
f 77/350/336 827/325/311 1455/310/296
f 825/349/335 1277/347/333 461/353/339
f 462/354/340 1172/351/337 461/353/339
f 78/355/341 461/353/339 1277/347/333
f 78/355/341 826/346/332 1509/356/342
f 78/355/341 1095/357/343 1412/358/344
f 79/359/345 463/362/348 1172/351/337
f 462/354/340 1412/358/344 1096/360/346
f 79/359/345 1096/360/346 1533/361/347
f 1088/291/277 1408/290/276 463/362/348
f 464/352/338 1172/351/337 463/362/348
f 80/363/349 463/362/348 1408/290/276
f 1087/286/272 1506/285/271 828/328/314
f 80/363/349 828/328/314 1278/326/312
f 81/364/350 465/370/355 1173/365/351
f 468/366/352 1279/386/370 829/367/353
f 81/364/350 829/367/353 1450/368/354
f 817/369/285 1273/1595/303 465/370/355
f 466/371/356 1173/365/351 465/370/355
f 465/370/355 1273/1595/303 818/373/302
f 82/372/357 818/373/302 1451/374/358
f 835/375/359 1282/409/393 466/371/356
f 83/376/360 467/380/364 1173/365/351
f 466/371/356 1282/409/393 836/377/361
f 83/376/360 836/377/361 1456/378/362
f 834/379/363 1281/382/366 467/380/364
f 468/366/352 1173/365/351 467/380/364
f 84/381/365 467/380/364 1281/382/366
f 84/381/365 833/383/367 1452/384/368
f 84/381/365 830/385/369 1279/386/370
f 85/387/371 469/392/376 1174/388/372
f 85/387/371 472/389/373 1280/390/374
f 831/391/375 1452/384/368 833/383/367
f 833/383/367 1281/382/366 469/392/376
f 470/393/377 1174/388/372 469/392/376
f 86/394/378 469/392/376 1281/382/366
f 834/379/363 1456/378/362 839/395/379
f 86/394/378 839/395/379 1284/396/380
f 87/397/381 471/401/385 1174/388/372
f 470/393/377 1284/396/380 840/398/382
f 87/397/381 840/398/382 1510/399/383
f 1099/400/384 1414/403/387 471/401/385
f 472/389/373 1174/388/372 471/401/385
f 88/402/386 471/401/385 1414/403/387
f 1100/404/388 1511/481/462 832/405/389
f 88/402/386 832/405/389 1280/390/374
f 89/406/390 473/411/394 1175/407/391
f 89/406/390 476/408/392 1282/409/393
f 89/406/390 835/375/359 1451/374/358
f 819/410/307 1274/414/397 473/411/394
f 474/412/395 1175/407/391 473/411/394
f 90/413/396 473/411/394 1274/414/397
f 90/413/396 820/415/317 1505/416/255
f 90/413/396 1084/190/184 1406/188/182
f 91/417/398 475/419/400 1175/407/391
f 474/412/395 1406/188/182 1083/187/181
f 91/417/398 1083/187/181 1504/186/180
f 838/418/399 1283/421/402 475/419/400
f 476/408/392 1175/407/391 475/419/400
f 92/420/401 475/419/400 1283/421/402
f 837/422/403 1456/378/362 836/377/361
f 836/377/361 1282/409/393 476/408/392
f 93/423/404 477/426/407 1176/424/405
f 480/425/406 1284/396/380 839/395/379
f 93/423/404 839/395/379 1456/378/362
f 837/422/403 1283/421/402 477/426/407
f 478/427/408 1176/424/405 477/426/407
f 94/428/409 477/426/407 1283/421/402
f 838/418/399 1504/186/180 1082/224/218
f 94/428/409 1082/224/218 1405/222/216
f 95/429/410 479/432/413 1176/424/405
f 478/427/408 1405/222/216 1081/221/215
f 95/429/410 1081/221/215 1534/430/411
f 1097/431/412 1413/434/415 479/432/413
f 480/425/406 1176/424/405 479/432/413
f 96/433/414 479/432/413 1413/434/415
f 1098/435/416 1510/399/383 840/398/382
f 96/433/414 840/398/382 1284/396/380
f 481/436/417 1177/452/433 484/437/418
f 97/438/419 484/437/418 1285/439/420
f 841/440/421 1450/368/354 829/367/353
f 97/438/419 829/367/353 1279/386/370
f 482/441/422 1177/452/433 481/436/417
f 98/442/423 481/436/417 1279/386/370
f 830/385/369 1452/384/368 847/443/424
f 98/442/423 847/443/424 1288/444/425
f 483/445/426 1177/452/433 482/441/422
f 482/441/422 1288/444/425 848/447/428
f 99/446/427 848/447/428 1457/448/429
f 99/446/427 846/449/430 1287/450/431
f 100/451/432 484/437/418 1177/452/433
f 483/445/426 1287/450/431 845/453/434
f 100/451/432 845/453/434 1453/454/435
f 842/455/436 1285/439/420 484/437/418
f 485/456/437 1178/462/443 488/457/438
f 101/458/439 488/457/438 1286/459/440
f 843/460/441 1453/454/435 845/453/434
f 101/458/439 845/453/434 1287/450/431
f 102/461/442 486/465/446 1178/462/443
f 485/456/437 1287/450/431 846/449/430
f 102/461/442 846/449/430 1457/448/429
f 102/461/442 851/463/444 1290/464/445
f 103/466/447 487/470/451 1178/462/443
f 486/465/446 1290/464/445 852/467/448
f 103/466/447 852/467/448 1513/468/449
f 1107/469/450 1418/705/672 487/470/451
f 104/471/452 488/457/438 1178/462/443
f 487/470/451 1418/705/672 1108/472/453
f 104/471/452 1108/472/453 1514/473/454
f 844/474/455 1286/459/440 488/457/438
f 105/475/456 489/478/459 1179/476/457
f 492/477/458 1288/444/425 847/443/424
f 105/475/456 847/443/424 1452/384/368
f 831/391/375 1280/390/374 489/478/459
f 490/479/460 1179/476/457 489/478/459
f 106/480/461 489/478/459 1280/390/374
f 106/480/461 832/405/389 1511/481/462
f 106/480/461 1101/482/463 1415/483/464
f 107/484/465 491/488/469 1179/476/457
f 490/479/460 1415/483/464 1102/485/466
f 107/484/465 1102/485/466 1512/486/467
f 850/487/468 1289/490/471 491/488/469
f 492/477/458 1179/476/457 491/488/469
f 108/489/470 491/488/469 1289/490/471
f 849/491/472 1457/448/429 848/447/428
f 108/489/470 848/447/428 1288/444/425
f 109/492/473 493/495/476 1180/493/474
f 496/494/475 1290/464/489 851/463/444
f 109/492/473 851/463/444 1457/448/429
f 849/491/472 1289/490/471 493/495/476
f 494/496/477 1180/493/474 493/495/476
f 110/497/478 493/495/476 1289/490/471
f 850/487/468 1512/486/467 1103/498/479
f 110/497/478 1103/498/479 1416/499/480
f 111/500/481 495/504/485 1180/493/474
f 494/496/477 1416/499/480 1104/501/482
f 111/500/481 1104/501/482 1538/502/483
f 1105/503/484 1417/506/487 495/504/485
f 496/494/475 1180/493/474 495/504/485
f 112/505/486 495/504/485 1417/506/487
f 1106/507/488 1513/468/449 852/467/448
f 112/505/486 852/467/448 1290/464/489
f 113/508/490 497/513/493 1181/509/491
f 500/510/492 1291/301/287 853/300/286
f 113/508/490 853/300/286 1450/511/354
f 841/512/421 1285/516/420 497/513/493
f 498/514/494 1181/509/491 497/513/493
f 114/515/495 497/513/493 1285/516/420
f 842/517/436 1453/547/435 859/518/496
f 114/515/495 859/518/496 1294/519/497
f 115/520/498 499/524/502 1181/509/491
f 498/514/494 1294/519/497 860/521/499
f 115/520/498 860/521/499 1458/522/500
f 858/523/501 1293/526/504 499/524/502
f 500/510/492 1181/509/491 499/524/502
f 116/525/503 499/524/502 1293/526/504
f 857/527/505 1454/531/509 854/305/291
f 116/525/503 854/305/291 1291/301/287
f 117/528/506 501/532/510 1182/529/507
f 504/530/508 1292/336/322 855/335/321
f 117/528/506 855/335/321 1454/531/509
f 857/527/505 1293/526/504 501/532/510
f 502/533/511 1182/529/507 501/532/510
f 118/534/512 501/532/510 1293/526/504
f 858/523/501 1458/522/500 863/535/513
f 118/534/512 863/535/513 1296/536/514
f 503/537/515 1182/529/507 502/533/511
f 502/533/511 1296/536/514 864/539/517
f 864/539/517 1507/1250/1199 1091/540/518
f 119/538/516 1091/540/518 1410/541/519
f 120/542/520 504/530/508 1182/529/507
f 503/537/515 1410/541/519 1092/543/521
f 1092/543/521 1508/1168/1117 856/339/325
f 120/542/520 856/339/325 1292/336/322
f 121/544/522 505/549/525 1183/545/523
f 508/546/524 1294/519/497 859/518/496
f 121/544/522 859/518/496 1453/547/435
f 843/548/441 1286/552/440 505/549/525
f 506/550/526 1183/545/523 505/549/525
f 122/551/527 505/549/525 1286/552/440
f 844/553/455 1514/1596/454 1109/554/528
f 122/551/527 1109/554/528 1419/555/529
f 123/556/530 507/560/534 1183/545/523
f 506/550/526 1419/555/529 1110/557/531
f 123/556/530 1110/557/531 1515/558/532
f 862/559/533 1295/562/536 507/560/534
f 508/546/524 1183/545/523 507/560/534
f 124/561/535 507/560/534 1295/562/536
f 861/563/537 1458/522/500 860/521/499
f 860/521/499 1294/519/497 508/546/524
f 125/564/538 509/567/541 1184/565/539
f 512/566/540 1296/536/514 863/535/513
f 125/564/538 863/535/513 1458/522/500
f 861/563/537 1295/562/536 509/567/541
f 510/568/542 1184/565/539 509/567/541
f 126/569/543 509/567/541 1295/562/536
f 862/559/533 1515/558/532 1111/570/544
f 126/569/543 1111/570/544 1420/571/545
f 127/572/546 511/576/550 1184/565/539
f 510/568/542 1420/571/545 1112/573/547
f 127/572/546 1112/573/547 1537/574/548
f 1089/575/549 1409/578/552 511/576/550
f 512/566/540 1184/565/539 511/576/550
f 128/577/551 511/576/550 1409/578/552
f 1090/579/553 1507/1250/1199 864/539/517
f 128/577/551 864/539/517 1296/536/514
f 513/580/554 1185/588/562 516/581/555
f 129/582/556 516/581/555 1297/583/557
f 865/584/558 1459/796/628 901/585/559
f 129/582/556 901/585/559 1315/586/560
f 130/587/561 514/593/567 1185/588/562
f 513/580/554 1315/586/560 902/589/563
f 130/587/561 902/589/563 1463/590/564
f 130/587/561 871/591/565 1300/592/566
f 515/594/568 1185/588/562 514/593/567
f 131/595/569 514/593/567 1300/592/566
f 872/596/570 1464/609/583 870/597/571
f 131/595/569 870/597/571 1299/598/572
f 132/599/573 516/581/555 1185/588/562
f 515/594/568 1299/598/572 869/600/574
f 869/600/574 1460/606/580 866/601/575
f 132/599/573 866/601/575 1297/583/557
f 133/602/576 517/607/581 1186/603/577
f 520/604/578 1298/617/591 867/605/579
f 133/602/576 867/605/579 1460/606/580
f 133/602/576 869/600/574 1299/598/572
f 134/608/582 518/611/585 1186/603/577
f 517/607/581 1299/598/572 870/597/571
f 134/608/582 870/597/571 1464/609/583
f 875/610/584 1302/639/613 518/611/585
f 135/612/586 519/614/588 1186/603/577
f 518/611/585 1302/639/613 876/613/587
f 135/612/586 876/613/587 1515/558/532
f 1110/557/531 1419/555/529 519/614/588
f 520/604/578 1186/603/577 519/614/588
f 136/615/589 519/614/588 1419/555/529
f 1109/554/528 1514/1596/454 868/616/590
f 136/615/589 868/616/590 1298/617/591
f 521/618/592 1187/624/598 524/619/593
f 137/620/594 524/619/593 1300/592/566
f 871/591/565 1463/590/564 903/621/595
f 137/620/594 903/621/595 1316/622/596
f 138/623/597 522/628/602 1187/624/598
f 521/618/592 1316/622/596 904/625/599
f 904/625/599 1517/826/790 1117/626/600
f 138/623/597 1117/626/600 1423/627/601
f 139/629/603 523/633/607 1187/624/598
f 139/629/603 522/628/602 1423/627/601
f 1118/630/604 1518/642/616 874/631/605
f 139/629/603 874/631/605 1301/632/606
f 524/619/593 1187/624/598 523/633/607
f 140/634/608 523/633/607 1301/632/606
f 873/635/609 1464/609/583 872/596/570
f 140/634/608 872/596/570 1300/592/566
f 525/636/610 1188/641/615 528/637/611
f 141/638/612 528/637/611 1302/639/613
f 875/610/584 1464/609/583 873/635/609
f 873/635/609 1301/632/606 525/636/610
f 142/640/614 526/644/618 1188/641/615
f 525/636/610 1301/632/606 874/631/605
f 142/640/614 874/631/605 1518/642/616
f 1119/643/617 1424/647/621 526/644/618
f 527/645/619 1188/641/615 526/644/618
f 143/646/620 526/644/618 1424/647/621
f 1120/648/622 1537/574/548 1112/573/547
f 143/646/620 1112/573/547 1420/571/545
f 144/649/623 528/637/611 1188/641/615
f 527/645/619 1420/571/545 1111/570/544
f 144/649/623 1111/570/544 1515/558/532
f 144/649/623 876/613/587 1302/639/613
f 145/650/624 529/656/629 1189/651/625
f 532/652/626 1303/671/641 877/653/627
f 145/650/624 877/653/627 1459/654/628
f 865/655/558 1297/658/557 529/656/629
f 146/657/630 530/662/632 1189/651/625
f 146/657/630 529/656/629 1297/658/557
f 146/657/630 866/659/575 1460/660/580
f 883/661/631 1306/1597/1541 530/662/632
f 147/663/633 531/666/636 1189/651/625
f 530/662/632 1306/1597/1541 884/664/634
f 884/664/634 1465/680/650 882/665/635
f 882/665/635 1305/668/638 531/666/636
f 532/652/626 1189/651/625 531/666/636
f 148/667/637 531/666/636 1305/668/638
f 881/669/639 1461/677/647 878/670/640
f 148/667/637 878/670/640 1303/671/641
f 533/672/642 1190/679/649 536/673/643
f 149/674/644 536/673/643 1304/675/645
f 149/674/644 879/676/646 1461/677/647
f 149/674/644 881/669/639 1305/668/638
f 150/678/648 534/682/652 1190/679/649
f 533/672/642 1305/668/638 882/665/635
f 150/678/648 882/665/635 1465/680/650
f 887/681/651 1308/685/655 534/682/652
f 535/683/653 1190/679/649 534/682/652
f 151/684/654 534/682/652 1308/685/655
f 151/684/654 888/686/656 1519/687/657
f 151/684/654 1123/688/658 1426/689/659
f 152/690/660 536/673/643 1190/679/649
f 535/683/653 1426/689/659 1124/691/661
f 152/690/660 1124/691/661 1520/692/662
f 880/693/663 1304/675/645 536/673/643
f 537/694/664 1191/700/668 540/695/665
f 540/695/665 1306/1597/1541 883/661/631
f 883/661/631 1460/660/580 867/697/579
f 153/696/666 867/697/579 1298/698/591
f 154/699/667 538/702/669 1191/700/668
f 537/694/664 1298/698/591 868/701/590
f 154/699/667 868/701/590 1514/473/454
f 1108/472/453 1418/705/672 538/702/669
f 539/703/670 1191/700/668 538/702/669
f 155/704/671 538/702/669 1418/705/672
f 1107/469/450 1513/468/449 886/706/673
f 155/704/671 886/706/673 1307/707/674
f 156/708/675 540/695/665 1191/700/668
f 539/703/670 1307/707/674 885/709/676
f 156/708/675 885/709/676 1465/680/650
f 884/664/634 1306/1597/1541 540/695/665
f 541/710/677 1192/714/681 544/711/678
f 157/712/679 544/711/678 1308/685/655
f 887/681/651 1465/680/650 885/709/676
f 157/712/679 885/709/676 1307/707/674
f 158/713/680 542/715/682 1192/714/681
f 541/710/677 1307/707/674 886/706/673
f 158/713/680 886/706/673 1513/468/449
f 1106/507/488 1417/506/1542 542/715/682
f 543/716/683 1192/714/681 542/715/682
f 159/717/684 542/715/682 1417/506/1542
f 1105/503/484 1538/502/483 1121/718/685
f 1121/718/685 1425/720/687 543/716/683
f 160/719/686 544/711/678 1192/714/681
f 160/719/686 543/716/683 1425/720/687
f 1122/721/688 1519/687/657 888/686/656
f 888/686/656 1308/685/655 544/711/678
f 545/722/689 1193/728/695 548/723/690
f 161/724/691 548/723/690 1309/725/692
f 889/726/693 1459/654/628 877/653/627
f 161/724/691 877/653/627 1303/671/641
f 162/727/694 546/731/698 1193/728/695
f 545/722/689 1303/671/641 878/670/640
f 162/727/694 878/670/640 1461/677/647
f 162/727/694 895/729/696 1312/730/697
f 547/732/699 1193/728/695 546/731/698
f 163/733/700 546/731/698 1312/730/697
f 896/734/701 1466/748/715 894/735/702
f 163/733/700 894/735/702 1311/736/703
f 164/737/704 548/723/690 1193/728/695
f 547/732/699 1311/736/703 893/738/705
f 164/737/704 893/738/705 1462/739/706
f 890/740/707 1309/725/692 548/723/690
f 549/741/708 1194/747/714 552/742/709
f 165/743/710 552/742/709 1310/744/711
f 891/745/712 1462/739/706 893/738/705
f 165/743/710 893/738/705 1311/736/703
f 166/746/713 550/750/717 1194/747/714
f 549/741/708 1311/736/703 894/735/702
f 166/746/713 894/735/702 1466/748/715
f 899/749/716 1314/753/720 550/750/717
f 551/751/718 1194/747/714 550/750/717
f 167/752/719 550/750/717 1314/753/720
f 900/754/721 1522/792/759 1131/755/722
f 167/752/719 1131/755/722 1430/756/723
f 168/757/724 552/742/709 1194/747/714
f 551/751/718 1430/756/723 1132/758/725
f 168/757/724 1132/758/725 1523/759/726
f 892/760/727 1310/744/711 552/742/709
f 553/761/728 1195/769/736 556/762/729
f 169/763/730 556/762/729 1312/730/697
f 169/763/730 895/729/696 1461/677/647
f 169/763/730 879/676/646 1304/675/645
f 554/764/731 1195/769/736 553/761/728
f 170/765/732 553/761/728 1304/675/645
f 880/693/663 1520/692/662 1125/766/733
f 170/765/732 1125/766/733 1427/767/734
f 171/768/735 555/773/740 1195/769/736
f 171/768/735 554/764/731 1427/767/734
f 171/768/735 1126/770/737 1521/771/738
f 898/772/739 1313/775/742 555/773/740
f 172/774/741 556/762/729 1195/769/736
f 172/774/741 555/773/740 1313/775/742
f 897/776/743 1466/748/715 896/734/701
f 896/734/701 1312/730/697 556/762/729
f 557/777/744 1196/790/757 560/778/745
f 173/779/746 560/778/745 1314/753/720
f 899/749/716 1466/748/715 897/776/743
f 897/776/743 1313/775/742 557/777/744
f 558/780/747 1196/790/757 557/777/744
f 174/781/748 557/777/744 1313/775/742
f 898/772/739 1521/771/738 1127/782/749
f 174/781/748 1127/782/749 1428/783/750
f 559/784/751 1196/790/757 558/780/747
f 558/780/747 1428/783/750 1128/786/753
f 1128/786/753 1536/997/953 1129/787/754
f 175/785/752 1129/787/754 1429/788/755
f 176/789/756 560/778/745 1196/790/757
f 559/784/751 1429/788/755 1130/791/758
f 176/789/756 1130/791/758 1522/792/759
f 900/754/721 1314/753/720 560/778/745
f 561/793/760 1197/799/764 564/794/761
f 564/794/761 1315/586/560 901/585/559
f 177/795/762 901/585/559 1459/796/628
f 889/797/693 1309/1598/692 561/793/760
f 178/798/763 562/802/766 1197/799/764
f 561/793/760 1309/1598/692 890/800/707
f 890/800/707 1462/830/706 907/801/765
f 907/801/765 1318/805/769 562/802/766
f 563/803/767 1197/799/764 562/802/766
f 179/804/768 562/802/766 1318/805/769
f 908/806/770 1467/846/806 906/807/771
f 179/804/768 906/807/771 1317/808/772
f 564/794/761 1197/799/764 563/803/767
f 180/809/773 563/803/767 1317/808/772
f 905/810/774 1463/590/564 902/589/563
f 180/809/773 902/589/563 1315/586/560
f 181/811/775 565/814/778 1198/812/776
f 568/813/777 1316/622/596 903/621/595
f 181/811/775 903/621/595 1463/590/564
f 905/810/774 1317/808/772 565/814/778
f 566/815/779 1198/812/776 565/814/778
f 565/814/778 1317/808/772 906/807/771
f 906/807/771 1467/846/806 911/817/781
f 182/816/780 911/817/781 1320/818/782
f 567/819/783 1198/812/776 566/815/779
f 183/820/784 566/815/779 1320/818/782
f 912/821/785 1516/862/822 1115/822/786
f 183/820/784 1115/822/786 1422/823/787
f 184/824/788 568/813/777 1198/812/776
f 567/819/783 1422/823/787 1116/825/789
f 184/824/788 1116/825/789 1517/826/790
f 184/824/788 904/625/599 1316/622/596
f 185/827/791 569/832/794 1199/828/792
f 572/829/793 1318/805/769 907/801/765
f 185/827/791 907/801/765 1462/830/706
f 891/831/712 1310/835/711 569/832/794
f 570/833/795 1199/828/792 569/832/794
f 186/834/796 569/832/794 1310/835/711
f 892/836/727 1523/1599/726 1133/837/797
f 1133/837/797 1431/839/799 570/833/795
f 187/838/798 571/843/803 1199/828/792
f 187/838/798 570/833/795 1431/839/799
f 1134/840/800 1524/897/857 910/841/801
f 187/838/798 910/841/801 1319/842/802
f 572/829/793 1199/828/792 571/843/803
f 571/843/803 1319/842/802 909/845/805
f 188/844/804 909/845/805 1467/846/806
f 908/806/770 1318/805/769 572/829/793
f 189/847/807 573/850/810 1200/848/808
f 189/847/807 576/849/809 1320/818/782
f 911/817/781 1467/846/806 909/845/805
f 189/847/807 909/845/805 1319/842/802
f 574/851/811 1200/848/808 573/850/810
f 190/852/812 573/850/810 1319/842/802
f 910/841/801 1524/897/857 1135/853/813
f 190/852/812 1135/853/813 1432/854/814
f 191/855/815 575/859/819 1200/848/808
f 574/851/811 1432/854/814 1136/856/816
f 191/855/815 1136/856/816 1535/857/817
f 1113/858/818 1421/1307/1256 575/859/819
f 192/860/820 576/849/809 1200/848/808
f 575/859/819 1421/1307/1256 1114/861/821
f 192/860/820 1114/861/821 1516/862/822
f 912/821/785 1320/818/782 576/849/809
f 193/863/823 577/870/830 1201/864/824
f 193/863/823 580/865/825 1321/866/826
f 193/863/823 913/867/827 1468/868/828
f 949/869/829 1339/873/833 577/870/830
f 578/871/831 1201/864/824 577/870/830
f 194/872/832 577/870/830 1339/873/833
f 950/874/834 1472/905/865 919/875/835
f 194/872/832 919/875/835 1324/876/836
f 195/877/837 579/880/840 1201/864/824
f 578/871/831 1324/876/836 920/878/838
f 920/878/838 1473/923/883 918/879/839
f 918/879/839 1323/882/842 579/880/840
f 196/881/841 580/865/825 1201/864/824
f 196/881/841 579/880/840 1323/882/842
f 917/883/843 1469/889/849 914/884/844
f 914/884/844 1321/866/826 580/865/825
f 197/885/845 581/890/850 1202/886/846
f 584/887/847 1322/901/861 915/888/848
f 197/885/845 915/888/848 1469/889/849
f 917/883/843 1323/882/842 581/890/850
f 582/891/851 1202/886/846 581/890/850
f 198/892/852 581/890/850 1323/882/842
f 918/879/839 1473/923/883 923/893/853
f 198/892/852 923/893/853 1326/894/854
f 199/895/855 583/898/858 1202/886/846
f 582/891/851 1326/894/854 924/896/856
f 199/895/855 924/896/856 1524/897/857
f 1134/840/800 1431/839/799 583/898/858
f 584/887/847 1202/886/846 583/898/858
f 200/899/859 583/898/858 1431/839/799
f 1133/837/797 1523/1599/726 916/900/860
f 200/899/859 916/900/860 1322/901/861
f 201/902/862 585/907/867 1203/903/863
f 588/904/864 1324/876/836 919/875/835
f 201/902/862 919/875/835 1472/905/865
f 951/906/866 1340/910/870 585/907/867
f 586/908/868 1203/903/863 585/907/867
f 202/909/869 585/907/867 1340/910/870
f 202/909/869 952/911/871 1526/912/872
f 202/909/869 1141/913/873 1435/914/874
f 203/915/875 587/919/879 1203/903/863
f 586/908/868 1435/914/874 1142/916/876
f 203/915/875 1142/916/876 1527/917/877
f 922/918/878 1325/921/881 587/919/879
f 204/920/880 588/904/864 1203/903/863
f 204/920/880 587/919/879 1325/921/881
f 204/920/880 921/922/882 1473/923/883
f 204/920/880 920/878/838 1324/876/836
f 205/924/884 589/927/887 1204/925/885
f 592/926/886 1326/894/854 923/893/853
f 205/924/884 923/893/853 1473/923/883
f 921/922/882 1325/921/881 589/927/887
f 590/928/888 1204/925/885 589/927/887
f 206/929/889 589/927/887 1325/921/881
f 922/918/878 1527/917/877 1143/930/890
f 206/929/889 1143/930/890 1436/931/891
f 207/932/892 591/934/894 1204/925/885
f 590/928/888 1436/931/891 1144/933/893
f 1144/933/893 1535/857/817 1136/856/816
f 207/932/892 1136/856/816 1432/854/814
f 592/926/886 1204/925/885 591/934/894
f 208/935/895 591/934/894 1432/854/814
f 1135/853/813 1524/897/857 924/896/856
f 208/935/895 924/896/856 1326/894/854
f 593/936/896 1205/942/901 596/937/897
f 596/937/897 1327/1011/966 925/939/899
f 925/939/899 1468/1007/828 913/940/827
f 913/940/827 1321/1600/826 593/936/896
f 210/941/900 594/946/903 1205/942/901
f 593/936/896 1321/1600/826 914/943/844
f 210/941/900 914/943/844 1469/944/849
f 931/945/902 1330/949/906 594/946/903
f 595/947/904 1205/942/901 594/946/903
f 211/948/905 594/946/903 1330/949/906
f 211/948/905 932/950/907 1474/951/908
f 930/952/909 1329/954/911 595/947/904
f 212/953/910 596/937/897 1205/942/901
f 212/953/910 595/947/904 1329/954/911
f 929/955/912 1470/1041/996 926/956/913
f 926/956/913 1327/1011/966 596/937/897
f 213/957/914 597/961/918 1206/958/915
f 600/959/916 1328/1044/999 927/960/917
f 927/960/917 1470/1041/996 929/955/912
f 929/955/912 1329/954/911 597/961/918
f 598/962/919 1206/958/915 597/961/918
f 214/963/920 597/961/918 1329/954/911
f 930/952/909 1474/951/908 935/964/921
f 214/963/920 935/964/921 1332/965/922
f 215/966/923 599/970/927 1206/958/915
f 598/962/919 1332/965/922 936/967/924
f 215/966/923 936/967/924 1528/968/925
f 1147/969/926 1438/1574/1524 599/970/927
f 216/971/928 600/959/916 1206/958/915
f 599/970/927 1438/1574/1524 1148/972/929
f 216/971/928 1148/972/929 1529/973/930
f 928/974/931 1328/1044/999 600/959/916
f 601/975/932 1207/981/936 604/976/933
f 217/977/934 604/976/933 1330/949/906
f 931/945/902 1469/944/849 915/978/848
f 217/977/934 915/978/848 1322/979/861
f 218/980/935 602/983/937 1207/981/936
f 601/975/932 1322/979/861 916/982/860
f 916/982/860 1523/759/726 1132/758/725
f 218/980/935 1132/758/725 1430/756/723
f 603/984/938 1207/981/936 602/983/937
f 602/983/937 1430/756/723 1131/755/722
f 219/985/939 1131/755/722 1522/792/759
f 219/985/939 934/986/940 1331/987/942
f 220/988/944 604/976/933 1207/981/936
f 220/988/944 603/984/943 1331/987/942
f 933/989/945 1474/951/908 932/950/907
f 932/950/907 1330/949/906 604/976/933
f 221/990/946 605/993/949 1208/991/947
f 608/992/948 1332/965/922 935/964/921
f 221/990/946 935/964/921 1474/951/908
f 933/989/945 1331/987/942 605/993/949
f 222/994/950 606/995/951 1208/991/947
f 222/994/950 605/993/949 1331/987/942
f 934/986/940 1522/792/759 1130/791/758
f 222/994/950 1130/791/758 1429/788/755
f 223/996/952 607/999/955 1208/991/947
f 606/995/951 1429/788/755 1129/787/754
f 223/996/952 1129/787/754 1536/997/953
f 1145/998/954 1437/1001/957 607/999/955
f 608/992/948 1208/991/947 607/999/955
f 224/1000/956 607/999/955 1437/1001/957
f 1146/1002/958 1528/968/925 936/967/924
f 224/1000/956 936/967/924 1332/965/922
f 225/1003/959 609/1008/963 1209/1004/960
f 612/1005/961 1333/1022/977 937/1006/962
f 225/1003/959 937/1006/962 1468/1007/828
f 925/939/899 1327/1011/966 609/1008/963
f 610/1009/964 1209/1004/960 609/1008/963
f 226/1010/965 609/1008/963 1327/1011/966
f 926/956/913 1470/1041/996 943/1012/967
f 226/1010/965 943/1012/967 1336/1013/968
f 611/1014/969 1209/1004/960 610/1009/964
f 227/1015/970 610/1009/964 1336/1013/968
f 944/1016/971 1475/1056/1011 942/1017/972
f 227/1015/970 942/1017/972 1335/1018/973
f 228/1019/974 612/1005/961 1209/1004/960
f 611/1014/969 1335/1018/973 941/1020/975
f 941/1020/975 1471/1601/1029 938/1021/976
f 228/1019/974 938/1021/976 1333/1022/977
f 613/1023/978 1210/1029/984 616/1024/979
f 229/1025/980 616/1024/979 1334/1026/981
f 939/1027/982 1471/1601/1029 941/1020/975
f 229/1025/980 941/1020/975 1335/1018/973
f 230/1028/983 614/1032/987 1210/1029/984
f 613/1023/978 1335/1018/973 942/1017/972
f 942/1017/972 1475/1056/1011 947/1030/985
f 230/1028/983 947/1030/985 1338/1031/986
f 231/1033/988 615/1035/990 1210/1029/984
f 614/1032/987 1338/1031/986 948/1034/989
f 231/1033/988 948/1034/989 1500/144/138
f 1070/134/128 1399/133/127 615/1035/990
f 232/1036/991 616/1024/979 1210/1029/984
f 232/1036/991 615/1035/990 1399/133/127
f 1069/129/123 1499/128/122 940/1037/992
f 940/1037/992 1334/1026/981 616/1024/979
f 233/1038/993 617/1042/997 1211/1039/994
f 620/1040/995 1336/1013/968 943/1012/967
f 233/1038/993 943/1012/967 1470/1041/996
f 927/960/917 1328/1044/999 617/1042/997
f 234/1043/998 618/1046/1001 1211/1039/994
f 234/1043/998 617/1042/997 1328/1044/999
f 234/1043/998 928/974/931 1529/973/930
f 1149/1045/1000 1439/1048/1003 618/1046/1001
f 235/1047/1002 619/1052/1007 1211/1039/994
f 235/1047/1002 618/1046/1001 1439/1048/1003
f 235/1047/1002 1150/1049/1004 1530/1050/1005
f 946/1051/1006 1337/1054/1009 619/1052/1007
f 620/1040/995 1211/1039/994 619/1052/1007
f 236/1053/1008 619/1052/1007 1337/1054/1009
f 236/1053/1008 945/1055/1010 1475/1056/1011
f 236/1053/1008 944/1016/971 1336/1013/968
f 237/1057/1012 621/1060/1015 1212/1058/1013
f 624/1059/1014 1338/1031/986 947/1030/985
f 947/1030/985 1475/1056/1011 945/1055/1010
f 945/1055/1010 1337/1054/1009 621/1060/1015
f 622/1061/1016 1212/1058/1013 621/1060/1015
f 238/1062/1017 621/1060/1015 1337/1054/1009
f 946/1051/1006 1530/1050/1005 1151/1063/1018
f 1151/1063/1018 1440/1537/1486 622/1061/1016
f 239/1064/1019 623/1067/1022 1212/1058/1013
f 622/1061/1016 1440/1537/1486 1152/1065/1020
f 239/1064/1019 1152/1065/1020 1532/1066/1021
f 1072/150/144 1400/149/143 623/1067/1022
f 624/1059/1014 1212/1058/1013 623/1067/1022
f 240/1068/1023 623/1067/1022 1400/149/143
f 1071/145/139 1500/144/138 948/1034/989
f 240/1068/1023 948/1034/989 1338/1031/986
f 625/1069/1024 1213/1075/1028 628/1070/1025
f 241/1071/1026 628/1070/1025 1339/873/833
f 949/869/829 1468/868/828 937/1072/962
f 241/1071/1026 937/1072/962 1333/1073/977
f 242/1074/1027 626/1080/1032 1213/1075/1028
f 625/1069/1024 1333/1073/977 938/1076/976
f 242/1074/1027 938/1076/976 1471/1077/1029
f 242/1074/1027 955/1078/1030 1342/1079/1031
f 243/1081/1033 627/1085/1037 1213/1075/1028
f 626/1080/1032 1342/1079/1031 956/1082/1034
f 243/1081/1033 956/1082/1034 1476/1083/1035
f 954/1084/1036 1341/1602/1543 627/1085/1037
f 628/1070/1025 1213/1075/1028 627/1085/1037
f 627/1085/1037 1341/1602/1543 953/1087/1039
f 244/1086/1038 953/1087/1039 1472/905/865
f 950/874/834 1339/873/833 628/1070/1025
f 629/1088/1040 1214/1092/1044 632/1089/1041
f 245/1090/1042 632/1089/1041 1340/910/870
f 951/906/866 1472/905/865 953/1087/1039
f 953/1087/1039 1341/1602/1543 629/1088/1040
f 246/1091/1043 630/1094/1046 1214/1092/1044
f 629/1088/1040 1341/1602/1543 954/1084/1036
f 246/1091/1043 954/1084/1036 1476/1083/1035
f 959/1093/1045 1344/1096/1048 630/1094/1046
f 247/1095/1047 631/1099/1051 1214/1092/1044
f 247/1095/1047 630/1094/1046 1344/1096/1048
f 960/1097/1049 1525/1131/1080 1139/1098/1050
f 1139/1098/1050 1434/1101/1053 631/1099/1051
f 632/1089/1041 1214/1092/1044 631/1099/1051
f 248/1100/1052 631/1099/1051 1434/1101/1053
f 1140/1102/1054 1526/912/872 952/911/871
f 248/1100/1052 952/911/871 1340/910/870
f 249/1103/1055 633/1107/1058 1215/1104/1056
f 636/1105/1057 1342/1079/1031 955/1078/1030
f 249/1103/1055 955/1078/1030 1471/1077/1029
f 939/1106/982 1334/1110/981 633/1107/1058
f 634/1108/1059 1215/1104/1056 633/1107/1058
f 250/1109/1060 633/1107/1058 1334/1110/981
f 940/1111/992 1499/1589/122 1068/39/39
f 250/1109/1060 1068/39/39 1398/37/37
f 251/1112/1061 635/1114/1063 1215/1104/1056
f 634/1108/1059 1398/37/37 1067/36/36
f 251/1112/1061 1067/36/36 1498/78/78
f 958/1113/1062 1343/1116/1065 635/1114/1063
f 636/1105/1057 1215/1104/1056 635/1114/1063
f 252/1115/1064 635/1114/1063 1343/1116/1065
f 957/1117/1066 1476/1083/1035 956/1082/1034
f 252/1115/1064 956/1082/1034 1342/1079/1031
f 253/1118/1067 637/1121/1070 1216/1119/1068
f 253/1118/1067 640/1120/1069 1344/1096/1048
f 253/1118/1067 959/1093/1045 1476/1083/1035
f 957/1117/1066 1343/1116/1065 637/1121/1070
f 638/1122/1071 1216/1119/1068 637/1121/1070
f 254/1123/1072 637/1121/1070 1343/1116/1065
f 958/1113/1062 1498/78/78 1066/77/77
f 254/1123/1072 1066/77/77 1397/1124/1073
f 639/1125/1074 1216/1119/1068 638/1122/1071
f 255/1126/1075 638/1122/1071 1397/1124/1073
f 1065/74/74 1531/73/73 1137/1127/1076
f 255/1126/1075 1137/1127/1076 1433/1128/1077
f 256/1129/1078 640/1120/1069 1216/1119/1068
f 639/1125/1074 1433/1128/1077 1138/1130/1079
f 256/1129/1078 1138/1130/1079 1525/1131/1080
f 960/1097/1049 1344/1096/1048 640/1120/1069
f 257/1132/1081 641/1137/1086 1217/1133/1082
f 644/1134/1083 1345/1153/1102 961/1135/1084
f 961/1135/1084 1477/1200/1149 997/1136/1085
f 997/1136/1085 1363/1140/1089 641/1137/1086
f 642/1138/1087 1217/1133/1082 641/1137/1086
f 258/1139/1088 641/1137/1086 1363/1140/1089
f 998/1141/1090 1481/1326/1275 967/1142/1091
f 258/1139/1088 967/1142/1091 1348/1143/1092
f 259/1144/1093 643/1149/1098 1217/1133/1082
f 642/1138/1087 1348/1143/1092 968/1145/1094
f 259/1144/1093 968/1145/1094 1482/1146/1095
f 259/1144/1093 966/1147/1096 1347/1148/1097
f 644/1134/1083 1217/1133/1082 643/1149/1098
f 260/1150/1099 643/1149/1098 1347/1148/1097
f 965/1151/1100 1478/1158/1107 962/1152/1101
f 260/1150/1099 962/1152/1101 1345/1153/1102
f 261/1154/1103 645/1159/1108 1218/1155/1104
f 648/1156/1105 1346/1170/1119 963/1157/1106
f 261/1154/1103 963/1157/1106 1478/1158/1107
f 965/1151/1100 1347/1148/1097 645/1159/1108
f 646/1160/1109 1218/1155/1104 645/1159/1108
f 262/1161/1110 645/1159/1108 1347/1148/1097
f 262/1161/1110 966/1147/1096 1482/1146/1095
f 262/1161/1110 971/1162/1111 1350/1163/1112
f 263/1164/1113 647/1166/1115 1218/1155/1104
f 646/1160/1109 1350/1163/1112 972/1165/1114
f 263/1164/1113 972/1165/1114 1509/356/342
f 1094/345/331 1411/341/327 647/1166/1115
f 648/1156/1105 1218/1155/1104 647/1166/1115
f 264/1167/1116 647/1166/1115 1411/341/327
f 264/1167/1116 1093/340/326 1508/1168/1117
f 264/1167/1116 964/1169/1118 1346/1170/1119
f 265/1171/1120 649/1175/1124 1219/1172/1121
f 652/1173/1122 1348/1143/1092 967/1142/1091
f 967/1142/1091 1481/1326/1275 999/1174/1123
f 999/1174/1123 1364/1178/1127 649/1175/1124
f 650/1176/1125 1219/1172/1121 649/1175/1124
f 266/1177/1126 649/1175/1124 1364/1178/1127
f 266/1177/1126 1000/1179/1128 1496/52/52
f 266/1177/1126 1060/260/249 1394/1180/1129
f 267/1181/1130 651/1183/1132 1219/1172/1121
f 650/1176/1125 1394/1180/1129 1059/258/247
f 1059/258/247 1495/257/246 970/1182/1131
f 970/1182/1131 1349/1185/1134 651/1183/1132
f 652/1173/1122 1219/1172/1121 651/1183/1132
f 268/1184/1133 651/1183/1132 1349/1185/1134
f 969/1186/1135 1482/1146/1095 968/1145/1094
f 968/1145/1094 1348/1143/1092 652/1173/1122
f 269/1187/1136 653/1190/1139 1220/1188/1137
f 656/1189/1138 1350/1163/1112 971/1162/1111
f 269/1187/1136 971/1162/1111 1482/1146/1095
f 969/1186/1135 1349/1185/1134 653/1190/1139
f 654/1191/1140 1220/1188/1137 653/1190/1139
f 270/1192/1141 653/1190/1139 1349/1185/1134
f 270/1192/1141 970/1182/1131 1495/257/246
f 1058/295/281 1393/293/279 654/1191/1140
f 271/1193/1142 655/1194/1143 1220/1188/1137
f 654/1191/1140 1393/293/279 1057/292/278
f 271/1193/1142 1057/292/278 1533/361/347
f 271/1193/1142 1096/360/346 1412/358/344
f 656/1189/1138 1220/1188/1137 655/1194/1143
f 272/1195/1144 655/1194/1143 1412/358/344
f 1095/357/343 1509/356/342 972/1165/1114
f 272/1195/1144 972/1165/1114 1350/1163/1112
f 273/1196/1145 657/1201/1150 1221/1197/1146
f 660/1198/1147 1351/1215/1164 973/1199/1148
f 273/1196/1145 973/1199/1148 1477/1200/1149
f 961/1135/1084 1345/1153/1102 657/1201/1150
f 274/1202/1151 658/1204/1153 1221/1197/1146
f 274/1202/1151 657/1201/1150 1345/1153/1102
f 962/1152/1101 1478/1158/1107 979/1203/1152
f 979/1203/1152 1354/1207/1156 658/1204/1153
f 659/1205/1154 1221/1197/1146 658/1204/1153
f 275/1206/1155 658/1204/1153 1354/1207/1156
f 275/1206/1155 980/1208/1157 1483/1209/1158
f 978/1210/1159 1353/1212/1161 659/1205/1154
f 276/1211/1160 660/1198/1147 1221/1197/1146
f 276/1211/1160 659/1205/1154 1353/1212/1161
f 977/1213/1162 1479/1221/1170 974/1214/1163
f 276/1211/1160 974/1214/1163 1351/1215/1164
f 661/1216/1165 1222/1223/1172 664/1217/1166
f 277/1218/1167 664/1217/1166 1352/1219/1168
f 277/1218/1167 975/1220/1169 1479/1221/1170
f 977/1213/1162 1353/1212/1161 661/1216/1165
f 278/1222/1171 662/1226/1175 1222/1223/1172
f 278/1222/1171 661/1216/1165 1353/1212/1161
f 978/1210/1159 1483/1209/1158 983/1224/1173
f 278/1222/1171 983/1224/1173 1356/1225/1174
f 663/1227/1176 1222/1223/1172 662/1226/1175
f 279/1228/1177 662/1226/1175 1356/1225/1174
f 279/1228/1177 984/1229/1178 1518/642/616
f 1118/630/604 1423/627/601 663/1227/1176
f 280/1230/1179 664/1217/1166 1222/1223/1172
f 280/1230/1179 663/1227/1176 1423/627/601
f 280/1230/1179 1117/626/600 1517/826/790
f 976/1231/1180 1352/1219/1168 664/1217/1166
f 665/1232/1181 1223/1238/1187 668/1233/1182
f 281/1234/1183 668/1233/1182 1354/1207/1156
f 979/1203/1152 1478/1158/1107 963/1157/1106
f 963/1157/1106 1346/1170/1119 665/1232/1181
f 666/1235/1184 1223/1238/1187 665/1232/1181
f 282/1236/1185 665/1232/1181 1346/1170/1119
f 964/1169/1118 1508/1168/1117 1092/543/521
f 282/1236/1185 1092/543/521 1410/541/519
f 283/1237/1186 667/1240/1189 1223/1238/1187
f 666/1235/1184 1410/541/519 1091/540/518
f 1091/540/518 1507/1250/1199 982/1239/1188
f 982/1239/1188 1355/1242/1191 667/1240/1189
f 668/1233/1182 1223/1238/1187 667/1240/1189
f 284/1241/1190 667/1240/1189 1355/1242/1191
f 981/1243/1192 1483/1209/1158 980/1208/1157
f 284/1241/1190 980/1208/1157 1354/1207/1156
f 285/1244/1193 669/1247/1196 1224/1245/1194
f 672/1246/1195 1356/1225/1174 983/1224/1173
f 285/1244/1193 983/1224/1173 1483/1209/1158
f 981/1243/1192 1355/1242/1191 669/1247/1196
f 670/1248/1197 1224/1245/1194 669/1247/1196
f 669/1247/1196 1355/1242/1191 982/1239/1188
f 286/1249/1198 982/1239/1188 1507/1250/1199
f 286/1249/1198 1090/579/553 1409/578/552
f 287/1251/1200 671/1252/1201 1224/1245/1194
f 670/1248/1197 1409/578/552 1089/575/549
f 287/1251/1200 1089/575/549 1537/574/548
f 1120/648/622 1424/647/621 671/1252/1201
f 672/1246/1195 1224/1245/1194 671/1252/1201
f 288/1253/1202 671/1252/1201 1424/647/621
f 1119/643/617 1518/642/616 984/1229/1178
f 984/1229/1178 1356/1225/1174 672/1246/1195
f 673/1254/1203 1225/1260/1209 676/1255/1204
f 289/1256/1205 676/1255/1204 1357/1257/1206
f 985/1258/1207 1477/1200/1149 973/1199/1148
f 289/1256/1205 973/1199/1148 1351/1215/1164
f 290/1259/1208 674/1263/1212 1225/1260/1209
f 673/1254/1203 1351/1215/1164 974/1214/1163
f 290/1259/1208 974/1214/1163 1479/1221/1170
f 290/1259/1208 991/1261/1210 1360/1262/1211
f 291/1264/1213 675/1268/1217 1225/1260/1209
f 674/1263/1212 1360/1262/1211 992/1265/1214
f 291/1264/1213 992/1265/1214 1484/1266/1215
f 990/1267/1216 1359/1270/1219 675/1268/1217
f 292/1269/1218 676/1255/1204 1225/1260/1209
f 292/1269/1218 675/1268/1217 1359/1270/1219
f 292/1269/1218 989/1271/1220 1480/1272/1221
f 986/1273/1222 1357/1257/1206 676/1255/1204
f 293/1274/1223 677/1279/1228 1226/1275/1224
f 293/1274/1223 680/1276/1225 1358/1277/1226
f 987/1278/1227 1480/1272/1221 989/1271/1220
f 989/1271/1220 1359/1270/1219 677/1279/1228
f 678/1280/1229 1226/1275/1224 677/1279/1228
f 294/1281/1230 677/1279/1228 1359/1270/1219
f 990/1267/1216 1484/1266/1215 995/1282/1231
f 294/1281/1230 995/1282/1231 1362/1283/1232
f 295/1284/1233 679/1286/1235 1226/1275/1224
f 678/1280/1229 1362/1283/1232 996/1285/1234
f 295/1284/1233 996/1285/1234 1527/917/877
f 1142/916/876 1435/914/874 679/1286/1235
f 680/1276/1225 1226/1275/1224 679/1286/1235
f 296/1287/1236 679/1286/1235 1435/914/874
f 1141/913/873 1526/912/872 988/1288/1237
f 296/1287/1236 988/1288/1237 1358/1277/1226
f 297/1289/1238 681/1292/1241 1227/1290/1239
f 684/1291/1240 1360/1262/1211 991/1261/1210
f 297/1289/1238 991/1261/1210 1479/1221/1170
f 975/1220/1169 1352/1219/1168 681/1292/1241
f 682/1293/1242 1227/1290/1239 681/1292/1241
f 298/1294/1243 681/1292/1241 1352/1219/1168
f 976/1231/1180 1517/826/790 1116/825/789
f 298/1294/1243 1116/825/789 1422/823/787
f 299/1295/1244 683/1297/1246 1227/1290/1239
f 682/1293/1242 1422/823/787 1115/822/786
f 299/1295/1244 1115/822/786 1516/862/822
f 994/1296/1245 1361/1299/1248 683/1297/1246
f 684/1291/1240 1227/1290/1239 683/1297/1246
f 300/1298/1247 683/1297/1246 1361/1299/1248
f 993/1300/1249 1484/1266/1215 992/1265/1214
f 300/1298/1247 992/1265/1214 1360/1262/1211
f 301/1301/1250 685/1304/1253 1228/1302/1251
f 688/1303/1252 1362/1283/1232 995/1282/1231
f 301/1301/1250 995/1282/1231 1484/1266/1215
f 993/1300/1249 1361/1299/1248 685/1304/1253
f 686/1305/1254 1228/1302/1251 685/1304/1253
f 302/1306/1255 685/1304/1253 1361/1299/1248
f 994/1296/1245 1516/862/822 1114/861/821
f 302/1306/1255 1114/861/821 1421/1307/1256
f 303/1308/1257 687/1309/1258 1228/1302/1251
f 686/1305/1254 1421/1307/1256 1113/858/818
f 303/1308/1257 1113/858/818 1535/857/817
f 1144/933/893 1436/931/891 687/1309/1258
f 688/1303/1252 1228/1302/1251 687/1309/1258
f 687/1309/1258 1436/931/891 1143/930/890
f 1143/930/890 1527/917/877 996/1285/1234
f 304/1310/1259 996/1285/1234 1362/1283/1232
f 305/1311/1260 689/1314/1263 1229/1312/1261
f 692/1313/1262 1363/1140/1089 997/1136/1085
f 305/1311/1260 997/1136/1085 1477/1200/1149
f 985/1258/1207 1357/1257/1206 689/1314/1263
f 690/1315/1264 1229/1312/1261 689/1314/1263
f 306/1316/1265 689/1314/1263 1357/1257/1206
f 986/1273/1222 1480/1272/1221 1003/1317/1266
f 306/1316/1265 1003/1317/1266 1366/1318/1267
f 307/1319/1268 691/1323/1272 1229/1312/1261
f 690/1315/1264 1366/1318/1267 1004/1320/1269
f 1004/1320/1269 1485/1332/1281 1002/1321/1270
f 307/1319/1268 1002/1321/1270 1365/1322/1271
f 692/1313/1262 1229/1312/1261 691/1323/1272
f 691/1323/1272 1365/1322/1271 1001/1325/1274
f 308/1324/1273 1001/1325/1274 1481/1326/1275
f 998/1141/1090 1363/1140/1089 692/1313/1262
f 693/1327/1276 1230/1331/1280 696/1328/1277
f 309/1329/1278 696/1328/1277 1364/1178/1127
f 999/1174/1123 1481/1326/1275 1001/1325/1274
f 309/1329/1278 1001/1325/1274 1365/1322/1271
f 310/1330/1279 694/1335/1284 1230/1331/1280
f 693/1327/1276 1365/1322/1271 1002/1321/1270
f 310/1330/1279 1002/1321/1270 1485/1332/1281
f 310/1330/1279 1007/1333/1282 1368/1334/1283
f 695/1336/1285 1230/1331/1280 694/1335/1284
f 694/1335/1284 1368/1334/1283 1008/1338/1287
f 311/1337/1286 1008/1338/1287 1497/67/67
f 1062/57/57 1395/56/56 695/1336/1285
f 696/1328/1277 1230/1331/1280 695/1336/1285
f 312/1339/1288 695/1336/1285 1395/56/56
f 1061/53/53 1496/52/52 1000/1179/1128
f 1000/1179/1128 1364/1178/1127 696/1328/1277
f 313/1340/1289 697/1343/1292 1231/1341/1290
f 700/1342/1291 1366/1318/1267 1003/1317/1266
f 313/1340/1289 1003/1317/1266 1480/1272/1221
f 987/1278/1227 1358/1277/1226 697/1343/1292
f 698/1344/1293 1231/1341/1290 697/1343/1292
f 314/1345/1294 697/1343/1292 1358/1277/1226
f 988/1288/1237 1526/912/872 1140/1102/1054
f 314/1345/1294 1140/1102/1054 1434/1101/1053
f 315/1346/1295 699/1349/1298 1231/1341/1290
f 315/1346/1295 698/1344/1293 1434/1101/1053
f 1139/1098/1050 1525/1131/1080 1006/1347/1296
f 315/1346/1295 1006/1347/1296 1367/1348/1297
f 700/1342/1291 1231/1341/1290 699/1349/1298
f 699/1349/1298 1367/1348/1297 1005/1351/1300
f 316/1350/1299 1005/1351/1300 1485/1332/1281
f 1004/1320/1269 1366/1318/1267 700/1342/1291
f 317/1352/1301 701/1355/1304 1232/1353/1302
f 704/1354/1303 1368/1334/1283 1007/1333/1282
f 1007/1333/1282 1485/1332/1281 1005/1351/1300
f 317/1352/1301 1005/1351/1300 1367/1348/1297
f 702/1356/1305 1232/1353/1302 701/1355/1304
f 318/1357/1306 701/1355/1304 1367/1348/1297
f 1006/1347/1296 1525/1131/1080 1138/1130/1079
f 318/1357/1306 1138/1130/1079 1433/1128/1077
f 319/1358/1307 703/1359/1308 1232/1353/1302
f 702/1356/1305 1433/1128/1077 1137/1127/1076
f 319/1358/1307 1137/1127/1076 1531/73/73
f 1064/72/72 1396/71/71 703/1359/1308
f 704/1354/1303 1232/1353/1302 703/1359/1308
f 320/1360/1309 703/1359/1308 1396/71/71
f 1063/68/68 1497/67/67 1008/1338/1287
f 320/1360/1309 1008/1338/1287 1368/1334/1283
f 321/1361/1310 705/1367/1316 1233/1362/1311
f 708/1363/1312 1369/1427/1376 1009/1364/1313
f 321/1361/1310 1009/1364/1313 1486/1365/1314
f 1045/1366/1315 1387/1370/1319 705/1367/1316
f 706/1368/1317 1233/1362/1311 705/1367/1316
f 322/1369/1318 705/1367/1316 1387/1370/1319
f 1046/1371/1320 1490/1553/1502 1015/1372/1321
f 322/1369/1318 1015/1372/1321 1372/1373/1322
f 323/1374/1323 707/1377/1326 1233/1362/1311
f 706/1368/1317 1372/1373/1322 1016/1375/1324
f 1016/1375/1324 1491/1389/1338 1014/1376/1325
f 1014/1376/1325 1371/1379/1328 707/1377/1326
f 708/1363/1312 1233/1362/1311 707/1377/1326
f 324/1378/1327 707/1377/1326 1371/1379/1328
f 1013/1380/1329 1487/1386/1335 1010/1381/1330
f 1010/1381/1330 1369/1427/1376 708/1363/1312
f 325/1382/1331 709/1387/1336 1234/1383/1332
f 712/1384/1333 1370/1398/1347 1011/1385/1334
f 325/1382/1331 1011/1385/1334 1487/1386/1335
f 1013/1380/1329 1371/1379/1328 709/1387/1336
f 326/1388/1337 710/1391/1340 1234/1383/1332
f 326/1388/1337 709/1387/1336 1371/1379/1328
f 326/1388/1337 1014/1376/1325 1491/1389/1338
f 1019/1390/1339 1374/1394/1343 710/1391/1340
f 711/1392/1341 1234/1383/1332 710/1391/1340
f 327/1393/1342 710/1391/1340 1374/1394/1343
f 1020/1395/1344 1512/486/467 1102/485/466
f 327/1393/1342 1102/485/466 1415/483/464
f 712/1384/1333 1234/1383/1332 711/1392/1341
f 328/1396/1345 711/1392/1341 1415/483/464
f 1101/482/463 1511/481/462 1012/1397/1346
f 328/1396/1345 1012/1397/1346 1370/1398/1347
f 329/1399/1348 713/1403/1352 1235/1400/1349
f 716/1401/1350 1372/1373/1322 1015/1372/1321
f 1015/1372/1321 1490/1553/1502 1047/1402/1351
f 1047/1402/1351 1388/1406/1355 713/1403/1352
f 714/1404/1353 1235/1400/1349 713/1403/1352
f 330/1405/1354 713/1403/1352 1388/1406/1355
f 1048/1407/1356 1520/692/662 1124/691/661
f 330/1405/1354 1124/691/661 1426/689/659
f 331/1408/1357 715/1410/1359 1235/1400/1349
f 331/1408/1357 714/1404/1353 1426/689/659
f 1123/688/658 1519/687/657 1018/1409/1358
f 1018/1409/1358 1373/1412/1361 715/1410/1359
f 716/1401/1350 1235/1400/1349 715/1410/1359
f 332/1411/1360 715/1410/1359 1373/1412/1361
f 332/1411/1360 1017/1413/1362 1491/1389/1338
f 332/1411/1360 1016/1375/1324 1372/1373/1322
f 717/1414/1363 1236/1420/1369 720/1415/1364
f 333/1416/1365 720/1415/1364 1374/1394/1343
f 1019/1390/1339 1491/1389/1338 1017/1413/1362
f 1017/1413/1362 1373/1412/1361 717/1414/1363
f 718/1417/1366 1236/1420/1369 717/1414/1363
f 334/1418/1367 717/1414/1363 1373/1412/1361
f 1018/1409/1358 1519/687/657 1122/721/688
f 334/1418/1367 1122/721/688 1425/720/687
f 335/1419/1368 719/1421/1370 1236/1420/1369
f 718/1417/1366 1425/720/687 1121/718/685
f 335/1419/1368 1121/718/685 1538/502/483
f 1104/501/482 1416/499/480 719/1421/1370
f 336/1422/1371 720/1415/1364 1236/1420/1369
f 719/1421/1370 1416/499/480 1103/498/479
f 336/1422/1371 1103/498/479 1512/486/467
f 1020/1395/1344 1374/1394/1343 720/1415/1364
f 721/1423/1372 1237/1429/1378 724/1424/1373
f 724/1424/1373 1375/1484/1433 1021/1426/1375
f 1021/1426/1375 1486/1365/1314 1009/1364/1313
f 337/1425/1374 1009/1364/1313 1369/1427/1376
f 338/1428/1377 722/1432/1381 1237/1429/1378
f 721/1423/1372 1369/1427/1376 1010/1381/1330
f 1010/1381/1330 1487/1386/1335 1027/1430/1379
f 338/1428/1377 1027/1430/1379 1378/1431/1380
f 339/1433/1382 723/1437/1386 1237/1429/1378
f 722/1432/1381 1378/1431/1380 1028/1434/1383
f 339/1433/1382 1028/1434/1383 1492/1435/1384
f 1026/1436/1385 1377/1439/1388 723/1437/1386
f 724/1424/1373 1237/1429/1378 723/1437/1386
f 340/1438/1387 723/1437/1386 1377/1439/1388
f 340/1438/1387 1025/1440/1389 1488/1441/1390
f 1022/1442/1391 1375/1484/1433 724/1424/1373
f 725/1443/1392 1238/1453/1402 728/1444/1393
f 341/1445/1394 728/1444/1393 1376/1446/1395
f 1023/1447/1396 1488/1441/1390 1025/1440/1389
f 1025/1440/1389 1377/1439/1388 725/1443/1392
f 726/1448/1397 1238/1453/1402 725/1443/1392
f 342/1449/1398 725/1443/1392 1377/1439/1388
f 1026/1436/1385 1492/1435/1384 1031/1450/1399
f 342/1449/1398 1031/1450/1399 1380/1451/1400
f 343/1452/1401 727/1455/1404 1238/1453/1402
f 726/1448/1397 1380/1451/1400 1032/1454/1403
f 343/1452/1401 1032/1454/1403 1503/214/208
f 1078/204/198 1403/200/194 727/1455/1404
f 344/1456/1405 728/1444/1393 1238/1453/1402
f 344/1456/1405 727/1455/1404 1403/200/194
f 344/1456/1405 1077/199/193 1502/198/192
f 1024/1457/1406 1376/1446/1395 728/1444/1393
f 345/1458/1407 729/1461/1410 1239/1459/1408
f 732/1460/1409 1378/1431/1380 1027/1430/1379
f 1027/1430/1379 1487/1386/1335 1011/1385/1334
f 345/1458/1407 1011/1385/1334 1370/1398/1347
f 730/1462/1411 1239/1459/1408 729/1461/1410
f 729/1461/1410 1370/1398/1347 1012/1397/1346
f 346/1463/1412 1012/1397/1346 1511/481/462
f 1100/404/388 1414/403/387 730/1462/1411
f 347/1464/1413 731/1466/1415 1239/1459/1408
f 347/1464/1413 730/1462/1411 1414/403/387
f 1099/400/384 1510/399/383 1030/1465/1414
f 1030/1465/1414 1379/1468/1417 731/1466/1415
f 732/1460/1409 1239/1459/1408 731/1466/1415
f 348/1467/1416 731/1466/1415 1379/1468/1417
f 1029/1469/1418 1492/1435/1384 1028/1434/1383
f 348/1467/1416 1028/1434/1383 1378/1431/1380
f 349/1470/1419 733/1473/1422 1240/1471/1420
f 736/1472/1421 1380/1451/1400 1031/1450/1399
f 349/1470/1419 1031/1450/1399 1492/1435/1384
f 1029/1469/1418 1379/1468/1417 733/1473/1422
f 734/1474/1423 1240/1471/1420 733/1473/1422
f 350/1475/1424 733/1473/1422 1379/1468/1417
f 350/1475/1424 1030/1465/1414 1510/399/383
f 1098/435/416 1413/434/415 734/1474/1423
f 351/1476/1425 735/1477/1426 1240/1471/1420
f 734/1474/1423 1413/434/415 1097/431/412
f 351/1476/1425 1097/431/412 1534/430/411
f 1080/220/214 1404/219/213 735/1477/1426
f 736/1472/1421 1240/1471/1420 735/1477/1426
f 352/1478/1427 735/1477/1426 1404/219/213
f 1079/215/209 1503/214/208 1032/1454/1403
f 352/1478/1427 1032/1454/1403 1380/1451/1400
f 737/1479/1428 1241/1490/1439 740/1480/1429
f 353/1481/1430 740/1480/1429 1381/1482/1431
f 1033/1483/1432 1486/1365/1314 1021/1426/1375
f 353/1481/1430 1021/1426/1375 1375/1484/1433
f 738/1485/1434 1241/1490/1439 737/1479/1428
f 354/1486/1435 737/1479/1428 1375/1484/1433
f 1022/1442/1391 1488/1441/1390 1039/1487/1436
f 354/1486/1435 1039/1487/1436 1384/1488/1437
f 355/1489/1438 739/1493/1442 1241/1490/1439
f 355/1489/1438 738/1485/1434 1384/1488/1437
f 1040/1491/1440 1493/1530/1479 1038/1492/1441
f 1038/1492/1441 1383/1495/1444 739/1493/1442
f 740/1480/1429 1241/1490/1439 739/1493/1442
f 356/1494/1443 739/1493/1442 1383/1495/1444
f 1037/1496/1445 1489/1502/1451 1034/1497/1446
f 356/1494/1443 1034/1497/1446 1381/1482/1431
f 357/1498/1447 741/1503/1452 1242/1499/1448
f 744/1500/1449 1382/1513/1462 1035/1501/1450
f 357/1498/1447 1035/1501/1450 1489/1502/1451
f 1037/1496/1445 1383/1495/1444 741/1503/1452
f 742/1504/1453 1242/1499/1448 741/1503/1452
f 358/1505/1454 741/1503/1452 1383/1495/1444
f 1038/1492/1441 1493/1530/1479 1043/1506/1455
f 358/1505/1454 1043/1506/1455 1386/1507/1456
f 359/1508/1457 743/1510/1459 1242/1499/1448
f 742/1504/1453 1386/1507/1456 1044/1509/1458
f 359/1508/1457 1044/1509/1458 1530/1050/1005
f 1150/1049/1004 1439/1048/1003 743/1510/1459
f 744/1500/1449 1242/1499/1448 743/1510/1459
f 360/1511/1460 743/1510/1459 1439/1048/1003
f 1149/1045/1000 1529/973/930 1036/1512/1461
f 360/1511/1460 1036/1512/1461 1382/1513/1462
f 361/1514/1463 745/1517/1466 1243/1515/1464
f 748/1516/1465 1384/1488/1437 1039/1487/1436
f 361/1514/1463 1039/1487/1436 1488/1441/1390
f 1023/1447/1396 1376/1446/1395 745/1517/1466
f 746/1518/1467 1243/1515/1464 745/1517/1466
f 362/1519/1468 745/1517/1466 1376/1446/1395
f 1024/1457/1406 1502/198/192 1076/118/115
f 362/1519/1468 1076/118/115 1402/115/112
f 363/1520/1469 747/1523/1472 1243/1515/1464
f 746/1518/1467 1402/115/112 1075/114/111
f 363/1520/1469 1075/114/111 1501/1521/1470
f 1042/1522/1471 1385/1525/1474 747/1523/1472
f 748/1516/1465 1243/1515/1464 747/1523/1472
f 364/1524/1473 747/1523/1472 1385/1525/1474
f 1041/1526/1475 1493/1530/1479 1040/1491/1440
f 364/1524/1473 1040/1491/1440 1384/1488/1437
f 365/1527/1476 749/1531/1480 1244/1528/1477
f 752/1529/1478 1386/1507/1456 1043/1506/1455
f 365/1527/1476 1043/1506/1455 1493/1530/1479
f 1041/1526/1475 1385/1525/1474 749/1531/1480
f 366/1532/1481 750/1533/1482 1244/1528/1477
f 366/1532/1481 749/1531/1480 1385/1525/1474
f 366/1532/1481 1042/1522/1471 1501/1521/1470
f 1074/154/148 1401/152/146 750/1533/1482
f 367/1534/1483 751/1535/1484 1244/1528/1477
f 750/1533/1482 1401/152/146 1073/151/145
f 367/1534/1483 1073/151/145 1532/1066/1021
f 1152/1065/1020 1440/1537/1486 751/1535/1484
f 368/1536/1485 752/1529/1478 1244/1528/1477
f 368/1536/1485 751/1535/1484 1440/1537/1486
f 1151/1063/1018 1530/1050/1005 1044/1509/1458
f 368/1536/1485 1044/1509/1458 1386/1507/1456
f 753/1538/1487 1245/1542/1491 756/1539/1488
f 369/1540/1489 756/1539/1488 1387/1370/1319
f 369/1540/1489 1045/1366/1315 1486/1365/1314
f 1033/1483/1432 1381/1482/1431 753/1538/1487
f 370/1541/1490 754/1544/1493 1245/1542/1491
f 370/1541/1490 753/1538/1487 1381/1482/1431
f 1034/1497/1446 1489/1502/1451 1051/1543/1492
f 1051/1543/1492 1390/1547/1496 754/1544/1493
f 755/1545/1494 1245/1542/1491 754/1544/1493
f 371/1546/1495 754/1544/1493 1390/1547/1496
f 1052/1548/1497 1494/1582/1532 1050/1549/1498
f 371/1546/1495 1050/1549/1498 1389/1550/1499
f 372/1551/1500 756/1539/1488 1245/1542/1491
f 755/1545/1494 1389/1550/1499 1049/1552/1501
f 372/1551/1500 1049/1552/1501 1490/1553/1502
f 1046/1371/1320 1387/1370/1319 756/1539/1488
f 757/1554/1503 1246/1558/1507 760/1555/1504
f 373/1556/1505 760/1555/1504 1388/1406/1355
f 1047/1402/1351 1490/1553/1502 1049/1552/1501
f 373/1556/1505 1049/1552/1501 1389/1550/1499
f 374/1557/1506 758/1561/1510 1246/1558/1507
f 757/1554/1503 1389/1550/1499 1050/1549/1498
f 1050/1549/1498 1494/1582/1532 1055/1559/1508
f 374/1557/1506 1055/1559/1508 1392/1560/1509
f 759/1562/1511 1246/1558/1507 758/1561/1510
f 375/1563/1512 758/1561/1510 1392/1560/1509
f 1056/1564/1513 1521/771/738 1126/770/737
f 375/1563/1512 1126/770/737 1427/767/734
f 376/1565/1514 760/1555/1504 1246/1558/1507
f 759/1562/1511 1427/767/734 1125/766/733
f 376/1565/1514 1125/766/733 1520/692/662
f 1048/1407/1356 1388/1406/1355 760/1555/1504
f 761/1566/1515 1247/1570/1519 764/1567/1516
f 377/1568/1517 764/1567/1516 1390/1547/1496
f 1051/1543/1492 1489/1502/1451 1035/1501/1450
f 377/1568/1517 1035/1501/1450 1382/1513/1462
f 378/1569/1518 762/1571/1521 1247/1570/1519
f 378/1569/1520 761/1566/1515 1382/1513/1462
f 378/1569/1520 1036/1512/1461 1529/973/930
f 1148/972/929 1438/1574/1524 762/1571/1521
f 763/1572/1522 1247/1570/1519 762/1571/1521
f 379/1573/1523 762/1571/1521 1438/1574/1524
f 1147/969/926 1528/968/925 1054/1575/1525
f 379/1573/1523 1054/1575/1525 1391/1576/1526
f 380/1577/1527 764/1567/1516 1247/1570/1519
f 763/1572/1522 1391/1576/1526 1053/1578/1528
f 1053/1578/1528 1494/1582/1532 1052/1548/1497
f 1052/1548/1497 1390/1547/1496 764/1567/1516
f 765/1579/1529 1248/1584/1534 768/1580/1530
f 768/1580/1530 1392/1560/1509 1055/1559/1508
f 381/1581/1531 1055/1559/1508 1494/1582/1532
f 381/1581/1531 1053/1578/1528 1391/1576/1526
f 382/1583/1533 766/1585/1535 1248/1584/1534
f 765/1579/1529 1391/1576/1526 1054/1575/1525
f 382/1583/1533 1054/1575/1525 1528/968/925
f 1146/1002/958 1437/1001/957 766/1585/1535
f 767/1586/1536 1248/1584/1534 766/1585/1535
f 383/1587/1537 766/1585/1535 1437/1001/957
f 1145/998/954 1536/997/953 1128/786/753
f 383/1587/1537 1128/786/753 1428/783/750
f 384/1588/1538 768/1580/1530 1248/1584/1534
f 767/1586/1536 1428/783/750 1127/782/749
f 384/1588/1538 1127/782/749 1521/771/738
f 1056/1564/1513 1392/1560/1509 768/1580/1530
