# Blender 4.0.2
# www.blender.org
mtllib GameOver.mtl
o GameOver
v 0.079817 0.325499 -2.400654
v 0.079804 0.321561 -2.428602
v 0.079790 0.315062 -2.454397
v 0.079774 0.306088 -2.477935
v 0.079757 0.294727 -2.499107
v 0.079739 0.281066 -2.517808
v 0.079720 0.265192 -2.533931
v 0.079700 0.247192 -2.547371
v 0.079679 0.227153 -2.558021
v 0.079657 0.205163 -2.565776
v 0.079635 0.181308 -2.570527
v 0.079612 0.155675 -2.572171
v 0.079598 0.138317 -2.571444
v 0.079584 0.121735 -2.569210
v 0.079571 0.105960 -2.565496
v 0.079560 0.091025 -2.560330
v 0.079550 0.076960 -2.553740
v 0.079541 0.063796 -2.545755
v 0.079534 0.051565 -2.536402
v 0.079528 0.040297 -2.525709
v 0.079523 0.030025 -2.513705
v 0.079519 0.020779 -2.500417
v 0.079517 0.012591 -2.485873
v 0.079516 0.005492 -2.470103
v 0.079503 -0.004097 -2.483613
v 0.079490 -0.014511 -2.496345
v 0.079476 -0.025749 -2.508417
v 0.079462 -0.037811 -2.519950
v 0.079447 -0.050698 -2.531060
v 0.079431 -0.064409 -2.541865
v 0.079415 -0.078943 -2.552485
v 0.079398 -0.094300 -2.563039
v 0.079381 -0.110481 -2.573643
v 0.079362 -0.127484 -2.584419
v 0.079343 -0.145310 -2.595482
v 0.079323 -0.163958 -2.606953
v 0.079312 -0.174083 -2.613282
v 0.079302 -0.183515 -2.619292
v 0.079292 -0.192462 -2.625113
v 0.079283 -0.201128 -2.630878
v 0.079274 -0.209720 -2.636717
v 0.079264 -0.218441 -2.642762
v 0.079254 -0.227499 -2.649145
v 0.079243 -0.237098 -2.655997
v 0.079232 -0.247445 -2.663449
v 0.079219 -0.258744 -2.671632
v 0.079206 -0.271202 -2.680678
v 0.079190 -0.285023 -2.690720
v 0.079225 -0.285238 -2.585648
v 0.079361 -0.159678 -2.504566
v 0.079393 -0.130550 -2.485187
v 0.079420 -0.105722 -2.467469
v 0.079444 -0.084857 -2.451231
v 0.079464 -0.067619 -2.436292
v 0.079480 -0.053671 -2.422470
v 0.079494 -0.042678 -2.409582
v 0.079506 -0.034302 -2.397448
v 0.079515 -0.028208 -2.385887
v 0.079522 -0.024059 -2.374717
v 0.079528 -0.021518 -2.363755
v 0.079533 -0.020249 -2.352821
v 0.079537 -0.019917 -2.341734
v 0.079549 -0.019992 -2.304914
v 0.079318 -0.285813 -2.305459
v 0.079347 -0.285994 -2.217450
v 0.079879 0.326472 -2.216194
v 0.079828 0.326789 -2.370658
v 0.079599 0.059152 -2.361328
v 0.079592 0.060181 -2.383520
v 0.079588 0.063066 -2.403038
v 0.079587 0.067649 -2.420021
v 0.079587 0.073770 -2.434606
v 0.079589 0.081272 -2.446930
v 0.079594 0.089994 -2.457132
v 0.079599 0.099779 -2.465348
v 0.079607 0.110467 -2.471716
v 0.079615 0.121900 -2.476374
v 0.079624 0.133919 -2.479459
v 0.079635 0.146366 -2.481109
v 0.079646 0.159081 -2.481462
v 0.079658 0.172973 -2.480506
v 0.079670 0.185883 -2.478105
v 0.079682 0.197767 -2.474198
v 0.079693 0.208581 -2.468721
v 0.079704 0.218282 -2.461612
v 0.079714 0.226825 -2.452810
v 0.079724 0.234168 -2.442251
v 0.079733 0.240265 -2.429873
v 0.079742 0.245075 -2.415616
v 0.079751 0.248551 -2.399414
v 0.079758 0.250652 -2.381208
v 0.079766 0.251333 -2.360934
v 0.079784 0.251217 -2.304357
v 0.079617 0.059036 -2.304752
v 0.079931 0.246700 -1.853546
v 0.079770 0.061703 -1.853925
v 0.079687 0.062217 -2.104480
v 0.079618 -0.016811 -2.104642
v 0.079701 -0.017325 -1.854088
v 0.079536 -0.207710 -1.854478
v 0.079447 -0.207161 -2.122096
v 0.079378 -0.286189 -2.122258
v 0.079496 -0.286918 -1.766632
v 0.080028 0.325547 -1.765376
v 0.079913 0.326260 -2.112919
v 0.079845 0.247232 -2.113081
v 0.079606 -0.293014 -1.421795
v 0.080230 0.324297 -1.155605
v 0.080201 0.324477 -1.243613
v 0.079766 -0.105308 -1.428594
v 0.080079 0.325231 -1.610913
v 0.080051 0.325409 -1.698023
v 0.079600 -0.292977 -1.439755
v 0.080341 0.328795 -0.834532
v 0.080318 0.320381 -0.880191
v 0.080293 0.306783 -0.922387
v 0.080264 0.288408 -0.960935
v 0.080232 0.265659 -0.995650
v 0.080199 0.238941 -1.026349
v 0.080164 0.208661 -1.052844
v 0.080128 0.175222 -1.074953
v 0.080090 0.139029 -1.092490
v 0.080053 0.100488 -1.105270
v 0.080015 0.060004 -1.113109
v 0.079977 0.017981 -1.115821
v 0.079943 -0.022921 -1.113347
v 0.079911 -0.062698 -1.105846
v 0.079882 -0.100888 -1.093459
v 0.079856 -0.137030 -1.076325
v 0.079834 -0.170662 -1.054584
v 0.079816 -0.201322 -1.028374
v 0.079803 -0.228549 -0.997836
v 0.079794 -0.251880 -0.963108
v 0.079790 -0.270854 -0.924329
v 0.079792 -0.285008 -0.881640
v 0.079800 -0.293883 -0.835180
v 0.079814 -0.297014 -0.785087
v 0.079833 -0.294102 -0.736580
v 0.079855 -0.285461 -0.691313
v 0.079881 -0.271544 -0.649472
v 0.079910 -0.252801 -0.611241
v 0.079942 -0.229685 -0.576805
v 0.079975 -0.202648 -0.546350
v 0.080011 -0.172140 -0.520060
v 0.080047 -0.138615 -0.498119
v 0.080084 -0.102524 -0.480713
v 0.080122 -0.064318 -0.468027
v 0.080159 -0.024449 -0.460246
v 0.080195 0.016631 -0.457555
v 0.080231 0.058476 -0.460146
v 0.080263 0.098869 -0.467951
v 0.080292 0.137395 -0.480754
v 0.080318 0.173640 -0.498343
v 0.080340 0.207187 -0.520503
v 0.080357 0.237622 -0.547018
v 0.080371 0.264529 -0.577676
v 0.080379 0.287493 -0.612261
v 0.080382 0.306100 -0.650560
v 0.080381 0.319933 -0.692358
v 0.080373 0.328578 -0.737441
v 0.080360 0.331620 -0.785594
v 0.079874 -0.214079 -0.820277
v 0.079869 -0.208049 -0.852104
v 0.079867 -0.198325 -0.881972
v 0.079870 -0.185135 -0.909653
v 0.079875 -0.168706 -0.934920
v 0.079885 -0.149268 -0.957546
v 0.079898 -0.127048 -0.977304
v 0.079914 -0.102275 -0.993966
v 0.079933 -0.075176 -1.007306
v 0.079955 -0.045979 -1.017096
v 0.079980 -0.014913 -1.023109
v 0.080007 0.017795 -1.025118
v 0.080037 0.050682 -1.022975
v 0.080066 0.081847 -1.016834
v 0.080094 0.111070 -1.006924
v 0.080122 0.138135 -0.993473
v 0.080149 0.162823 -0.976709
v 0.080175 0.184916 -0.956861
v 0.080200 0.204197 -0.934155
v 0.080222 0.220448 -0.908821
v 0.080243 0.233452 -0.881087
v 0.080261 0.242989 -0.851180
v 0.080277 0.248843 -0.819328
v 0.080289 0.250796 -0.785760
v 0.080299 0.248706 -0.752406
v 0.080304 0.242722 -0.720751
v 0.080306 0.233062 -0.691024
v 0.080303 0.219945 -0.663455
v 0.080297 0.203590 -0.638276
v 0.080288 0.184216 -0.615716
v 0.080275 0.162042 -0.596005
v 0.080260 0.137285 -0.579375
v 0.080240 0.110166 -0.566054
v 0.080218 0.080902 -0.556274
v 0.080193 0.049713 -0.550265
v 0.080165 0.016817 -0.548257
v 0.080136 -0.015882 -0.550400
v 0.080107 -0.046924 -0.556536
v 0.080079 -0.076080 -0.566436
v 0.080051 -0.103124 -0.579868
v 0.080024 -0.127829 -0.596600
v 0.079998 -0.149968 -0.616402
v 0.079973 -0.169313 -0.639041
v 0.079951 -0.185638 -0.664287
v 0.079930 -0.198715 -0.691910
v 0.079912 -0.208317 -0.721676
v 0.079896 -0.214216 -0.753356
v 0.079884 -0.216187 -0.786717
v 0.080586 0.242638 0.126640
v 0.080425 0.057641 0.126261
v 0.080342 0.058155 -0.124294
v 0.080274 -0.020873 -0.124456
v 0.080356 -0.021387 0.126099
v 0.080191 -0.211772 0.125708
v 0.080102 -0.211223 -0.141909
v 0.080034 -0.290251 -0.142071
v 0.080151 -0.290980 0.213554
v 0.080684 0.321486 0.214811
v 0.080569 0.322199 -0.132732
v 0.080500 0.243171 -0.132895
v 0.080224 -0.291431 0.433575
v 0.080639 0.185430 0.434553
v 0.080639 0.185426 0.436349
v 0.080496 -0.052044 0.624452
v 0.080500 -0.052074 0.638821
v 0.080769 0.184623 0.827897
v 0.080769 0.184619 0.829693
v 0.080355 -0.292242 0.828715
v 0.080384 -0.292423 0.916723
v 0.080916 0.320043 0.917979
v 0.080889 0.320213 0.835359
v 0.080603 0.069177 0.631885
v 0.080754 0.321047 0.428545
v 0.080727 0.321215 0.346823
v 0.080195 -0.291251 0.345567
v 0.080436 -0.292741 1.072085
v 0.080620 -0.112402 1.154177
v 0.080706 -0.112936 1.414610
v 0.080574 -0.293601 1.491471
v 0.080604 -0.293786 1.581276
v 0.081052 0.322812 1.319412
v 0.081032 0.322939 1.257447
v 0.080406 -0.292557 0.982280
v 0.080700 -0.033448 1.190261
v 0.080926 0.188166 1.289500
v 0.080763 -0.033838 1.380646
v 0.080660 -0.260278 1.661646
v 0.080660 -0.267981 1.681245
v 0.080660 -0.274834 1.700446
v 0.080661 -0.280864 1.719369
v 0.080663 -0.286096 1.738131
v 0.080665 -0.290554 1.756851
v 0.080668 -0.294263 1.775647
v 0.080672 -0.297250 1.794638
v 0.080677 -0.299539 1.813942
v 0.080682 -0.301155 1.833678
v 0.080688 -0.302124 1.853965
v 0.080694 -0.302470 1.874919
v 0.080712 -0.299881 1.920767
v 0.080733 -0.292110 1.964259
v 0.080758 -0.279444 2.005085
v 0.080785 -0.262170 2.042937
v 0.080815 -0.240573 2.077505
v 0.080848 -0.214941 2.108479
v 0.080883 -0.185558 2.135551
v 0.080919 -0.152712 2.158411
v 0.080956 -0.116688 2.176750
v 0.080994 -0.077774 2.190258
v 0.081033 -0.036254 2.198627
v 0.081072 0.007584 2.201547
v 0.081110 0.051764 2.198737
v 0.081143 0.093832 2.190348
v 0.081173 0.133460 2.176716
v 0.081199 0.170319 2.158175
v 0.081221 0.204083 2.135064
v 0.081238 0.234421 2.107717
v 0.081251 0.261007 2.076471
v 0.081259 0.283513 2.041662
v 0.081262 0.301610 2.003625
v 0.081260 0.314969 1.962698
v 0.081252 0.323264 1.919216
v 0.081240 0.326166 1.873515
v 0.081234 0.325949 1.855963
v 0.081227 0.325184 1.839075
v 0.081221 0.323815 1.822616
v 0.081214 0.321780 1.806352
v 0.081206 0.319022 1.790048
v 0.081197 0.315482 1.773473
v 0.081188 0.311101 1.756390
v 0.081177 0.305821 1.738566
v 0.081165 0.299582 1.719768
v 0.081153 0.292326 1.699760
v 0.081138 0.283994 1.678310
v 0.081122 0.274527 1.655183
v 0.081045 0.185621 1.655001
v 0.081059 0.195068 1.673035
v 0.081073 0.203723 1.691168
v 0.081086 0.211580 1.709386
v 0.081098 0.218633 1.727677
v 0.081109 0.224874 1.746029
v 0.081120 0.230298 1.764430
v 0.081130 0.234899 1.782866
v 0.081140 0.238671 1.801325
v 0.081148 0.241607 1.819795
v 0.081156 0.243701 1.838263
v 0.081164 0.244947 1.856717
v 0.081170 0.245338 1.875145
v 0.081179 0.243198 1.907708
v 0.081184 0.237075 1.938773
v 0.081185 0.227215 1.968084
v 0.081183 0.213859 1.995386
v 0.081177 0.197253 2.020423
v 0.081167 0.177640 2.042941
v 0.081154 0.155264 2.062684
v 0.081138 0.130368 2.079398
v 0.081119 0.103197 2.092826
v 0.081097 0.073993 2.102715
v 0.081072 0.043001 2.108808
v 0.081045 0.010464 2.110850
v 0.081015 -0.022783 2.108683
v 0.080986 -0.054145 2.102460
v 0.080957 -0.083428 2.092388
v 0.080929 -0.110440 2.078671
v 0.080902 -0.134988 2.061517
v 0.080876 -0.156879 2.041132
v 0.080852 -0.175919 2.017722
v 0.080829 -0.191917 1.991493
v 0.080808 -0.204679 1.962652
v 0.080790 -0.214012 1.931404
v 0.080774 -0.219724 1.897955
v 0.080760 -0.221621 1.862513
v 0.080757 -0.221377 1.850705
v 0.080753 -0.220712 1.839074
v 0.080750 -0.219655 1.827605
v 0.080748 -0.218233 1.816287
v 0.080746 -0.216475 1.805106
v 0.080744 -0.214408 1.794051
v 0.080742 -0.212061 1.783109
v 0.080741 -0.209462 1.772267
v 0.080740 -0.206638 1.761513
v 0.080739 -0.203618 1.750834
v 0.080738 -0.200429 1.740218
v 0.080737 -0.197101 1.729652
v 0.080847 -0.071375 1.729910
v 0.080886 -0.071616 1.847553
v 0.080954 0.007412 1.847715
v 0.080886 0.007834 1.642063
v 0.080661 -0.251701 1.641531
v -0.081831 0.325640 -2.400600
v -0.081844 0.321702 -2.428548
v -0.081858 0.315202 -2.454344
v -0.081874 0.306228 -2.477881
v -0.081891 0.294867 -2.499053
v -0.081909 0.281206 -2.517754
v -0.081928 0.265332 -2.533878
v -0.081948 0.247332 -2.547318
v -0.081969 0.227294 -2.557968
v -0.081991 0.205303 -2.565722
v -0.082013 0.181448 -2.570474
v -0.082036 0.155816 -2.572118
v -0.082051 0.138457 -2.571391
v -0.082064 0.121875 -2.569156
v -0.082077 0.106101 -2.565442
v -0.082088 0.091165 -2.560276
v -0.082098 0.077100 -2.553687
v -0.082107 0.063936 -2.545702
v -0.082114 0.051705 -2.536349
v -0.082121 0.040438 -2.525656
v -0.082125 0.030165 -2.513652
v -0.082129 0.020920 -2.500364
v -0.082131 0.012732 -2.485820
v -0.082132 0.005632 -2.470049
v -0.082145 -0.003957 -2.483559
v -0.082158 -0.014370 -2.496291
v -0.082172 -0.025608 -2.508364
v -0.082186 -0.037671 -2.519896
v -0.082201 -0.050558 -2.531006
v -0.082217 -0.064268 -2.541812
v -0.082233 -0.078802 -2.552431
v -0.082250 -0.094160 -2.562985
v -0.082267 -0.110340 -2.573590
v -0.082286 -0.127344 -2.584365
v -0.082305 -0.145170 -2.595429
v -0.082325 -0.163818 -2.606900
v -0.082336 -0.173942 -2.613229
v -0.082346 -0.183375 -2.619239
v -0.082356 -0.192322 -2.625060
v -0.082365 -0.200988 -2.630824
v -0.082375 -0.209579 -2.636664
v -0.082384 -0.218301 -2.642709
v -0.082394 -0.227359 -2.649092
v -0.082405 -0.236958 -2.655944
v -0.082416 -0.247305 -2.663395
v -0.082429 -0.258604 -2.671579
v -0.082443 -0.271061 -2.680625
v -0.082458 -0.284883 -2.690666
v -0.082423 -0.285098 -2.585595
v -0.082287 -0.159538 -2.504513
v -0.082255 -0.130410 -2.485133
v -0.082228 -0.105581 -2.467416
v -0.082204 -0.084716 -2.451178
v -0.082184 -0.067478 -2.436239
v -0.082168 -0.053531 -2.422416
v -0.082154 -0.042537 -2.409529
v -0.082143 -0.034162 -2.397395
v -0.082133 -0.028067 -2.385834
v -0.082126 -0.023918 -2.374664
v -0.082120 -0.021378 -2.363702
v -0.082116 -0.020109 -2.352768
v -0.082112 -0.019776 -2.341680
v -0.082099 -0.019852 -2.304860
v -0.082330 -0.285673 -2.305405
v -0.082301 -0.285853 -2.217397
v -0.081769 0.326613 -2.216141
v -0.081820 0.326929 -2.370605
v -0.082049 0.059292 -2.361275
v -0.082056 0.060321 -2.383466
v -0.082060 0.063207 -2.402984
v -0.082062 0.067790 -2.419967
v -0.082061 0.073911 -2.434552
v -0.082059 0.081412 -2.446876
v -0.082055 0.090134 -2.457078
v -0.082049 0.099919 -2.465295
v -0.082042 0.110607 -2.471663
v -0.082033 0.122041 -2.476321
v -0.082024 0.134060 -2.479406
v -0.082014 0.146506 -2.481056
v -0.082003 0.159222 -2.481408
v -0.081990 0.173113 -2.480452
v -0.081978 0.186023 -2.478052
v -0.081967 0.197907 -2.474145
v -0.081955 0.208721 -2.468667
v -0.081945 0.218422 -2.461559
v -0.081934 0.226966 -2.452756
v -0.081924 0.234308 -2.442198
v -0.081915 0.240406 -2.429820
v -0.081906 0.245215 -2.415562
v -0.081898 0.248692 -2.399360
v -0.081890 0.250793 -2.381154
v -0.081882 0.251473 -2.360881
v -0.081864 0.251357 -2.304304
v -0.082031 0.059176 -2.304698
v -0.081718 0.246840 -1.853493
v -0.081878 0.061843 -1.853872
v -0.081961 0.062357 -2.104427
v -0.082030 -0.016670 -2.104589
v -0.081947 -0.017184 -1.854034
v -0.082113 -0.207570 -1.854425
v -0.082201 -0.207021 -2.122042
v -0.082270 -0.286049 -2.122205
v -0.082152 -0.286778 -1.766579
v -0.081620 0.325688 -1.765323
v -0.081735 0.326401 -2.112866
v -0.081804 0.247373 -2.113028
v -0.082043 -0.292874 -1.421741
v -0.081418 0.324437 -1.155551
v -0.081447 0.324618 -1.243559
v -0.081882 -0.105168 -1.428540
v -0.081569 0.325371 -1.610859
v -0.081598 0.325550 -1.697969
v -0.082049 -0.292837 -1.439702
v -0.081307 0.328935 -0.834478
v -0.081330 0.320521 -0.880137
v -0.081356 0.306924 -0.922333
v -0.081384 0.288548 -0.960881
v -0.081416 0.265799 -0.995596
v -0.081449 0.239082 -1.026295
v -0.081484 0.208801 -1.052790
v -0.081521 0.175362 -1.074899
v -0.081558 0.139169 -1.092436
v -0.081596 0.100628 -1.105216
v -0.081633 0.060144 -1.113055
v -0.081671 0.018121 -1.115767
v -0.081705 -0.022780 -1.113293
v -0.081738 -0.062557 -1.105792
v -0.081767 -0.100748 -1.093405
v -0.081792 -0.136890 -1.076272
v -0.081814 -0.170522 -1.054530
v -0.081832 -0.201182 -1.028321
v -0.081846 -0.228408 -0.997782
v -0.081854 -0.251739 -0.963054
v -0.081858 -0.270713 -0.924275
v -0.081856 -0.284868 -0.881586
v -0.081848 -0.293742 -0.835126
v -0.081834 -0.296874 -0.785033
v -0.081816 -0.293962 -0.736526
v -0.081793 -0.285321 -0.691259
v -0.081767 -0.271403 -0.649418
v -0.081738 -0.252661 -0.611187
v -0.081706 -0.229545 -0.576751
v -0.081673 -0.202507 -0.546296
v -0.081638 -0.172000 -0.520006
v -0.081601 -0.138475 -0.498065
v -0.081564 -0.102383 -0.480659
v -0.081527 -0.064177 -0.467973
v -0.081489 -0.024309 -0.460192
v -0.081453 0.016771 -0.457501
v -0.081417 0.058616 -0.460092
v -0.081385 0.099009 -0.467897
v -0.081356 0.137536 -0.480700
v -0.081330 0.173780 -0.498289
v -0.081308 0.207327 -0.520449
v -0.081291 0.237762 -0.546964
v -0.081278 0.264669 -0.577622
v -0.081269 0.287633 -0.612207
v -0.081266 0.306240 -0.650506
v -0.081268 0.320073 -0.692304
v -0.081275 0.328719 -0.737387
v -0.081289 0.331761 -0.785540
v -0.081774 -0.213939 -0.820224
v -0.081779 -0.207909 -0.852051
v -0.081781 -0.198184 -0.881918
v -0.081779 -0.184994 -0.909599
v -0.081773 -0.168566 -0.934866
v -0.081763 -0.149128 -0.957492
v -0.081751 -0.126908 -0.977250
v -0.081735 -0.102134 -0.993912
v -0.081716 -0.075035 -1.007252
v -0.081693 -0.045838 -1.017042
v -0.081668 -0.014772 -1.023055
v -0.081641 0.017935 -1.025064
v -0.081611 0.050823 -1.022921
v -0.081582 0.081987 -1.016780
v -0.081554 0.111211 -1.006870
v -0.081526 0.138275 -0.993419
v -0.081499 0.162963 -0.976655
v -0.081473 0.185057 -0.956807
v -0.081449 0.204338 -0.934101
v -0.081426 0.220589 -0.908767
v -0.081406 0.233592 -0.881033
v -0.081387 0.243130 -0.851126
v -0.081372 0.248984 -0.819274
v -0.081359 0.250937 -0.785706
v -0.081349 0.248846 -0.752352
v -0.081344 0.242862 -0.720697
v -0.081343 0.233202 -0.690970
v -0.081345 0.220086 -0.663402
v -0.081351 0.203731 -0.638222
v -0.081360 0.184357 -0.615662
v -0.081373 0.162182 -0.595952
v -0.081389 0.137426 -0.579321
v -0.081408 0.110306 -0.566000
v -0.081430 0.081042 -0.556221
v -0.081455 0.049853 -0.550211
v -0.081483 0.016957 -0.548203
v -0.081512 -0.015742 -0.550346
v -0.081541 -0.046783 -0.556483
v -0.081570 -0.075940 -0.566382
v -0.081598 -0.102984 -0.579814
v -0.081625 -0.127689 -0.596546
v -0.081650 -0.149828 -0.616348
v -0.081675 -0.169173 -0.638987
v -0.081697 -0.185498 -0.664233
v -0.081718 -0.198574 -0.691856
v -0.081736 -0.208176 -0.721622
v -0.081752 -0.214076 -0.753302
v -0.081765 -0.216046 -0.786664
v -0.081062 0.242779 0.126694
v -0.081223 0.057782 0.126314
v -0.081306 0.058296 -0.124240
v -0.081375 -0.020732 -0.124402
v -0.081292 -0.021246 0.126153
v -0.081457 -0.211631 0.125762
v -0.081546 -0.211082 -0.141855
v -0.081614 -0.290110 -0.142017
v -0.081497 -0.290840 0.213608
v -0.080964 0.321626 0.214864
v -0.081079 0.322339 -0.132679
v -0.081148 0.243311 -0.132841
v -0.081424 -0.291291 0.433629
v -0.081009 0.185570 0.434607
v -0.081009 0.185566 0.436403
v -0.081152 -0.051904 0.624506
v -0.081148 -0.051933 0.638875
v -0.080879 0.184763 0.827950
v -0.080879 0.184760 0.829747
v -0.081293 -0.292102 0.828769
v -0.081264 -0.292282 0.916777
v -0.080732 0.320184 0.918033
v -0.080759 0.320353 0.835413
v -0.081045 0.069317 0.631939
v -0.080894 0.321188 0.428599
v -0.080921 0.321355 0.346877
v -0.081453 -0.291111 0.345621
v -0.081213 -0.292601 1.072139
v -0.081029 -0.112262 1.154231
v -0.080942 -0.112796 1.414663
v -0.081074 -0.293461 1.491525
v -0.081044 -0.293645 1.581329
v -0.080596 0.322953 1.319466
v -0.080616 0.323080 1.257501
v -0.081242 -0.292417 0.982334
v -0.080948 -0.033307 1.190315
v -0.080723 0.188307 1.289554
v -0.080885 -0.033698 1.380700
v -0.080988 -0.260137 1.661700
v -0.080988 -0.267840 1.681298
v -0.080988 -0.274694 1.700500
v -0.080987 -0.280724 1.719422
v -0.080985 -0.285955 1.738184
v -0.080983 -0.290413 1.756904
v -0.080980 -0.294123 1.775701
v -0.080976 -0.297110 1.794692
v -0.080972 -0.299399 1.813996
v -0.080966 -0.301015 1.833732
v -0.080961 -0.301984 1.854018
v -0.080954 -0.302330 1.874973
v -0.080936 -0.299740 1.920821
v -0.080915 -0.291969 1.964313
v -0.080891 -0.279304 2.005139
v -0.080863 -0.262030 2.042991
v -0.080833 -0.240433 2.077559
v -0.080800 -0.214800 2.108533
v -0.080766 -0.185418 2.135605
v -0.080729 -0.152572 2.158465
v -0.080692 -0.116548 2.176804
v -0.080654 -0.077633 2.190312
v -0.080615 -0.036114 2.198681
v -0.080576 0.007724 2.201601
v -0.080539 0.051904 2.198791
v -0.080505 0.093972 2.190402
v -0.080475 0.133600 2.176769
v -0.080449 0.170460 2.158229
v -0.080427 0.204223 2.135118
v -0.080410 0.234562 2.107771
v -0.080398 0.261148 2.076524
v -0.080390 0.283653 2.041715
v -0.080386 0.301750 2.003679
v -0.080389 0.315110 1.962752
v -0.080396 0.323404 1.919269
v -0.080408 0.326306 1.873568
v -0.080414 0.326089 1.856017
v -0.080421 0.325325 1.839129
v -0.080427 0.323955 1.822670
v -0.080435 0.321920 1.806405
v -0.080442 0.319163 1.790102
v -0.080451 0.315623 1.773526
v -0.080461 0.311242 1.756444
v -0.080471 0.305961 1.738620
v -0.080483 0.299722 1.719821
v -0.080496 0.292466 1.699814
v -0.080510 0.284134 1.678364
v -0.080526 0.274667 1.655237
v -0.080603 0.185761 1.655055
v -0.080589 0.195209 1.673089
v -0.080575 0.203864 1.691221
v -0.080563 0.211721 1.709440
v -0.080550 0.218773 1.727731
v -0.080539 0.225015 1.746083
v -0.080528 0.230439 1.764483
v -0.080518 0.235040 1.782920
v -0.080508 0.238811 1.801379
v -0.080500 0.241747 1.819849
v -0.080492 0.243841 1.838317
v -0.080485 0.245087 1.856771
v -0.080478 0.245479 1.875199
v -0.080469 0.243338 1.907762
v -0.080464 0.237216 1.938827
v -0.080463 0.227355 1.968138
v -0.080465 0.214000 1.995439
v -0.080472 0.197394 2.020477
v -0.080481 0.177781 2.042995
v -0.080494 0.155405 2.062738
v -0.080510 0.130509 2.079452
v -0.080529 0.103337 2.092880
v -0.080551 0.074133 2.102768
v -0.080576 0.043141 2.108861
v -0.080604 0.010605 2.110904
v -0.080633 -0.022643 2.108737
v -0.080663 -0.054004 2.102514
v -0.080691 -0.083288 2.092441
v -0.080719 -0.110300 2.078725
v -0.080746 -0.134848 2.061571
v -0.080772 -0.156738 2.041186
v -0.080796 -0.175779 2.017776
v -0.080819 -0.191777 1.991547
v -0.080840 -0.204539 1.962705
v -0.080858 -0.213872 1.931457
v -0.080874 -0.219583 1.898009
v -0.080888 -0.221480 1.862566
v -0.080892 -0.221236 1.850759
v -0.080895 -0.220572 1.839128
v -0.080898 -0.219514 1.827659
v -0.080900 -0.218093 1.816340
v -0.080902 -0.216334 1.805160
v -0.080904 -0.214268 1.794105
v -0.080906 -0.211921 1.783163
v -0.080907 -0.209321 1.772321
v -0.080908 -0.206497 1.761567
v -0.080909 -0.203477 1.750888
v -0.080910 -0.200289 1.740272
v -0.080911 -0.196960 1.729706
v -0.080801 -0.071234 1.729963
v -0.080763 -0.071476 1.847607
v -0.080694 0.007552 1.847769
v -0.080762 0.007974 1.642117
v -0.080987 -0.251561 1.641585
v -0.080988 -0.260137 1.661700
v 0.080660 -0.260278 1.661646
v -0.080988 -0.267840 1.681298
v 0.080660 -0.267981 1.681245
v -0.080988 -0.274694 1.700500
v 0.080660 -0.274834 1.700446
v -0.080987 -0.280724 1.719422
v 0.080661 -0.280864 1.719369
v -0.080985 -0.285955 1.738184
v 0.080663 -0.286096 1.738131
v -0.080983 -0.290413 1.756904
v 0.080665 -0.290554 1.756851
v -0.080980 -0.294123 1.775701
v 0.080668 -0.294263 1.775647
v -0.080976 -0.297110 1.794692
v 0.080672 -0.297250 1.794638
v -0.080972 -0.299399 1.813996
v 0.080677 -0.299539 1.813942
v -0.080966 -0.301015 1.833732
v 0.080682 -0.301155 1.833678
v -0.080961 -0.301984 1.854018
v 0.080688 -0.302124 1.853965
v -0.080954 -0.302330 1.874973
v 0.080694 -0.302470 1.874919
v -0.080936 -0.299740 1.920821
v 0.080712 -0.299881 1.920767
v -0.080915 -0.291969 1.964313
v 0.080733 -0.292110 1.964259
v -0.080891 -0.279304 2.005139
v 0.080758 -0.279444 2.005085
v -0.080863 -0.262030 2.042991
v 0.080785 -0.262170 2.042937
v -0.080833 -0.240433 2.077559
v 0.080815 -0.240573 2.077505
v -0.080800 -0.214800 2.108533
v 0.080848 -0.214941 2.108479
v -0.080766 -0.185418 2.135605
v 0.080883 -0.185558 2.135551
v -0.080729 -0.152572 2.158465
v 0.080919 -0.152712 2.158411
v -0.080692 -0.116548 2.176804
v 0.080956 -0.116688 2.176750
v -0.080654 -0.077633 2.190312
v 0.080994 -0.077774 2.190258
v -0.080615 -0.036114 2.198681
v 0.081033 -0.036254 2.198627
v -0.080576 0.007724 2.201601
v 0.081072 0.007584 2.201547
v -0.080539 0.051904 2.198791
v 0.081110 0.051764 2.198737
v -0.080505 0.093972 2.190402
v 0.081143 0.093832 2.190348
v -0.080475 0.133600 2.176769
v 0.081173 0.133460 2.176716
v -0.080449 0.170460 2.158229
v 0.081199 0.170319 2.158175
v -0.080427 0.204223 2.135118
v 0.081221 0.204083 2.135064
v -0.080410 0.234562 2.107771
v 0.081238 0.234421 2.107717
v -0.080398 0.261148 2.076524
v 0.081251 0.261007 2.076471
v -0.080390 0.283653 2.041715
v 0.081259 0.283513 2.041662
v -0.080386 0.301750 2.003679
v 0.081262 0.301610 2.003625
v -0.080389 0.315110 1.962752
v 0.081260 0.314969 1.962698
v -0.080396 0.323404 1.919269
v 0.081252 0.323264 1.919216
v -0.080408 0.326306 1.873568
v 0.081240 0.326166 1.873515
v -0.080414 0.326089 1.856017
v 0.081234 0.325949 1.855963
v -0.080421 0.325325 1.839129
v 0.081227 0.325184 1.839075
v -0.080427 0.323955 1.822670
v 0.081221 0.323815 1.822616
v -0.080435 0.321920 1.806405
v 0.081214 0.321780 1.806352
v -0.080442 0.319163 1.790102
v 0.081206 0.319022 1.790048
v -0.080451 0.315623 1.773526
v 0.081197 0.315482 1.773473
v -0.080461 0.311242 1.756444
v 0.081188 0.311101 1.756390
v -0.080471 0.305961 1.738620
v 0.081177 0.305821 1.738566
v -0.080483 0.299722 1.719821
v 0.081165 0.299582 1.719768
v -0.080496 0.292466 1.699814
v 0.081153 0.292326 1.699760
v -0.080510 0.284134 1.678364
v 0.081138 0.283994 1.678310
v -0.080526 0.274667 1.655237
v 0.081122 0.274527 1.655183
v -0.080603 0.185761 1.655055
v 0.081045 0.185621 1.655001
v -0.080589 0.195209 1.673089
v 0.081059 0.195068 1.673035
v -0.080575 0.203864 1.691221
v 0.081073 0.203723 1.691168
v -0.080563 0.211721 1.709440
v 0.081086 0.211580 1.709386
v -0.080550 0.218773 1.727731
v 0.081098 0.218633 1.727677
v -0.080539 0.225015 1.746083
v 0.081109 0.224874 1.746029
v -0.080528 0.230439 1.764483
v 0.081120 0.230298 1.764430
v -0.080518 0.235040 1.782920
v 0.081130 0.234899 1.782866
v -0.080508 0.238811 1.801379
v 0.081140 0.238671 1.801325
v -0.080500 0.241747 1.819849
v 0.081148 0.241607 1.819795
v -0.080492 0.243841 1.838317
v 0.081156 0.243701 1.838263
v -0.080485 0.245087 1.856771
v 0.081164 0.244947 1.856717
v -0.080478 0.245479 1.875199
v 0.081170 0.245338 1.875145
v -0.080469 0.243338 1.907762
v 0.081179 0.243198 1.907708
v -0.080464 0.237216 1.938827
v 0.081184 0.237075 1.938773
v -0.080463 0.227355 1.968138
v 0.081185 0.227215 1.968084
v -0.080465 0.214000 1.995439
v 0.081183 0.213859 1.995386
v -0.080472 0.197394 2.020477
v 0.081177 0.197253 2.020423
v -0.080481 0.177781 2.042995
v 0.081167 0.177640 2.042941
v -0.080494 0.155405 2.062738
v 0.081154 0.155264 2.062684
v -0.080510 0.130509 2.079452
v 0.081138 0.130368 2.079398
v -0.080529 0.103337 2.092880
v 0.081119 0.103197 2.092826
v -0.080551 0.074133 2.102768
v 0.081097 0.073993 2.102715
v -0.080576 0.043141 2.108861
v 0.081072 0.043001 2.108808
v -0.080604 0.010605 2.110904
v 0.081045 0.010464 2.110850
v -0.080633 -0.022643 2.108737
v 0.081015 -0.022783 2.108683
v -0.080663 -0.054004 2.102514
v 0.080986 -0.054145 2.102460
v -0.080691 -0.083288 2.092441
v 0.080957 -0.083428 2.092388
v -0.080719 -0.110300 2.078725
v 0.080929 -0.110440 2.078671
v -0.080746 -0.134848 2.061571
v 0.080902 -0.134988 2.061517
v -0.080772 -0.156738 2.041186
v 0.080876 -0.156879 2.041132
v -0.080796 -0.175779 2.017776
v 0.080852 -0.175919 2.017722
v -0.080819 -0.191777 1.991547
v 0.080829 -0.191917 1.991493
v -0.080840 -0.204539 1.962705
v 0.080808 -0.204679 1.962652
v -0.080858 -0.213872 1.931457
v 0.080790 -0.214012 1.931404
v -0.080874 -0.219583 1.898009
v 0.080774 -0.219724 1.897955
v -0.080888 -0.221480 1.862566
v 0.080760 -0.221621 1.862513
v -0.080892 -0.221236 1.850759
v 0.080757 -0.221377 1.850705
v -0.080895 -0.220572 1.839128
v 0.080753 -0.220712 1.839074
v -0.080898 -0.219514 1.827659
v 0.080750 -0.219655 1.827605
v -0.080900 -0.218093 1.816340
v 0.080748 -0.218233 1.816287
v -0.080902 -0.216334 1.805160
v 0.080746 -0.216475 1.805106
v -0.080904 -0.214268 1.794105
v 0.080744 -0.214408 1.794051
v -0.080906 -0.211921 1.783163
v 0.080742 -0.212061 1.783109
v -0.080907 -0.209321 1.772321
v 0.080741 -0.209462 1.772267
v -0.080908 -0.206497 1.761567
v 0.080740 -0.206638 1.761513
v -0.080909 -0.203477 1.750888
v 0.080739 -0.203618 1.750834
v -0.080910 -0.200289 1.740272
v 0.080738 -0.200429 1.740218
v -0.080911 -0.196960 1.729706
v 0.080737 -0.197101 1.729652
v -0.080801 -0.071234 1.729963
v 0.080847 -0.071375 1.729910
v -0.080763 -0.071476 1.847607
v 0.080886 -0.071616 1.847553
v -0.080694 0.007552 1.847769
v 0.080954 0.007412 1.847715
v -0.080762 0.007974 1.642117
v 0.080886 0.007834 1.642063
v -0.080987 -0.251561 1.641585
v 0.080661 -0.251701 1.641531
v -0.081213 -0.292601 1.072139
v 0.080436 -0.292741 1.072085
v -0.081029 -0.112262 1.154231
v 0.080620 -0.112402 1.154177
v -0.080942 -0.112796 1.414663
v 0.080706 -0.112936 1.414610
v -0.081074 -0.293461 1.491525
v 0.080574 -0.293601 1.491471
v -0.081044 -0.293645 1.581329
v 0.080604 -0.293786 1.581276
v -0.080596 0.322953 1.319466
v 0.081052 0.322812 1.319412
v -0.080616 0.323080 1.257501
v 0.081032 0.322939 1.257447
v -0.081242 -0.292417 0.982334
v 0.080406 -0.292557 0.982280
v -0.080948 -0.033307 1.190315
v 0.080700 -0.033448 1.190261
v -0.080723 0.188307 1.289554
v 0.080926 0.188166 1.289500
v -0.080885 -0.033698 1.380700
v 0.080763 -0.033838 1.380646
v -0.081424 -0.291291 0.433629
v 0.080224 -0.291431 0.433575
v -0.081009 0.185570 0.434607
v 0.080639 0.185430 0.434553
v -0.081009 0.185566 0.436403
v 0.080639 0.185426 0.436349
v -0.081152 -0.051904 0.624506
v 0.080496 -0.052044 0.624452
v -0.081148 -0.051933 0.638875
v 0.080500 -0.052074 0.638821
v -0.080879 0.184763 0.827950
v 0.080769 0.184623 0.827897
v -0.080879 0.184760 0.829747
v 0.080769 0.184619 0.829693
v -0.081293 -0.292102 0.828769
v 0.080355 -0.292242 0.828715
v -0.081264 -0.292282 0.916777
v 0.080384 -0.292423 0.916723
v -0.080732 0.320184 0.918033
v 0.080916 0.320043 0.917979
v -0.080759 0.320353 0.835413
v 0.080889 0.320213 0.835359
v -0.081045 0.069317 0.631939
v 0.080603 0.069177 0.631885
v -0.080894 0.321188 0.428599
v 0.080754 0.321047 0.428545
v -0.080921 0.321355 0.346877
v 0.080727 0.321215 0.346823
v -0.081453 -0.291111 0.345621
v 0.080195 -0.291251 0.345567
v -0.081062 0.242779 0.126694
v 0.080586 0.242638 0.126640
v -0.081223 0.057782 0.126314
v 0.080425 0.057641 0.126261
v -0.081306 0.058296 -0.124240
v 0.080342 0.058155 -0.124294
v -0.081375 -0.020732 -0.124402
v 0.080274 -0.020873 -0.124456
v -0.081292 -0.021246 0.126153
v 0.080356 -0.021387 0.126099
v -0.081457 -0.211631 0.125762
v 0.080191 -0.211772 0.125708
v -0.081546 -0.211082 -0.141855
v 0.080102 -0.211223 -0.141909
v -0.081614 -0.290110 -0.142017
v 0.080034 -0.290251 -0.142071
v -0.081497 -0.290840 0.213608
v 0.080151 -0.290980 0.213554
v -0.080964 0.321626 0.214864
v 0.080684 0.321486 0.214811
v -0.081079 0.322339 -0.132679
v 0.080569 0.322199 -0.132732
v -0.081148 0.243311 -0.132841
v 0.080500 0.243171 -0.132895
v -0.081307 0.328935 -0.834478
v 0.080341 0.328795 -0.834532
v -0.081330 0.320521 -0.880137
v 0.080318 0.320381 -0.880191
v -0.081356 0.306924 -0.922333
v 0.080293 0.306783 -0.922387
v -0.081384 0.288548 -0.960881
v 0.080264 0.288408 -0.960935
v -0.081416 0.265799 -0.995596
v 0.080232 0.265659 -0.995650
v -0.081449 0.239082 -1.026295
v 0.080199 0.238941 -1.026349
v -0.081484 0.208801 -1.052790
v 0.080164 0.208661 -1.052844
v -0.081521 0.175362 -1.074899
v 0.080128 0.175222 -1.074953
v -0.081558 0.139169 -1.092436
v 0.080090 0.139029 -1.092490
v -0.081596 0.100628 -1.105216
v 0.080053 0.100488 -1.105270
v -0.081633 0.060144 -1.113055
v 0.080015 0.060004 -1.113109
v -0.081671 0.018121 -1.115767
v 0.079977 0.017981 -1.115821
v -0.081705 -0.022780 -1.113293
v 0.079943 -0.022921 -1.113347
v -0.081738 -0.062557 -1.105792
v 0.079911 -0.062698 -1.105846
v -0.081767 -0.100748 -1.093405
v 0.079882 -0.100888 -1.093459
v -0.081792 -0.136890 -1.076272
v 0.079856 -0.137030 -1.076325
v -0.081814 -0.170522 -1.054530
v 0.079834 -0.170662 -1.054584
v -0.081832 -0.201182 -1.028321
v 0.079816 -0.201322 -1.028374
v -0.081846 -0.228408 -0.997782
v 0.079803 -0.228549 -0.997836
v -0.081854 -0.251739 -0.963054
v 0.079794 -0.251880 -0.963108
v -0.081858 -0.270713 -0.924275
v 0.079790 -0.270854 -0.924329
v -0.081856 -0.284868 -0.881586
v 0.079792 -0.285008 -0.881640
v -0.081848 -0.293742 -0.835126
v 0.079800 -0.293883 -0.835180
v -0.081834 -0.296874 -0.785033
v 0.079814 -0.297014 -0.785087
v -0.081816 -0.293962 -0.736526
v 0.079833 -0.294102 -0.736580
v -0.081793 -0.285321 -0.691259
v 0.079855 -0.285461 -0.691313
v -0.081767 -0.271403 -0.649418
v 0.079881 -0.271544 -0.649472
v -0.081738 -0.252661 -0.611187
v 0.079910 -0.252801 -0.611241
v -0.081706 -0.229545 -0.576751
v 0.079942 -0.229685 -0.576805
v -0.081673 -0.202507 -0.546296
v 0.079975 -0.202648 -0.546350
v -0.081638 -0.172000 -0.520006
v 0.080011 -0.172140 -0.520060
v -0.081601 -0.138475 -0.498065
v 0.080047 -0.138615 -0.498119
v -0.081564 -0.102383 -0.480659
v 0.080084 -0.102524 -0.480713
v -0.081527 -0.064177 -0.467973
v 0.080122 -0.064318 -0.468027
v -0.081489 -0.024309 -0.460192
v 0.080159 -0.024449 -0.460246
v -0.081453 0.016771 -0.457501
v 0.080195 0.016631 -0.457555
v -0.081417 0.058616 -0.460092
v 0.080231 0.058476 -0.460146
v -0.081385 0.099009 -0.467897
v 0.080263 0.098869 -0.467951
v -0.081356 0.137536 -0.480700
v 0.080292 0.137395 -0.480754
v -0.081330 0.173780 -0.498289
v 0.080318 0.173640 -0.498343
v -0.081308 0.207327 -0.520449
v 0.080340 0.207187 -0.520503
v -0.081291 0.237762 -0.546964
v 0.080357 0.237622 -0.547018
v -0.081278 0.264669 -0.577622
v 0.080371 0.264529 -0.577676
v -0.081269 0.287633 -0.612207
v 0.080379 0.287493 -0.612261
v -0.081266 0.306240 -0.650506
v 0.080382 0.306100 -0.650560
v -0.081268 0.320073 -0.692304
v 0.080381 0.319933 -0.692358
v -0.081275 0.328719 -0.737387
v 0.080373 0.328578 -0.737441
v -0.081289 0.331761 -0.785540
v 0.080360 0.331620 -0.785594
v -0.081774 -0.213939 -0.820224
v 0.079874 -0.214079 -0.820277
v -0.081779 -0.207909 -0.852051
v 0.079869 -0.208049 -0.852104
v -0.081781 -0.198184 -0.881918
v 0.079867 -0.198325 -0.881972
v -0.081779 -0.184994 -0.909599
v 0.079870 -0.185135 -0.909653
v -0.081773 -0.168566 -0.934866
v 0.079875 -0.168706 -0.934920
v -0.081763 -0.149128 -0.957492
v 0.079885 -0.149268 -0.957546
v -0.081751 -0.126908 -0.977250
v 0.079898 -0.127048 -0.977304
v -0.081735 -0.102134 -0.993912
v 0.079914 -0.102275 -0.993966
v -0.081716 -0.075035 -1.007252
v 0.079933 -0.075176 -1.007306
v -0.081693 -0.045838 -1.017042
v 0.079955 -0.045979 -1.017096
v -0.081668 -0.014772 -1.023055
v 0.079980 -0.014913 -1.023109
v -0.081641 0.017935 -1.025064
v 0.080007 0.017795 -1.025118
v -0.081611 0.050823 -1.022921
v 0.080037 0.050682 -1.022975
v -0.081582 0.081987 -1.016780
v 0.080066 0.081847 -1.016834
v -0.081554 0.111211 -1.006870
v 0.080094 0.111070 -1.006924
v -0.081526 0.138275 -0.993419
v 0.080122 0.138135 -0.993473
v -0.081499 0.162963 -0.976655
v 0.080149 0.162823 -0.976709
v -0.081473 0.185057 -0.956807
v 0.080175 0.184916 -0.956861
v -0.081449 0.204338 -0.934101
v 0.080200 0.204197 -0.934155
v -0.081426 0.220589 -0.908767
v 0.080222 0.220448 -0.908821
v -0.081406 0.233592 -0.881033
v 0.080243 0.233452 -0.881087
v -0.081387 0.243130 -0.851126
v 0.080261 0.242989 -0.851180
v -0.081372 0.248984 -0.819274
v 0.080277 0.248843 -0.819328
v -0.081359 0.250937 -0.785706
v 0.080289 0.250796 -0.785760
v -0.081349 0.248846 -0.752352
v 0.080299 0.248706 -0.752406
v -0.081344 0.242862 -0.720697
v 0.080304 0.242722 -0.720751
v -0.081343 0.233202 -0.690970
v 0.080306 0.233062 -0.691024
v -0.081345 0.220086 -0.663402
v 0.080303 0.219945 -0.663455
v -0.081351 0.203731 -0.638222
v 0.080297 0.203590 -0.638276
v -0.081360 0.184357 -0.615662
v 0.080288 0.184216 -0.615716
v -0.081373 0.162182 -0.595952
v 0.080275 0.162042 -0.596005
v -0.081389 0.137426 -0.579321
v 0.080260 0.137285 -0.579375
v -0.081408 0.110306 -0.566000
v 0.080240 0.110166 -0.566054
v -0.081430 0.081042 -0.556221
v 0.080218 0.080902 -0.556274
v -0.081455 0.049853 -0.550211
v 0.080193 0.049713 -0.550265
v -0.081483 0.016957 -0.548203
v 0.080165 0.016817 -0.548257
v -0.081512 -0.015742 -0.550346
v 0.080136 -0.015882 -0.550400
v -0.081541 -0.046783 -0.556483
v 0.080107 -0.046924 -0.556536
v -0.081570 -0.075940 -0.566382
v 0.080079 -0.076080 -0.566436
v -0.081598 -0.102984 -0.579814
v 0.080051 -0.103124 -0.579868
v -0.081625 -0.127689 -0.596546
v 0.080024 -0.127829 -0.596600
v -0.081650 -0.149828 -0.616348
v 0.079998 -0.149968 -0.616402
v -0.081675 -0.169173 -0.638987
v 0.079973 -0.169313 -0.639041
v -0.081697 -0.185498 -0.664233
v 0.079951 -0.185638 -0.664287
v -0.081718 -0.198574 -0.691856
v 0.079930 -0.198715 -0.691910
v -0.081736 -0.208176 -0.721622
v 0.079912 -0.208317 -0.721676
v -0.081752 -0.214076 -0.753302
v 0.079896 -0.214216 -0.753356
v -0.081765 -0.216046 -0.786664
v 0.079884 -0.216187 -0.786717
v -0.082043 -0.292874 -1.421741
v 0.079606 -0.293014 -1.421795
v -0.081418 0.324437 -1.155551
v 0.080230 0.324297 -1.155605
v -0.081447 0.324618 -1.243559
v 0.080201 0.324477 -1.243613
v -0.081882 -0.105168 -1.428540
v 0.079766 -0.105308 -1.428594
v -0.081569 0.325371 -1.610859
v 0.080079 0.325231 -1.610913
v -0.081598 0.325550 -1.697969
v 0.080051 0.325409 -1.698023
v -0.082049 -0.292837 -1.439702
v 0.079600 -0.292977 -1.439755
v -0.081718 0.246840 -1.853493
v 0.079931 0.246700 -1.853546
v -0.081878 0.061843 -1.853872
v 0.079770 0.061703 -1.853925
v -0.081961 0.062357 -2.104427
v 0.079687 0.062217 -2.104480
v -0.082030 -0.016670 -2.104589
v 0.079618 -0.016811 -2.104642
v -0.081947 -0.017184 -1.854034
v 0.079701 -0.017325 -1.854088
v -0.082113 -0.207570 -1.854425
v 0.079536 -0.207710 -1.854478
v -0.082201 -0.207021 -2.122042
v 0.079447 -0.207161 -2.122096
v -0.082270 -0.286049 -2.122205
v 0.079378 -0.286189 -2.122258
v -0.082152 -0.286778 -1.766579
v 0.079496 -0.286918 -1.766632
v -0.081620 0.325688 -1.765323
v 0.080028 0.325547 -1.765376
v -0.081735 0.326401 -2.112866
v 0.079913 0.326260 -2.112919
v -0.081804 0.247373 -2.113028
v 0.079845 0.247232 -2.113081
v -0.081831 0.325640 -2.400600
v 0.079817 0.325499 -2.400654
v -0.081844 0.321702 -2.428548
v 0.079804 0.321561 -2.428602
v -0.081858 0.315202 -2.454344
v 0.079790 0.315062 -2.454397
v -0.081874 0.306228 -2.477881
v 0.079774 0.306088 -2.477935
v -0.081891 0.294867 -2.499053
v 0.079757 0.294727 -2.499107
v -0.081909 0.281206 -2.517754
v 0.079739 0.281066 -2.517808
v -0.081928 0.265332 -2.533878
v 0.079720 0.265192 -2.533931
v -0.081948 0.247332 -2.547318
v 0.079700 0.247192 -2.547371
v -0.081969 0.227294 -2.557968
v 0.079679 0.227153 -2.558021
v -0.081991 0.205303 -2.565722
v 0.079657 0.205163 -2.565776
v -0.082013 0.181448 -2.570474
v 0.079635 0.181308 -2.570527
v -0.082036 0.155816 -2.572118
v 0.079612 0.155675 -2.572171
v -0.082051 0.138457 -2.571391
v 0.079598 0.138317 -2.571444
v -0.082064 0.121875 -2.569156
v 0.079584 0.121735 -2.569210
v -0.082077 0.106101 -2.565442
v 0.079571 0.105960 -2.565496
v -0.082088 0.091165 -2.560276
v 0.079560 0.091025 -2.560330
v -0.082098 0.077100 -2.553687
v 0.079550 0.076960 -2.553740
v -0.082107 0.063936 -2.545702
v 0.079541 0.063796 -2.545755
v -0.082114 0.051705 -2.536349
v 0.079534 0.051565 -2.536402
v -0.082121 0.040438 -2.525656
v 0.079528 0.040297 -2.525709
v -0.082125 0.030165 -2.513652
v 0.079523 0.030025 -2.513705
v -0.082129 0.020920 -2.500364
v 0.079519 0.020779 -2.500417
v -0.082131 0.012732 -2.485820
v 0.079517 0.012591 -2.485873
v -0.082132 0.005632 -2.470049
v 0.079516 0.005492 -2.470103
v -0.082145 -0.003957 -2.483559
v 0.079503 -0.004097 -2.483613
v -0.082158 -0.014370 -2.496291
v 0.079490 -0.014511 -2.496345
v -0.082172 -0.025608 -2.508364
v 0.079476 -0.025749 -2.508417
v -0.082186 -0.037671 -2.519896
v 0.079462 -0.037811 -2.519950
v -0.082201 -0.050558 -2.531006
v 0.079447 -0.050698 -2.531060
v -0.082217 -0.064268 -2.541812
v 0.079431 -0.064409 -2.541865
v -0.082233 -0.078802 -2.552431
v 0.079415 -0.078943 -2.552485
v -0.082250 -0.094160 -2.562985
v 0.079398 -0.094300 -2.563039
v -0.082267 -0.110340 -2.573590
v 0.079381 -0.110481 -2.573643
v -0.082286 -0.127344 -2.584365
v 0.079362 -0.127484 -2.584419
v -0.082305 -0.145170 -2.595429
v 0.079343 -0.145310 -2.595482
v -0.082325 -0.163818 -2.606900
v 0.079323 -0.163958 -2.606953
v -0.082336 -0.173942 -2.613229
v 0.079312 -0.174083 -2.613282
v -0.082346 -0.183375 -2.619239
v 0.079302 -0.183515 -2.619292
v -0.082356 -0.192322 -2.625060
v 0.079292 -0.192462 -2.625113
v -0.082365 -0.200988 -2.630824
v 0.079283 -0.201128 -2.630878
v -0.082375 -0.209579 -2.636664
v 0.079274 -0.209720 -2.636717
v -0.082384 -0.218301 -2.642709
v 0.079264 -0.218441 -2.642762
v -0.082394 -0.227359 -2.649092
v 0.079254 -0.227499 -2.649145
v -0.082405 -0.236958 -2.655944
v 0.079243 -0.237098 -2.655997
v -0.082416 -0.247305 -2.663395
v 0.079232 -0.247445 -2.663449
v -0.082429 -0.258604 -2.671579
v 0.079219 -0.258744 -2.671632
v -0.082443 -0.271061 -2.680625
v 0.079206 -0.271202 -2.680678
v -0.082458 -0.284883 -2.690666
v 0.079190 -0.285023 -2.690720
v -0.082423 -0.285098 -2.585595
v 0.079225 -0.285238 -2.585648
v -0.082287 -0.159538 -2.504513
v 0.079361 -0.159678 -2.504566
v -0.082255 -0.130410 -2.485133
v 0.079393 -0.130550 -2.485187
v -0.082228 -0.105581 -2.467416
v 0.079420 -0.105722 -2.467469
v -0.082204 -0.084716 -2.451178
v 0.079444 -0.084857 -2.451231
v -0.082184 -0.067478 -2.436239
v 0.079464 -0.067619 -2.436292
v -0.082168 -0.053531 -2.422416
v 0.079480 -0.053671 -2.422470
v -0.082154 -0.042537 -2.409529
v 0.079494 -0.042678 -2.409582
v -0.082143 -0.034162 -2.397395
v 0.079506 -0.034302 -2.397448
v -0.082133 -0.028067 -2.385834
v 0.079515 -0.028208 -2.385887
v -0.082126 -0.023918 -2.374664
v 0.079522 -0.024059 -2.374717
v -0.082120 -0.021378 -2.363702
v 0.079528 -0.021518 -2.363755
v -0.082116 -0.020109 -2.352768
v 0.079533 -0.020249 -2.352821
v -0.082112 -0.019776 -2.341680
v 0.079537 -0.019917 -2.341734
v -0.082099 -0.019852 -2.304860
v 0.079549 -0.019992 -2.304914
v -0.082330 -0.285673 -2.305405
v 0.079318 -0.285813 -2.305459
v -0.082301 -0.285853 -2.217397
v 0.079347 -0.285994 -2.217450
v -0.081769 0.326613 -2.216141
v 0.079879 0.326472 -2.216194
v -0.081820 0.326929 -2.370605
v 0.079828 0.326789 -2.370658
v -0.082049 0.059292 -2.361275
v 0.079599 0.059152 -2.361328
v -0.082056 0.060321 -2.383466
v 0.079592 0.060181 -2.383520
v -0.082060 0.063207 -2.402984
v 0.079588 0.063066 -2.403038
v -0.082062 0.067790 -2.419967
v 0.079587 0.067649 -2.420021
v -0.082061 0.073911 -2.434552
v 0.079587 0.073770 -2.434606
v -0.082059 0.081412 -2.446876
v 0.079589 0.081272 -2.446930
v -0.082055 0.090134 -2.457078
v 0.079594 0.089994 -2.457132
v -0.082049 0.099919 -2.465295
v 0.079599 0.099779 -2.465348
v -0.082042 0.110607 -2.471663
v 0.079607 0.110467 -2.471716
v -0.082033 0.122041 -2.476321
v 0.079615 0.121900 -2.476374
v -0.082024 0.134060 -2.479406
v 0.079624 0.133919 -2.479459
v -0.082014 0.146506 -2.481056
v 0.079635 0.146366 -2.481109
v -0.082003 0.159222 -2.481408
v 0.079646 0.159081 -2.481462
v -0.081990 0.173113 -2.480452
v 0.079658 0.172973 -2.480506
v -0.081978 0.186023 -2.478052
v 0.079670 0.185883 -2.478105
v -0.081967 0.197907 -2.474145
v 0.079682 0.197767 -2.474198
v -0.081955 0.208721 -2.468667
v 0.079693 0.208581 -2.468721
v -0.081945 0.218422 -2.461559
v 0.079704 0.218282 -2.461612
v -0.081934 0.226966 -2.452756
v 0.079714 0.226825 -2.452810
v -0.081924 0.234308 -2.442198
v 0.079724 0.234168 -2.442251
v -0.081915 0.240406 -2.429820
v 0.079733 0.240265 -2.429873
v -0.081906 0.245215 -2.415562
v 0.079742 0.245075 -2.415616
v -0.081898 0.248692 -2.399360
v 0.079751 0.248551 -2.399414
v -0.081890 0.250793 -2.381154
v 0.079758 0.250652 -2.381208
v -0.081882 0.251473 -2.360881
v 0.079766 0.251333 -2.360934
v -0.081864 0.251357 -2.304304
v 0.079784 0.251217 -2.304357
v -0.082031 0.059176 -2.304698
v 0.079617 0.059036 -2.304752
vn 1.0000 -0.0009 -0.0003
vn -1.0000 0.0009 0.0003
vn -0.0009 -0.9254 -0.3790
vn -0.0009 -0.9364 -0.3510
vn -0.0009 -0.9474 -0.3199
vn -0.0009 -0.9582 -0.2861
vn -0.0009 -0.9682 -0.2502
vn -0.0009 -0.9771 -0.2127
vn -0.0009 -0.9847 -0.1745
vn -0.0009 -0.9906 -0.1366
vn -0.0009 -0.9950 -0.0997
vn -0.0009 -0.9979 -0.0647
vn -0.0009 -0.9995 -0.0321
vn -0.0009 -0.9998 0.0199
vn -0.0008 -0.9932 0.1164
vn -0.0008 -0.9716 0.2365
vn -0.0007 -0.9343 0.3565
vn -0.0006 -0.8808 0.4735
vn -0.0005 -0.8110 0.5850
vn -0.0004 -0.7257 0.6881
vn -0.0003 -0.6259 0.7799
vn -0.0002 -0.5137 0.8580
vn -0.0000 -0.3917 0.9201
vn 0.0001 -0.2634 0.9647
vn 0.0002 -0.1323 0.9912
vn 0.0003 -0.0015 1.0000
vn 0.0004 0.1298 0.9915
vn 0.0005 0.2610 0.9653
vn 0.0006 0.3882 0.9216
vn 0.0007 0.5082 0.8612
vn 0.0008 0.6186 0.7857
vn 0.0009 0.7171 0.6969
vn 0.0009 0.8024 0.5968
vn 0.0009 0.8732 0.4873
vn 0.0009 0.9287 0.3707
vn 0.0009 0.9684 0.2494
vn 0.0009 0.9921 0.1256
vn 0.0009 0.9997 0.0255
vn 0.0009 0.9996 -0.0288
vn 0.0008 0.9979 -0.0641
vn 0.0008 0.9946 -0.1036
vn 0.0008 0.9894 -0.1455
vn 0.0008 0.9822 -0.1879
vn 0.0008 0.9735 -0.2287
vn 0.0007 0.9639 -0.2663
vn 0.0007 0.9541 -0.2996
vn 0.0007 0.9447 -0.3280
vn 0.0007 0.9362 -0.3515
vn 0.0007 0.9288 -0.3705
vn 0.0002 0.5582 -0.8297
vn -0.0009 -0.8551 -0.5185
vn -0.0006 -0.8943 0.4475
vn -0.0007 -0.9105 0.4135
vn -0.0007 -0.9258 0.3779
vn -0.0007 -0.9401 0.3409
vn -0.0007 -0.9532 0.3024
vn -0.0008 -0.9649 0.2625
vn -0.0008 -0.9752 0.2212
vn -0.0008 -0.9839 0.1786
vn -0.0008 -0.9909 0.1349
vn -0.0008 -0.9959 0.0900
vn -0.0009 -0.9990 0.0443
vn -0.0009 -0.9998 -0.0222
vn -0.0009 -0.9915 -0.1297
vn -0.0009 -0.9665 -0.2567
vn -0.0009 -0.9250 -0.3799
vn -0.0009 -0.8677 -0.4971
vn -0.0009 -0.7954 -0.6061
vn -0.0009 -0.7094 -0.7048
vn -0.0008 -0.6108 -0.7918
vn -0.0007 -0.5013 -0.8653
vn -0.0006 -0.3827 -0.9239
vn -0.0005 -0.2574 -0.9663
vn -0.0004 -0.1280 -0.9918
vn -0.0003 0.0012 -1.0000
vn -0.0002 0.1301 -0.9915
vn -0.0001 0.2605 -0.9655
vn -0.0000 0.3899 -0.9208
vn 0.0002 0.5140 -0.8578
vn 0.0003 0.6287 -0.7777
vn 0.0004 0.7304 -0.6830
vn 0.0005 0.8166 -0.5772
vn 0.0006 0.8860 -0.4637
vn 0.0007 0.9382 -0.3461
vn 0.0008 0.9737 -0.2277
vn 0.0008 0.9938 -0.1111
vn 0.0009 0.9999 -0.0164
vn 0.0009 0.9992 0.0389
vn 0.0009 0.9972 0.0744
vn 0.0009 0.9941 0.1082
vn 0.0009 0.9901 0.1400
vn 0.0009 0.9855 0.1696
vn 0.0009 0.9805 0.1968
vn 0.0009 0.9752 0.2215
vn 0.0009 0.9699 0.2436
vn 0.0009 0.9648 0.2631
vn 0.0009 0.9600 0.2799
vn 0.0009 0.9558 0.2941
vn 0.0008 0.5906 0.8070
vn -0.0004 -0.7086 0.7057
vn 0.0008 0.7057 0.7086
vn 0.0004 0.7086 -0.7057
vn -0.0008 -0.5504 -0.8349
vn -0.0006 -0.8415 0.5403
vn -0.0009 -0.8335 -0.5525
vn -0.0002 -0.5527 0.8334
vn 0.0009 0.8334 0.5527
vn 0.0005 0.8396 -0.5431
vn -0.0008 -0.5431 -0.8396
vn 0.0008 0.5429 0.8398
vn -0.0009 -0.9999 -0.0157
vn 0.0002 0.5577 -0.8300
vn -0.0009 -0.8998 -0.4363
vn -0.0006 -0.9016 0.4326
vn -0.0008 -0.7057 -0.7086
vn 0.0006 0.9031 -0.4294
vn 0.0009 1.0000 0.0010
vn 0.0009 0.9018 0.4321
vn 0.0008 0.9928 -0.1197
vn 0.0008 0.9697 -0.2445
vn 0.0007 0.9293 -0.3693
vn 0.0006 0.8715 -0.4903
vn 0.0005 0.7972 -0.6037
vn 0.0004 0.7080 -0.7062
vn 0.0003 0.6064 -0.7952
vn 0.0001 0.4949 -0.8690
vn -0.0000 0.3762 -0.9265
vn -0.0001 0.2529 -0.9675
vn -0.0002 0.1275 -0.9918
vn -0.0003 0.0020 -1.0000
vn -0.0004 -0.1231 -0.9924
vn -0.0005 -0.2474 -0.9689
vn -0.0006 -0.3692 -0.9293
vn -0.0007 -0.4867 -0.8736
vn -0.0008 -0.5977 -0.8017
vn -0.0008 -0.6997 -0.7144
vn -0.0009 -0.7901 -0.6130
vn -0.0009 -0.8662 -0.4997
vn -0.0009 -0.9258 -0.3780
vn -0.0009 -0.9678 -0.2517
vn -0.0009 -0.9921 -0.1253
vn -0.0009 -1.0000 -0.0012
vn -0.0008 -0.9923 0.1240
vn -0.0008 -0.9677 0.2521
vn -0.0007 -0.9255 0.3788
vn -0.0006 -0.8661 0.4999
vn -0.0005 -0.7908 0.6120
vn -0.0004 -0.7019 0.7123
vn -0.0003 -0.6015 0.7989
vn -0.0001 -0.4920 0.8706
vn -0.0000 -0.3755 0.9268
vn 0.0001 -0.2539 0.9672
vn 0.0002 -0.1287 0.9917
vn 0.0003 -0.0018 1.0000
vn 0.0004 0.1260 0.9920
vn 0.0005 0.2531 0.9674
vn 0.0006 0.3768 0.9263
vn 0.0007 0.4950 0.8689
vn 0.0008 0.6054 0.7960
vn 0.0008 0.7058 0.7084
vn 0.0009 0.7941 0.6078
vn 0.0009 0.8682 0.4962
vn 0.0009 0.9264 0.3764
vn 0.0009 0.9678 0.2518
vn 0.0009 0.9920 0.1259
vn 0.0009 1.0000 0.0027
vn 0.0009 0.9922 0.1247
vn 0.0009 0.9687 0.2484
vn 0.0009 0.9288 0.3707
vn 0.0009 0.8725 0.4887
vn 0.0009 0.8002 0.5997
vn 0.0009 0.7131 0.7011
vn 0.0008 0.6127 0.7903
vn 0.0007 0.5010 0.8654
vn 0.0006 0.3806 0.9247
vn 0.0005 0.2545 0.9671
vn 0.0004 0.1259 0.9920
vn 0.0003 -0.0019 1.0000
vn 0.0002 -0.1295 0.9916
vn 0.0001 -0.2578 0.9662
vn -0.0000 -0.3840 0.9233
vn -0.0002 -0.5046 0.8634
vn -0.0003 -0.6164 0.7874
vn -0.0004 -0.7169 0.6972
vn -0.0005 -0.8038 0.5949
vn -0.0006 -0.8755 0.4833
vn -0.0007 -0.9310 0.3649
vn -0.0008 -0.9701 0.2428
vn -0.0008 -0.9928 0.1196
vn -0.0009 -1.0000 -0.0022
vn -0.0009 -0.9922 -0.1244
vn -0.0009 -0.9688 -0.2479
vn -0.0009 -0.9290 -0.3701
vn -0.0009 -0.8727 -0.4882
vn -0.0009 -0.8004 -0.5994
vn -0.0009 -0.7131 -0.7010
vn -0.0008 -0.6124 -0.7906
vn -0.0007 -0.5004 -0.8658
vn -0.0006 -0.3798 -0.9251
vn -0.0005 -0.2536 -0.9673
vn -0.0004 -0.1253 -0.9921
vn -0.0003 0.0022 -1.0000
vn -0.0002 0.1299 -0.9915
vn -0.0001 0.2583 -0.9661
vn -0.0000 0.3840 -0.9233
vn 0.0002 0.5039 -0.8637
vn 0.0003 0.6151 -0.7884
vn 0.0004 0.7151 -0.6991
vn 0.0005 0.8018 -0.5976
vn 0.0006 0.8737 -0.4865
vn 0.0007 0.9297 -0.3682
vn 0.0008 0.9694 -0.2455
vn 0.0008 0.9926 -0.1213
vn 0.0009 1.0000 0.0019
vn -0.0005 -0.8360 0.5487
vn 0.0008 0.5487 0.8360
vn 0.0005 0.8358 -0.5490
vn 0.0009 1.0000 0.0029
vn 0.0009 0.8331 0.5531
vn 0.0002 0.5552 -0.8317
vn -0.0009 -0.8317 -0.5552
vn 0.0008 0.9958 -0.0914
vn 0.0008 0.9814 -0.1922
vn 0.0007 0.9537 -0.3008
vn 0.0007 0.9096 -0.4154
vn 0.0006 0.8464 -0.5326
vn 0.0004 0.7621 -0.6475
vn 0.0003 0.6573 -0.7536
vn 0.0002 0.5354 -0.8446
vn -0.0000 0.4021 -0.9156
vn -0.0001 0.2646 -0.9643
vn -0.0002 0.1300 -0.9915
vn -0.0003 0.0111 -0.9999
vn -0.0004 -0.0878 -0.9961
vn -0.0005 -0.1816 -0.9834
vn -0.0006 -0.2784 -0.9605
vn -0.0006 -0.3761 -0.9266
vn -0.0007 -0.4721 -0.8815
vn -0.0008 -0.5638 -0.8259
vn -0.0008 -0.6488 -0.7609
vn -0.0009 -0.7251 -0.6887
vn -0.0009 -0.7913 -0.6114
vn -0.0009 -0.8471 -0.5315
vn -0.0009 -0.8925 -0.4510
vn -0.0004 -0.0970 -0.9953
vn 0.0005 0.7952 -0.6063
vn 0.0004 0.7534 -0.6576
vn 0.0004 0.7118 -0.7024
vn 0.0003 0.6722 -0.7404
vn 0.0003 0.6361 -0.7716
vn 0.0003 0.6046 -0.7965
vn 0.0002 0.5782 -0.8159
vn 0.0002 0.5573 -0.8303
vn 0.0002 0.5417 -0.8405
vn 0.0002 0.5313 -0.8472
vn 0.0002 0.5256 -0.8507
vn 0.0002 0.5270 -0.8499
vn 0.0002 0.5337 -0.8457
vn 0.0002 0.5413 -0.8408
vn 0.0002 0.5496 -0.8354
vn 0.0002 0.5580 -0.8298
vn 0.0002 0.5659 -0.8245
vn 0.0002 0.5729 -0.8197
vn 0.0002 0.5785 -0.8157
vn 0.0002 0.5827 -0.8127
vn 0.0002 0.5855 -0.8107
vn 0.0002 0.5871 -0.8095
vn 0.0002 0.5877 -0.8091
vn -0.0007 -0.4531 -0.8915
vn -0.0006 -0.8787 0.4774
vn -0.0002 -0.5482 0.8363
vn -0.0002 -0.5675 0.8234
vn -0.0003 -0.5976 0.8018
vn -0.0003 -0.6348 0.7727
vn -0.0003 -0.6798 0.7334
vn -0.0004 -0.7330 0.6802
vn -0.0005 -0.7929 0.6093
vn -0.0006 -0.8553 0.5181
vn -0.0007 -0.9129 0.4081
vn -0.0007 -0.9578 0.2876
vn -0.0008 -0.9853 0.1708
vn -0.0008 -0.9974 0.0727
vn -0.0009 -0.9999 0.0140
vn 0.0009 0.9998 -0.0205
vn 0.0009 0.9997 0.0242
vn 0.0009 0.9953 0.0964
vn 0.0009 0.9790 0.2037
vn 0.0009 0.9459 0.3245
vn 0.0009 0.8906 0.4547
vn 0.0009 0.8098 0.5868
vn 0.0008 0.7040 0.7102
vn 0.0008 0.5793 0.8151
vn 0.0007 0.4458 0.8951
vn 0.0006 0.3137 0.9495
vn 0.0005 0.1904 0.9817
vn 0.0004 0.0797 0.9968
vn 0.0003 -0.0205 0.9998
vn 0.0002 -0.1259 0.9920
vn 0.0001 -0.2481 0.9687
vn -0.0000 -0.3832 0.9237
vn -0.0002 -0.5232 0.8522
vn -0.0003 -0.6566 0.7542
vn -0.0005 -0.7718 0.6358
vn -0.0006 -0.8614 0.5079
vn -0.0007 -0.9243 0.3816
vn -0.0007 -0.9642 0.2651
vn -0.0008 -0.9867 0.1624
vn -0.0008 -0.9972 0.0742
vn -0.0009 -0.9999 0.0158
vt 0.688172 0.000000
vt 0.989247 0.000000
vt 0.698925 0.000000
vt 0.709677 0.000000
vt 0.000000 0.000000
vt 0.010753 0.000000
vt 0.021505 0.000000
vt 0.032258 0.000000
vt 0.043011 0.000000
vt 0.053763 0.000000
vt 0.064516 0.000000
vt 0.978495 0.000000
vt 0.075269 0.000000
vt 1.000000 0.000000
vt 0.967742 0.000000
vt 0.956989 0.000000
vt 0.946237 0.000000
vt 0.086022 0.000000
vt 0.935484 0.000000
vt 0.924731 0.000000
vt 0.913979 0.000000
vt 0.096774 0.000000
vt 0.903226 0.000000
vt 0.892473 0.000000
vt 0.881720 0.000000
vt 0.107527 0.000000
vt 0.870968 0.000000
vt 0.860215 0.000000
vt 0.118280 0.000000
vt 0.849462 0.000000
vt 0.838710 0.000000
vt 0.129032 0.000000
vt 0.827957 0.000000
vt 0.139785 0.000000
vt 0.817204 0.000000
vt 0.806452 0.000000
vt 0.150538 0.000000
vt 0.795699 0.000000
vt 0.161290 0.000000
vt 0.784946 0.000000
vt 0.172043 0.000000
vt 0.774194 0.000000
vt 0.763441 0.000000
vt 0.182796 0.000000
vt 0.752688 0.000000
vt 0.741935 0.000000
vt 0.193548 0.000000
vt 0.731183 0.000000
vt 0.720430 0.000000
vt 0.666667 0.000000
vt 0.204301 0.000000
vt 0.215054 0.000000
vt 0.225806 0.000000
vt 0.236559 0.000000
vt 0.247312 0.000000
vt 0.258065 0.000000
vt 0.268817 0.000000
vt 0.655914 0.000000
vt 0.645161 0.000000
vt 0.279570 0.000000
vt 0.677419 0.000000
vt 0.634409 0.000000
vt 0.623656 0.000000
vt 0.612903 0.000000
vt 0.290323 0.000000
vt 0.602151 0.000000
vt 0.591398 0.000000
vt 0.301075 0.000000
vt 0.580645 0.000000
vt 0.311828 0.000000
vt 0.569892 0.000000
vt 0.322581 0.000000
vt 0.559140 0.000000
vt 0.333333 0.000000
vt 0.548387 0.000000
vt 0.344086 0.000000
vt 0.537634 0.000000
vt 0.354839 0.000000
vt 0.365591 0.000000
vt 0.526882 0.000000
vt 0.376344 0.000000
vt 0.516129 0.000000
vt 0.387097 0.000000
vt 0.397849 0.000000
vt 0.408602 0.000000
vt 0.419355 0.000000
vt 0.430108 0.000000
vt 0.440860 0.000000
vt 0.451613 0.000000
vt 0.462366 0.000000
vt 0.473118 0.000000
vt 0.483871 0.000000
vt 0.494624 0.000000
vt 0.505376 0.000000
vt 0.727273 0.000000
vt 0.818182 0.000000
vt 0.909091 0.000000
vt 0.090909 0.000000
vt 0.363636 0.000000
vt 0.181818 0.000000
vt 0.272727 0.000000
vt 0.454545 0.000000
vt 0.545455 0.000000
vt 0.636364 0.000000
vt 0.166667 0.000000
vt 0.500000 0.000000
vt 0.833333 0.000000
vt 0.484211 0.000000
vt 0.494737 0.000000
vt 0.010526 0.000000
vt 0.473684 0.000000
vt 0.021053 0.000000
vt 0.463158 0.000000
vt 0.031579 0.000000
vt 0.452632 0.000000
vt 0.042105 0.000000
vt 0.442105 0.000000
vt 0.052632 0.000000
vt 0.431579 0.000000
vt 0.747368 0.000000
vt 0.757895 0.000000
vt 0.736842 0.000000
vt 0.726316 0.000000
vt 0.768421 0.000000
vt 0.715789 0.000000
vt 0.778947 0.000000
vt 0.063158 0.000000
vt 0.421053 0.000000
vt 0.705263 0.000000
vt 0.789474 0.000000
vt 0.694737 0.000000
vt 0.800000 0.000000
vt 0.073684 0.000000
vt 0.410526 0.000000
vt 0.684211 0.000000
vt 0.810526 0.000000
vt 0.673684 0.000000
vt 0.821053 0.000000
vt 0.084211 0.000000
vt 0.400000 0.000000
vt 0.663158 0.000000
vt 0.831579 0.000000
vt 0.094737 0.000000
vt 0.389474 0.000000
vt 0.652632 0.000000
vt 0.842105 0.000000
vt 0.642105 0.000000
vt 0.852632 0.000000
vt 0.105263 0.000000
vt 0.378947 0.000000
vt 0.631579 0.000000
vt 0.863158 0.000000
vt 0.115789 0.000000
vt 0.368421 0.000000
vt 0.621053 0.000000
vt 0.873684 0.000000
vt 0.357895 0.000000
vt 0.884211 0.000000
vt 0.610526 0.000000
vt 0.126316 0.000000
vt 0.894737 0.000000
vt 0.600000 0.000000
vt 0.136842 0.000000
vt 0.347368 0.000000
vt 0.905263 0.000000
vt 0.589474 0.000000
vt 0.147368 0.000000
vt 0.336842 0.000000
vt 0.578947 0.000000
vt 0.915789 0.000000
vt 0.157895 0.000000
vt 0.326316 0.000000
vt 0.568421 0.000000
vt 0.926316 0.000000
vt 0.557895 0.000000
vt 0.936842 0.000000
vt 0.168421 0.000000
vt 0.315789 0.000000
vt 0.547368 0.000000
vt 0.947368 0.000000
vt 0.536842 0.000000
vt 0.957895 0.000000
vt 0.178947 0.000000
vt 0.305263 0.000000
vt 0.526316 0.000000
vt 0.968421 0.000000
vt 0.515789 0.000000
vt 0.978947 0.000000
vt 0.189474 0.000000
vt 0.294737 0.000000
vt 0.505263 0.000000
vt 0.989474 0.000000
vt 0.200000 0.000000
vt 0.284211 0.000000
vt 0.210526 0.000000
vt 0.273684 0.000000
vt 0.221053 0.000000
vt 0.263158 0.000000
vt 0.231579 0.000000
vt 0.252632 0.000000
vt 0.242105 0.000000
vt 0.571429 0.000000
vt 0.714286 0.000000
vt 0.642857 0.000000
vt 0.428571 0.000000
vt 0.357143 0.000000
vt 0.785714 0.000000
vt 0.928571 0.000000
vt 0.857143 0.000000
vt 0.142857 0.000000
vt 0.071429 0.000000
vt 0.285714 0.000000
vt 0.214286 0.000000
vt 0.900000 0.000000
vt 0.700000 0.000000
vt 0.100000 0.000000
vt 0.300000 0.000000
vt 0.336634 0.000000
vt 0.356436 0.000000
vt 0.346535 0.000000
vt 0.366337 0.000000
vt 0.376238 0.000000
vt 0.386139 0.000000
vt 0.326733 0.000000
vt 0.396040 0.000000
vt 0.405941 0.000000
vt 0.415842 0.000000
vt 0.316832 0.000000
vt 0.425743 0.000000
vt 0.435644 0.000000
vt 0.306931 0.000000
vt 0.445545 0.000000
vt 0.455446 0.000000
vt 0.297030 0.000000
vt 0.465347 0.000000
vt 0.574257 0.000000
vt 0.564356 0.000000
vt 0.554455 0.000000
vt 0.544554 0.000000
vt 0.534653 0.000000
vt 0.524752 0.000000
vt 0.514852 0.000000
vt 0.504951 0.000000
vt 0.495050 0.000000
vt 0.485149 0.000000
vt 0.475248 0.000000
vt 0.287129 0.000000
vt 0.594059 0.000000
vt 0.584158 0.000000
vt 0.603960 0.000000
vt 0.613861 0.000000
vt 0.623762 0.000000
vt 0.277228 0.000000
vt 0.633663 0.000000
vt 0.643564 0.000000
vt 0.267327 0.000000
vt 0.653465 0.000000
vt 0.663366 0.000000
vt 0.257426 0.000000
vt 0.673267 0.000000
vt 0.247525 0.000000
vt 0.683168 0.000000
vt 0.693069 0.000000
vt 0.237624 0.000000
vt 0.702970 0.000000
vt 0.227723 0.000000
vt 0.712871 0.000000
vt 0.722772 0.000000
vt 0.217822 0.000000
vt 0.970297 0.000000
vt 0.990099 0.000000
vt 0.980198 0.000000
vt 0.960396 0.000000
vt 0.732673 0.000000
vt 0.207921 0.000000
vt 0.742574 0.000000
vt 0.950495 0.000000
vt 0.198020 0.000000
vt 0.752475 0.000000
vt 0.762376 0.000000
vt 0.188119 0.000000
vt 0.772277 0.000000
vt 0.178218 0.000000
vt 0.782178 0.000000
vt 0.792079 0.000000
vt 0.168317 0.000000
vt 0.801980 0.000000
vt 0.940594 0.000000
vt 0.930693 0.000000
vt 0.920792 0.000000
vt 0.811881 0.000000
vt 0.910891 0.000000
vt 0.900990 0.000000
vt 0.891089 0.000000
vt 0.821782 0.000000
vt 0.158416 0.000000
vt 0.881188 0.000000
vt 0.871287 0.000000
vt 0.861386 0.000000
vt 0.831683 0.000000
vt 0.851485 0.000000
vt 0.841584 0.000000
vt 0.148515 0.000000
vt 0.009901 0.000000
vt 0.138614 0.000000
vt 0.019802 0.000000
vt 0.029703 0.000000
vt 0.128713 0.000000
vt 0.039604 0.000000
vt 0.049505 0.000000
vt 0.059406 0.000000
vt 0.118812 0.000000
vt 0.069307 0.000000
vt 0.079208 0.000000
vt 0.089109 0.000000
vt 0.108911 0.000000
vt 0.099010 0.000000
vt 0.000000 1.000000
vt 0.009804 1.000000
vt 0.009804 0.000000
vt 0.019608 1.000000
vt 0.019608 0.000000
vt 0.029412 1.000000
vt 0.029412 0.000000
vt 0.039216 1.000000
vt 0.039216 0.000000
vt 0.049020 1.000000
vt 0.049020 0.000000
vt 0.058824 1.000000
vt 0.058824 0.000000
vt 0.068627 1.000000
vt 0.068627 0.000000
vt 0.078431 1.000000
vt 0.078431 0.000000
vt 0.088235 1.000000
vt 0.088235 0.000000
vt 0.098039 1.000000
vt 0.098039 0.000000
vt 0.107843 1.000000
vt 0.107843 0.000000
vt 0.117647 1.000000
vt 0.117647 0.000000
vt 0.127451 1.000000
vt 0.127451 0.000000
vt 0.137255 1.000000
vt 0.137255 0.000000
vt 0.147059 1.000000
vt 0.147059 0.000000
vt 0.156863 1.000000
vt 0.156863 0.000000
vt 0.166667 1.000000
vt 0.176471 1.000000
vt 0.176471 0.000000
vt 0.186275 1.000000
vt 0.186275 0.000000
vt 0.196078 1.000000
vt 0.196078 0.000000
vt 0.205882 1.000000
vt 0.205882 0.000000
vt 0.215686 1.000000
vt 0.215686 0.000000
vt 0.225490 1.000000
vt 0.225490 0.000000
vt 0.235294 1.000000
vt 0.235294 0.000000
vt 0.245098 1.000000
vt 0.245098 0.000000
vt 0.254902 1.000000
vt 0.254902 0.000000
vt 0.264706 1.000000
vt 0.264706 0.000000
vt 0.274510 1.000000
vt 0.274510 0.000000
vt 0.284314 1.000000
vt 0.284314 0.000000
vt 0.294118 1.000000
vt 0.294118 0.000000
vt 0.303922 1.000000
vt 0.303922 0.000000
vt 0.313726 1.000000
vt 0.313726 0.000000
vt 0.323529 1.000000
vt 0.323529 0.000000
vt 0.333333 1.000000
vt 0.343137 1.000000
vt 0.343137 0.000000
vt 0.352941 1.000000
vt 0.352941 0.000000
vt 0.362745 1.000000
vt 0.362745 0.000000
vt 0.372549 1.000000
vt 0.372549 0.000000
vt 0.382353 1.000000
vt 0.382353 0.000000
vt 0.392157 1.000000
vt 0.392157 0.000000
vt 0.401961 1.000000
vt 0.401961 0.000000
vt 0.411765 1.000000
vt 0.411765 0.000000
vt 0.421569 1.000000
vt 0.421569 0.000000
vt 0.431373 1.000000
vt 0.431373 0.000000
vt 0.441176 1.000000
vt 0.441176 0.000000
vt 0.450980 1.000000
vt 0.450980 0.000000
vt 0.460784 1.000000
vt 0.460784 0.000000
vt 0.470588 1.000000
vt 0.470588 0.000000
vt 0.480392 1.000000
vt 0.480392 0.000000
vt 0.490196 1.000000
vt 0.490196 0.000000
vt 0.500000 1.000000
vt 0.509804 1.000000
vt 0.509804 0.000000
vt 0.519608 1.000000
vt 0.519608 0.000000
vt 0.529412 1.000000
vt 0.529412 0.000000
vt 0.539216 1.000000
vt 0.539216 0.000000
vt 0.549020 1.000000
vt 0.549020 0.000000
vt 0.558824 1.000000
vt 0.558824 0.000000
vt 0.568627 1.000000
vt 0.568627 0.000000
vt 0.578431 1.000000
vt 0.578431 0.000000
vt 0.588235 1.000000
vt 0.588235 0.000000
vt 0.598039 1.000000
vt 0.598039 0.000000
vt 0.607843 1.000000
vt 0.607843 0.000000
vt 0.617647 1.000000
vt 0.617647 0.000000
vt 0.627451 1.000000
vt 0.627451 0.000000
vt 0.637255 1.000000
vt 0.637255 0.000000
vt 0.647059 1.000000
vt 0.647059 0.000000
vt 0.656863 1.000000
vt 0.656863 0.000000
vt 0.666667 1.000000
vt 0.676471 1.000000
vt 0.676471 0.000000
vt 0.686275 1.000000
vt 0.686275 0.000000
vt 0.696078 1.000000
vt 0.696078 0.000000
vt 0.705882 1.000000
vt 0.705882 0.000000
vt 0.715686 1.000000
vt 0.715686 0.000000
vt 0.725490 1.000000
vt 0.725490 0.000000
vt 0.735294 1.000000
vt 0.735294 0.000000
vt 0.745098 1.000000
vt 0.745098 0.000000
vt 0.754902 1.000000
vt 0.754902 0.000000
vt 0.764706 1.000000
vt 0.764706 0.000000
vt 0.774510 1.000000
vt 0.774510 0.000000
vt 0.784314 1.000000
vt 0.784314 0.000000
vt 0.794118 1.000000
vt 0.794118 0.000000
vt 0.803922 1.000000
vt 0.803922 0.000000
vt 0.813725 1.000000
vt 0.813725 0.000000
vt 0.823529 1.000000
vt 0.823529 0.000000
vt 0.833333 1.000000
vt 0.843137 1.000000
vt 0.843137 0.000000
vt 0.852941 1.000000
vt 0.852941 0.000000
vt 0.862745 1.000000
vt 0.862745 0.000000
vt 0.872549 1.000000
vt 0.872549 0.000000
vt 0.882353 1.000000
vt 0.882353 0.000000
vt 0.892157 1.000000
vt 0.892157 0.000000
vt 0.901961 1.000000
vt 0.901961 0.000000
vt 0.911765 1.000000
vt 0.911765 0.000000
vt 0.921569 1.000000
vt 0.921569 0.000000
vt 0.931373 1.000000
vt 0.931373 0.000000
vt 0.941176 1.000000
vt 0.941176 0.000000
vt 0.950980 1.000000
vt 0.950980 0.000000
vt 0.960784 1.000000
vt 0.960784 0.000000
vt 0.970588 1.000000
vt 0.970588 0.000000
vt 0.980392 1.000000
vt 0.980392 0.000000
vt 0.990196 1.000000
vt 0.990196 0.000000
vt 1.000000 1.000000
vt 0.125000 1.000000
vt 0.125000 0.000000
vt 0.250000 1.000000
vt 0.250000 0.000000
vt 0.375000 1.000000
vt 0.375000 0.000000
vt 0.625000 1.000000
vt 0.625000 0.000000
vt 0.750000 1.000000
vt 0.750000 0.000000
vt 0.875000 1.000000
vt 0.875000 0.000000
vt 0.066667 1.000000
vt 0.066667 0.000000
vt 0.133333 1.000000
vt 0.133333 0.000000
vt 0.200000 1.000000
vt 0.266667 1.000000
vt 0.266667 0.000000
vt 0.400000 1.000000
vt 0.466667 1.000000
vt 0.466667 0.000000
vt 0.533333 1.000000
vt 0.533333 0.000000
vt 0.600000 1.000000
vt 0.733333 1.000000
vt 0.733333 0.000000
vt 0.800000 1.000000
vt 0.866667 1.000000
vt 0.866667 0.000000
vt 0.933333 1.000000
vt 0.933333 0.000000
vt 0.083333 1.000000
vt 0.083333 0.000000
vt 0.416667 1.000000
vt 0.416667 0.000000
vt 0.583333 1.000000
vt 0.583333 0.000000
vt 0.916667 1.000000
vt 0.916667 0.000000
vt 0.020833 1.000000
vt 0.020833 0.000000
vt 0.041667 1.000000
vt 0.041667 0.000000
vt 0.062500 1.000000
vt 0.062500 0.000000
vt 0.104167 1.000000
vt 0.104167 0.000000
vt 0.145833 1.000000
vt 0.145833 0.000000
vt 0.187500 1.000000
vt 0.187500 0.000000
vt 0.208333 1.000000
vt 0.208333 0.000000
vt 0.229167 1.000000
vt 0.229167 0.000000
vt 0.270833 1.000000
vt 0.270833 0.000000
vt 0.291667 1.000000
vt 0.291667 0.000000
vt 0.312500 1.000000
vt 0.312500 0.000000
vt 0.354167 1.000000
vt 0.354167 0.000000
vt 0.395833 1.000000
vt 0.395833 0.000000
vt 0.437500 1.000000
vt 0.437500 0.000000
vt 0.458333 1.000000
vt 0.458333 0.000000
vt 0.479167 1.000000
vt 0.479167 0.000000
vt 0.520833 1.000000
vt 0.520833 0.000000
vt 0.541667 1.000000
vt 0.541667 0.000000
vt 0.562500 1.000000
vt 0.562500 0.000000
vt 0.604167 1.000000
vt 0.604167 0.000000
vt 0.645833 1.000000
vt 0.645833 0.000000
vt 0.687500 1.000000
vt 0.687500 0.000000
vt 0.708333 1.000000
vt 0.708333 0.000000
vt 0.729167 1.000000
vt 0.729167 0.000000
vt 0.770833 1.000000
vt 0.770833 0.000000
vt 0.791667 1.000000
vt 0.791667 0.000000
vt 0.812500 1.000000
vt 0.812500 0.000000
vt 0.854167 1.000000
vt 0.854167 0.000000
vt 0.895833 1.000000
vt 0.895833 0.000000
vt 0.937500 1.000000
vt 0.937500 0.000000
vt 0.958333 1.000000
vt 0.958333 0.000000
vt 0.979167 1.000000
vt 0.979167 0.000000
vt 0.142857 1.000000
vt 0.285714 1.000000
vt 0.428571 1.000000
vt 0.571429 1.000000
vt 0.714286 1.000000
vt 0.857143 1.000000
vt 0.014925 1.000000
vt 0.014925 0.000000
vt 0.029851 1.000000
vt 0.029851 0.000000
vt 0.044776 1.000000
vt 0.044776 0.000000
vt 0.059701 1.000000
vt 0.059701 0.000000
vt 0.074627 1.000000
vt 0.074627 0.000000
vt 0.089552 1.000000
vt 0.089552 0.000000
vt 0.104478 1.000000
vt 0.104478 0.000000
vt 0.119403 1.000000
vt 0.119403 0.000000
vt 0.134328 1.000000
vt 0.134328 0.000000
vt 0.149254 1.000000
vt 0.149254 0.000000
vt 0.164179 1.000000
vt 0.164179 0.000000
vt 0.179104 1.000000
vt 0.179104 0.000000
vt 0.194030 1.000000
vt 0.194030 0.000000
vt 0.208955 1.000000
vt 0.208955 0.000000
vt 0.223881 1.000000
vt 0.223881 0.000000
vt 0.238806 1.000000
vt 0.238806 0.000000
vt 0.253731 1.000000
vt 0.253731 0.000000
vt 0.268657 1.000000
vt 0.268657 0.000000
vt 0.283582 1.000000
vt 0.283582 0.000000
vt 0.298507 1.000000
vt 0.298507 0.000000
vt 0.313433 1.000000
vt 0.313433 0.000000
vt 0.328358 1.000000
vt 0.328358 0.000000
vt 0.343284 1.000000
vt 0.343284 0.000000
vt 0.358209 1.000000
vt 0.358209 0.000000
vt 0.373134 1.000000
vt 0.373134 0.000000
vt 0.388060 1.000000
vt 0.388060 0.000000
vt 0.402985 1.000000
vt 0.402985 0.000000
vt 0.417910 1.000000
vt 0.417910 0.000000
vt 0.432836 1.000000
vt 0.432836 0.000000
vt 0.447761 1.000000
vt 0.447761 0.000000
vt 0.462687 1.000000
vt 0.462687 0.000000
vt 0.477612 1.000000
vt 0.477612 0.000000
vt 0.492537 1.000000
vt 0.492537 0.000000
vt 0.507463 1.000000
vt 0.507463 0.000000
vt 0.522388 1.000000
vt 0.522388 0.000000
vt 0.537313 1.000000
vt 0.537313 0.000000
vt 0.552239 1.000000
vt 0.552239 0.000000
vt 0.567164 1.000000
vt 0.567164 0.000000
vt 0.582090 1.000000
vt 0.582090 0.000000
vt 0.597015 1.000000
vt 0.597015 0.000000
vt 0.611940 1.000000
vt 0.611940 0.000000
vt 0.626866 1.000000
vt 0.626866 0.000000
vt 0.641791 1.000000
vt 0.641791 0.000000
vt 0.656716 1.000000
vt 0.656716 0.000000
vt 0.671642 1.000000
vt 0.671642 0.000000
vt 0.686567 1.000000
vt 0.686567 0.000000
vt 0.701493 1.000000
vt 0.701493 0.000000
vt 0.716418 1.000000
vt 0.716418 0.000000
vt 0.731343 1.000000
vt 0.731343 0.000000
vt 0.746269 1.000000
vt 0.746269 0.000000
vt 0.761194 1.000000
vt 0.761194 0.000000
vt 0.776119 1.000000
vt 0.776119 0.000000
vt 0.791045 1.000000
vt 0.791045 0.000000
vt 0.805970 1.000000
vt 0.805970 0.000000
vt 0.820895 1.000000
vt 0.820895 0.000000
vt 0.835821 1.000000
vt 0.835821 0.000000
vt 0.850746 1.000000
vt 0.850746 0.000000
vt 0.865672 1.000000
vt 0.865672 0.000000
vt 0.880597 1.000000
vt 0.880597 0.000000
vt 0.895522 1.000000
vt 0.895522 0.000000
vt 0.910448 1.000000
vt 0.910448 0.000000
vt 0.925373 1.000000
vt 0.925373 0.000000
vt 0.940298 1.000000
vt 0.940298 0.000000
vt 0.955224 1.000000
vt 0.955224 0.000000
vt 0.970149 1.000000
vt 0.970149 0.000000
vt 0.985075 1.000000
vt 0.985075 0.000000
vt 0.037037 1.000000
vt 0.037037 0.000000
vt 0.074074 1.000000
vt 0.074074 0.000000
vt 0.111111 1.000000
vt 0.111111 0.000000
vt 0.148148 1.000000
vt 0.148148 0.000000
vt 0.185185 1.000000
vt 0.185185 0.000000
vt 0.222222 1.000000
vt 0.222222 0.000000
vt 0.259259 1.000000
vt 0.259259 0.000000
vt 0.296296 1.000000
vt 0.296296 0.000000
vt 0.370370 1.000000
vt 0.370370 0.000000
vt 0.407407 1.000000
vt 0.407407 0.000000
vt 0.444444 1.000000
vt 0.444444 0.000000
vt 0.481481 1.000000
vt 0.481481 0.000000
vt 0.518519 1.000000
vt 0.518519 0.000000
vt 0.555556 1.000000
vt 0.555556 0.000000
vt 0.592593 1.000000
vt 0.592593 0.000000
vt 0.629630 1.000000
vt 0.629630 0.000000
vt 0.703704 1.000000
vt 0.703704 0.000000
vt 0.740741 1.000000
vt 0.740741 0.000000
vt 0.777778 1.000000
vt 0.777778 0.000000
vt 0.814815 1.000000
vt 0.814815 0.000000
vt 0.851852 1.000000
vt 0.851852 0.000000
vt 0.888889 1.000000
vt 0.888889 0.000000
vt 0.925926 1.000000
vt 0.925926 0.000000
vt 0.962963 1.000000
vt 0.962963 0.000000
s 0
g GameOver_Material.001
usemtl Material.001
f 65/1/1 93/2/1 66/3/1
f 93/2/1 67/4/1 66/3/1
f 93/2/1 1/5/1 67/4/1
f 93/2/1 2/6/1 1/5/1
f 93/2/1 3/7/1 2/6/1
f 93/2/1 4/8/1 3/7/1
f 93/2/1 5/9/1 4/8/1
f 93/2/1 6/10/1 5/9/1
f 93/2/1 7/11/1 6/10/1
f 93/2/1 92/12/1 7/11/1
f 92/12/1 8/13/1 7/11/1
f 65/1/1 94/14/1 93/2/1
f 91/15/1 8/13/1 92/12/1
f 90/16/1 8/13/1 91/15/1
f 89/17/1 8/13/1 90/16/1
f 89/17/1 9/18/1 8/13/1
f 88/19/1 9/18/1 89/17/1
f 87/20/1 9/18/1 88/19/1
f 86/21/1 9/18/1 87/20/1
f 86/21/1 10/22/1 9/18/1
f 85/23/1 10/22/1 86/21/1
f 84/24/1 10/22/1 85/23/1
f 83/25/1 10/22/1 84/24/1
f 83/25/1 11/26/1 10/22/1
f 82/27/1 11/26/1 83/25/1
f 81/28/1 11/26/1 82/27/1
f 81/28/1 12/29/1 11/26/1
f 80/30/1 12/29/1 81/28/1
f 79/31/1 12/29/1 80/30/1
f 79/31/1 13/32/1 12/29/1
f 78/33/1 13/32/1 79/31/1
f 78/33/1 14/34/1 13/32/1
f 77/35/1 14/34/1 78/33/1
f 76/36/1 14/34/1 77/35/1
f 76/36/1 15/37/1 14/34/1
f 75/38/1 15/37/1 76/36/1
f 75/38/1 16/39/1 15/37/1
f 74/40/1 16/39/1 75/38/1
f 74/40/1 17/41/1 16/39/1
f 73/42/1 17/41/1 74/40/1
f 72/43/1 17/41/1 73/42/1
f 72/43/1 18/44/1 17/41/1
f 71/45/1 18/44/1 72/43/1
f 70/46/1 18/44/1 71/45/1
f 70/46/1 19/47/1 18/44/1
f 69/48/1 19/47/1 70/46/1
f 68/49/1 19/47/1 69/48/1
f 65/1/1 63/50/1 94/14/1
f 63/50/1 68/49/1 94/14/1
f 63/50/1 19/47/1 68/49/1
f 63/50/1 20/51/1 19/47/1
f 63/50/1 21/52/1 20/51/1
f 63/50/1 22/53/1 21/52/1
f 63/50/1 23/54/1 22/53/1
f 63/50/1 24/55/1 23/54/1
f 63/50/1 25/56/1 24/55/1
f 63/50/1 26/57/1 25/56/1
f 63/50/1 62/58/1 26/57/1
f 62/58/1 61/59/1 26/57/1
f 61/59/1 27/60/1 26/57/1
f 65/1/1 64/61/1 63/50/1
f 60/62/1 27/60/1 61/59/1
f 59/63/1 27/60/1 60/62/1
f 58/64/1 27/60/1 59/63/1
f 58/64/1 28/65/1 27/60/1
f 57/66/1 28/65/1 58/64/1
f 56/67/1 28/65/1 57/66/1
f 56/67/1 29/68/1 28/65/1
f 55/69/1 29/68/1 56/67/1
f 55/69/1 30/70/1 29/68/1
f 54/71/1 30/70/1 55/69/1
f 54/71/1 31/72/1 30/70/1
f 53/73/1 31/72/1 54/71/1
f 53/73/1 32/74/1 31/72/1
f 52/75/1 32/74/1 53/73/1
f 52/75/1 33/76/1 32/74/1
f 51/77/1 33/76/1 52/75/1
f 51/77/1 34/78/1 33/76/1
f 51/77/1 35/79/1 34/78/1
f 50/80/1 35/79/1 51/77/1
f 50/80/1 36/81/1 35/79/1
f 49/82/1 36/81/1 50/80/1
f 49/82/1 37/83/1 36/81/1
f 49/82/1 38/84/1 37/83/1
f 49/82/1 39/85/1 38/84/1
f 49/82/1 40/86/1 39/85/1
f 49/82/1 41/87/1 40/86/1
f 49/82/1 42/88/1 41/87/1
f 49/82/1 43/89/1 42/88/1
f 49/82/1 44/90/1 43/89/1
f 49/82/1 45/91/1 44/90/1
f 49/82/1 46/92/1 45/91/1
f 49/82/1 47/93/1 46/92/1
f 49/82/1 48/94/1 47/93/1
f 103/95/1 95/5/1 104/96/1
f 95/5/1 105/97/1 104/96/1
f 95/5/1 106/14/1 105/97/1
f 103/95/1 96/98/1 95/5/1
f 103/95/1 99/99/1 96/98/1
f 99/99/1 97/100/1 96/98/1
f 99/99/1 98/101/1 97/100/1
f 103/95/1 100/102/1 99/99/1
f 103/95/1 101/103/1 100/102/1
f 103/95/1 102/104/1 101/103/1
f 107/5/1 109/74/1 108/105/1
f 107/5/1 110/106/1 109/74/1
f 110/106/1 112/107/1 111/50/1
f 110/106/1 113/14/1 112/107/1
f 107/5/1 113/14/1 110/106/1
f 160/108/1 114/5/1 161/109/1
f 160/108/1 115/110/1 114/5/1
f 159/111/1 115/110/1 160/108/1
f 159/111/1 116/112/1 115/110/1
f 158/113/1 116/112/1 159/111/1
f 158/113/1 117/114/1 116/112/1
f 157/115/1 117/114/1 158/113/1
f 157/115/1 118/116/1 117/114/1
f 156/117/1 118/116/1 157/115/1
f 156/117/1 119/118/1 118/116/1
f 155/119/1 185/120/1 156/117/1
f 185/120/1 119/118/1 156/117/1
f 155/119/1 186/121/1 185/120/1
f 184/122/1 119/118/1 185/120/1
f 183/123/1 119/118/1 184/122/1
f 155/119/1 187/124/1 186/121/1
f 182/125/1 119/118/1 183/123/1
f 155/119/1 188/126/1 187/124/1
f 182/125/1 120/127/1 119/118/1
f 154/128/1 188/126/1 155/119/1
f 181/129/1 120/127/1 182/125/1
f 154/128/1 189/130/1 188/126/1
f 180/131/1 120/127/1 181/129/1
f 154/128/1 190/132/1 189/130/1
f 180/131/1 121/133/1 120/127/1
f 153/134/1 190/132/1 154/128/1
f 179/135/1 121/133/1 180/131/1
f 153/134/1 191/136/1 190/132/1
f 178/137/1 121/133/1 179/135/1
f 153/134/1 192/138/1 191/136/1
f 178/137/1 122/139/1 121/133/1
f 152/140/1 192/138/1 153/134/1
f 177/141/1 122/139/1 178/137/1
f 152/140/1 193/142/1 192/138/1
f 177/141/1 123/143/1 122/139/1
f 151/144/1 193/142/1 152/140/1
f 176/145/1 123/143/1 177/141/1
f 151/144/1 194/146/1 193/142/1
f 175/147/1 123/143/1 176/145/1
f 151/144/1 195/148/1 194/146/1
f 175/147/1 124/149/1 123/143/1
f 150/150/1 195/148/1 151/144/1
f 174/151/1 124/149/1 175/147/1
f 150/150/1 196/152/1 195/148/1
f 174/151/1 125/153/1 124/149/1
f 149/154/1 196/152/1 150/150/1
f 173/155/1 125/153/1 174/151/1
f 149/154/1 197/156/1 196/152/1
f 148/157/1 197/156/1 149/154/1
f 148/157/1 198/158/1 197/156/1
f 172/159/1 125/153/1 173/155/1
f 172/159/1 126/160/1 125/153/1
f 148/157/1 199/161/1 198/158/1
f 171/162/1 126/160/1 172/159/1
f 171/162/1 127/163/1 126/160/1
f 147/164/1 199/161/1 148/157/1
f 147/164/1 200/165/1 199/161/1
f 170/166/1 127/163/1 171/162/1
f 170/166/1 128/167/1 127/163/1
f 146/168/1 200/165/1 147/164/1
f 169/169/1 128/167/1 170/166/1
f 146/168/1 201/170/1 200/165/1
f 169/169/1 129/171/1 128/167/1
f 145/172/1 201/170/1 146/168/1
f 168/173/1 129/171/1 169/169/1
f 145/172/1 202/174/1 201/170/1
f 167/175/1 129/171/1 168/173/1
f 145/172/1 203/176/1 202/174/1
f 167/175/1 130/177/1 129/171/1
f 144/178/1 203/176/1 145/172/1
f 166/179/1 130/177/1 167/175/1
f 144/178/1 204/180/1 203/176/1
f 165/181/1 130/177/1 166/179/1
f 144/178/1 205/182/1 204/180/1
f 165/181/1 131/183/1 130/177/1
f 143/184/1 205/182/1 144/178/1
f 164/185/1 131/183/1 165/181/1
f 143/184/1 206/186/1 205/182/1
f 163/187/1 131/183/1 164/185/1
f 143/184/1 207/188/1 206/186/1
f 163/187/1 132/189/1 131/183/1
f 142/190/1 207/188/1 143/184/1
f 162/191/1 132/189/1 163/187/1
f 142/190/1 208/192/1 207/188/1
f 209/14/1 132/189/1 162/191/1
f 142/190/1 209/14/1 208/192/1
f 142/190/1 132/189/1 209/14/1
f 142/190/1 133/193/1 132/189/1
f 141/194/1 133/193/1 142/190/1
f 141/194/1 134/195/1 133/193/1
f 140/196/1 134/195/1 141/194/1
f 140/196/1 135/197/1 134/195/1
f 139/198/1 135/197/1 140/196/1
f 139/198/1 136/199/1 135/197/1
f 138/200/1 136/199/1 139/198/1
f 138/200/1 137/201/1 136/199/1
f 218/95/1 210/5/1 219/96/1
f 210/5/1 220/97/1 219/96/1
f 210/5/1 221/14/1 220/97/1
f 218/95/1 211/98/1 210/5/1
f 218/95/1 214/99/1 211/98/1
f 214/99/1 212/100/1 211/98/1
f 214/99/1 213/101/1 212/100/1
f 218/95/1 215/102/1 214/99/1
f 218/95/1 216/103/1 215/102/1
f 218/95/1 217/104/1 216/103/1
f 230/202/1 232/203/1 231/204/1
f 230/202/1 228/205/1 232/203/1
f 228/205/1 227/206/1 232/203/1
f 227/206/1 233/207/1 232/203/1
f 233/207/1 235/208/1 234/209/1
f 233/207/1 224/210/1 235/208/1
f 224/210/1 223/211/1 235/208/1
f 223/211/1 236/14/1 235/208/1
f 230/202/1 229/106/1 228/205/1
f 226/212/1 233/207/1 227/206/1
f 233/207/1 225/213/1 224/210/1
f 222/5/1 236/14/1 223/211/1
f 226/212/1 225/213/1 233/207/1
f 241/140/1 243/162/1 242/106/1
f 241/140/1 246/214/1 243/162/1
f 246/214/1 244/215/1 243/162/1
f 241/140/1 247/14/1 246/214/1
f 245/132/1 244/215/1 246/214/1
f 241/140/1 239/193/1 247/14/1
f 239/193/1 245/132/1 247/14/1
f 239/193/1 238/216/1 245/132/1
f 238/216/1 244/215/1 245/132/1
f 241/140/1 240/217/1 239/193/1
f 237/5/1 244/215/1 238/216/1
f 282/218/1 284/219/1 283/220/1
f 282/218/1 285/221/1 284/219/1
f 282/218/1 286/222/1 285/221/1
f 282/218/1 287/223/1 286/222/1
f 281/224/1 287/223/1 282/218/1
f 281/224/1 288/225/1 287/223/1
f 281/224/1 289/226/1 288/225/1
f 281/224/1 290/227/1 289/226/1
f 280/228/1 290/227/1 281/224/1
f 280/228/1 291/229/1 290/227/1
f 280/228/1 292/230/1 291/229/1
f 279/231/1 292/230/1 280/228/1
f 279/231/1 293/232/1 292/230/1
f 279/231/1 294/233/1 293/232/1
f 278/234/1 294/233/1 279/231/1
f 278/234/1 295/235/1 294/233/1
f 278/234/1 306/236/1 295/235/1
f 306/236/1 305/237/1 295/235/1
f 305/237/1 304/238/1 295/235/1
f 304/238/1 303/239/1 295/235/1
f 303/239/1 302/240/1 295/235/1
f 302/240/1 301/241/1 295/235/1
f 301/241/1 300/242/1 295/235/1
f 300/242/1 299/243/1 295/235/1
f 299/243/1 298/244/1 295/235/1
f 298/244/1 297/245/1 295/235/1
f 297/245/1 296/246/1 295/235/1
f 277/247/1 308/248/1 278/234/1
f 308/248/1 307/249/1 278/234/1
f 307/249/1 306/236/1 278/234/1
f 277/247/1 309/250/1 308/248/1
f 277/247/1 310/251/1 309/250/1
f 277/247/1 311/252/1 310/251/1
f 276/253/1 311/252/1 277/247/1
f 276/253/1 312/254/1 311/252/1
f 276/253/1 313/255/1 312/254/1
f 275/256/1 313/255/1 276/253/1
f 275/256/1 314/257/1 313/255/1
f 275/256/1 315/258/1 314/257/1
f 274/259/1 315/258/1 275/256/1
f 274/259/1 316/260/1 315/258/1
f 273/261/1 316/260/1 274/259/1
f 273/261/1 317/262/1 316/260/1
f 273/261/1 318/263/1 317/262/1
f 272/264/1 318/263/1 273/261/1
f 272/264/1 319/265/1 318/263/1
f 271/266/1 319/265/1 272/264/1
f 271/266/1 320/267/1 319/265/1
f 271/266/1 321/268/1 320/267/1
f 270/269/1 321/268/1 271/266/1
f 346/270/1 348/271/1 347/272/1
f 346/270/1 345/273/1 348/271/1
f 345/273/1 349/14/1 348/271/1
f 270/269/1 322/274/1 321/268/1
f 269/275/1 322/274/1 270/269/1
f 269/275/1 323/276/1 322/274/1
f 344/277/1 349/14/1 345/273/1
f 268/278/1 323/276/1 269/275/1
f 268/278/1 324/279/1 323/276/1
f 268/278/1 325/280/1 324/279/1
f 267/281/1 325/280/1 268/278/1
f 267/281/1 326/282/1 325/280/1
f 266/283/1 326/282/1 267/281/1
f 266/283/1 327/284/1 326/282/1
f 266/283/1 328/285/1 327/284/1
f 265/286/1 328/285/1 266/283/1
f 265/286/1 329/287/1 328/285/1
f 343/288/1 349/14/1 344/277/1
f 342/289/1 349/14/1 343/288/1
f 341/290/1 349/14/1 342/289/1
f 265/286/1 330/291/1 329/287/1
f 340/292/1 349/14/1 341/290/1
f 339/293/1 349/14/1 340/292/1
f 338/294/1 349/14/1 339/293/1
f 265/286/1 331/295/1 330/291/1
f 264/296/1 331/295/1 265/286/1
f 337/297/1 349/14/1 338/294/1
f 336/298/1 349/14/1 337/297/1
f 335/299/1 349/14/1 336/298/1
f 264/296/1 332/300/1 331/295/1
f 334/301/1 349/14/1 335/299/1
f 333/302/1 349/14/1 334/301/1
f 332/300/1 349/14/1 333/302/1
f 264/296/1 349/14/1 332/300/1
f 263/303/1 349/14/1 264/296/1
f 263/303/1 248/5/1 349/14/1
f 263/303/1 249/304/1 248/5/1
f 262/305/1 249/304/1 263/303/1
f 262/305/1 250/306/1 249/304/1
f 262/305/1 251/307/1 250/306/1
f 261/308/1 251/307/1 262/305/1
f 261/308/1 252/309/1 251/307/1
f 261/308/1 253/310/1 252/309/1
f 261/308/1 254/311/1 253/310/1
f 260/312/1 254/311/1 261/308/1
f 260/312/1 255/313/1 254/311/1
f 260/312/1 256/314/1 255/313/1
f 260/312/1 257/315/1 256/314/1
f 259/316/1 257/315/1 260/312/1
f 259/316/1 258/317/1 257/315/1
f 414/1/2 415/3/2 442/2/2
f 442/2/2 415/3/2 416/4/2
f 442/2/2 416/4/2 350/5/2
f 442/2/2 350/5/2 351/6/2
f 442/2/2 351/6/2 352/7/2
f 442/2/2 352/7/2 353/8/2
f 442/2/2 353/8/2 354/9/2
f 442/2/2 354/9/2 355/10/2
f 442/2/2 355/10/2 356/11/2
f 442/2/2 356/11/2 441/12/2
f 441/12/2 356/11/2 357/13/2
f 414/1/2 442/2/2 443/14/2
f 440/15/2 441/12/2 357/13/2
f 439/16/2 440/15/2 357/13/2
f 438/17/2 439/16/2 357/13/2
f 438/17/2 357/13/2 358/18/2
f 437/19/2 438/17/2 358/18/2
f 436/20/2 437/19/2 358/18/2
f 435/21/2 436/20/2 358/18/2
f 435/21/2 358/18/2 359/22/2
f 434/23/2 435/21/2 359/22/2
f 433/24/2 434/23/2 359/22/2
f 432/25/2 433/24/2 359/22/2
f 432/25/2 359/22/2 360/26/2
f 431/27/2 432/25/2 360/26/2
f 430/28/2 431/27/2 360/26/2
f 430/28/2 360/26/2 361/29/2
f 429/30/2 430/28/2 361/29/2
f 428/31/2 429/30/2 361/29/2
f 428/31/2 361/29/2 362/32/2
f 427/33/2 428/31/2 362/32/2
f 427/33/2 362/32/2 363/34/2
f 426/35/2 427/33/2 363/34/2
f 425/36/2 426/35/2 363/34/2
f 425/36/2 363/34/2 364/37/2
f 424/38/2 425/36/2 364/37/2
f 424/38/2 364/37/2 365/39/2
f 423/40/2 424/38/2 365/39/2
f 423/40/2 365/39/2 366/41/2
f 422/42/2 423/40/2 366/41/2
f 421/43/2 422/42/2 366/41/2
f 421/43/2 366/41/2 367/44/2
f 420/45/2 421/43/2 367/44/2
f 419/46/2 420/45/2 367/44/2
f 419/46/2 367/44/2 368/47/2
f 418/48/2 419/46/2 368/47/2
f 417/49/2 418/48/2 368/47/2
f 414/1/2 443/14/2 412/50/2
f 412/50/2 443/14/2 417/49/2
f 412/50/2 417/49/2 368/47/2
f 412/50/2 368/47/2 369/51/2
f 412/50/2 369/51/2 370/52/2
f 412/50/2 370/52/2 371/53/2
f 412/50/2 371/53/2 372/54/2
f 412/50/2 372/54/2 373/55/2
f 412/50/2 373/55/2 374/56/2
f 412/50/2 374/56/2 375/57/2
f 412/50/2 375/57/2 411/58/2
f 411/58/2 375/57/2 410/59/2
f 410/59/2 375/57/2 376/60/2
f 414/1/2 412/50/2 413/61/2
f 409/62/2 410/59/2 376/60/2
f 408/63/2 409/62/2 376/60/2
f 407/64/2 408/63/2 376/60/2
f 407/64/2 376/60/2 377/65/2
f 406/66/2 407/64/2 377/65/2
f 405/67/2 406/66/2 377/65/2
f 405/67/2 377/65/2 378/68/2
f 404/69/2 405/67/2 378/68/2
f 404/69/2 378/68/2 379/70/2
f 403/71/2 404/69/2 379/70/2
f 403/71/2 379/70/2 380/72/2
f 402/73/2 403/71/2 380/72/2
f 402/73/2 380/72/2 381/74/2
f 401/75/2 402/73/2 381/74/2
f 401/75/2 381/74/2 382/76/2
f 400/77/2 401/75/2 382/76/2
f 400/77/2 382/76/2 383/78/2
f 400/77/2 383/78/2 384/79/2
f 399/80/2 400/77/2 384/79/2
f 399/80/2 384/79/2 385/81/2
f 398/82/2 399/80/2 385/81/2
f 398/82/2 385/81/2 386/83/2
f 398/82/2 386/83/2 387/84/2
f 398/82/2 387/84/2 388/85/2
f 398/82/2 388/85/2 389/86/2
f 398/82/2 389/86/2 390/87/2
f 398/82/2 390/87/2 391/88/2
f 398/82/2 391/88/2 392/89/2
f 398/82/2 392/89/2 393/90/2
f 398/82/2 393/90/2 394/91/2
f 398/82/2 394/91/2 395/92/2
f 398/82/2 395/92/2 396/93/2
f 398/82/2 396/93/2 397/94/2
f 452/95/2 453/96/2 444/5/2
f 444/5/2 453/96/2 454/97/2
f 444/5/2 454/97/2 455/14/2
f 452/95/2 444/5/2 445/98/2
f 452/95/2 445/98/2 448/99/2
f 448/99/2 445/98/2 446/100/2
f 448/99/2 446/100/2 447/101/2
f 452/95/2 448/99/2 449/102/2
f 452/95/2 449/102/2 450/103/2
f 452/95/2 450/103/2 451/104/2
f 456/5/2 457/105/2 458/74/2
f 456/5/2 458/74/2 459/106/2
f 459/106/2 460/50/2 461/107/2
f 459/106/2 461/107/2 462/14/2
f 456/5/2 459/106/2 462/14/2
f 509/108/2 510/109/2 463/5/2
f 509/108/2 463/5/2 464/110/2
f 508/111/2 509/108/2 464/110/2
f 508/111/2 464/110/2 465/112/2
f 507/113/2 508/111/2 465/112/2
f 507/113/2 465/112/2 466/114/2
f 506/115/2 507/113/2 466/114/2
f 506/115/2 466/114/2 467/116/2
f 505/117/2 506/115/2 467/116/2
f 505/117/2 467/116/2 468/118/2
f 504/119/2 505/117/2 534/120/2
f 534/120/2 505/117/2 468/118/2
f 504/119/2 534/120/2 535/121/2
f 533/122/2 534/120/2 468/118/2
f 532/123/2 533/122/2 468/118/2
f 504/119/2 535/121/2 536/124/2
f 531/125/2 532/123/2 468/118/2
f 504/119/2 536/124/2 537/126/2
f 531/125/2 468/118/2 469/127/2
f 503/128/2 504/119/2 537/126/2
f 530/129/2 531/125/2 469/127/2
f 503/128/2 537/126/2 538/130/2
f 529/131/2 530/129/2 469/127/2
f 503/128/2 538/130/2 539/132/2
f 529/131/2 469/127/2 470/133/2
f 502/134/2 503/128/2 539/132/2
f 528/135/2 529/131/2 470/133/2
f 502/134/2 539/132/2 540/136/2
f 527/137/2 528/135/2 470/133/2
f 502/134/2 540/136/2 541/138/2
f 527/137/2 470/133/2 471/139/2
f 501/140/2 502/134/2 541/138/2
f 526/141/2 527/137/2 471/139/2
f 501/140/2 541/138/2 542/142/2
f 526/141/2 471/139/2 472/143/2
f 500/144/2 501/140/2 542/142/2
f 525/145/2 526/141/2 472/143/2
f 500/144/2 542/142/2 543/146/2
f 524/147/2 525/145/2 472/143/2
f 500/144/2 543/146/2 544/148/2
f 524/147/2 472/143/2 473/149/2
f 499/150/2 500/144/2 544/148/2
f 523/151/2 524/147/2 473/149/2
f 499/150/2 544/148/2 545/152/2
f 523/151/2 473/149/2 474/153/2
f 498/154/2 499/150/2 545/152/2
f 522/155/2 523/151/2 474/153/2
f 498/154/2 545/152/2 546/156/2
f 497/157/2 498/154/2 546/156/2
f 497/157/2 546/156/2 547/158/2
f 521/159/2 522/155/2 474/153/2
f 521/159/2 474/153/2 475/160/2
f 497/157/2 547/158/2 548/161/2
f 520/162/2 521/159/2 475/160/2
f 520/162/2 475/160/2 476/163/2
f 496/164/2 497/157/2 548/161/2
f 496/164/2 548/161/2 549/165/2
f 519/166/2 520/162/2 476/163/2
f 519/166/2 476/163/2 477/167/2
f 495/168/2 496/164/2 549/165/2
f 518/169/2 519/166/2 477/167/2
f 495/168/2 549/165/2 550/170/2
f 518/169/2 477/167/2 478/171/2
f 494/172/2 495/168/2 550/170/2
f 517/173/2 518/169/2 478/171/2
f 494/172/2 550/170/2 551/174/2
f 516/175/2 517/173/2 478/171/2
f 494/172/2 551/174/2 552/176/2
f 516/175/2 478/171/2 479/177/2
f 493/178/2 494/172/2 552/176/2
f 515/179/2 516/175/2 479/177/2
f 493/178/2 552/176/2 553/180/2
f 514/181/2 515/179/2 479/177/2
f 493/178/2 553/180/2 554/182/2
f 514/181/2 479/177/2 480/183/2
f 492/184/2 493/178/2 554/182/2
f 513/185/2 514/181/2 480/183/2
f 492/184/2 554/182/2 555/186/2
f 512/187/2 513/185/2 480/183/2
f 492/184/2 555/186/2 556/188/2
f 512/187/2 480/183/2 481/189/2
f 491/190/2 492/184/2 556/188/2
f 511/191/2 512/187/2 481/189/2
f 491/190/2 556/188/2 557/192/2
f 558/14/2 511/191/2 481/189/2
f 491/190/2 557/192/2 558/14/2
f 491/190/2 558/14/2 481/189/2
f 491/190/2 481/189/2 482/193/2
f 490/194/2 491/190/2 482/193/2
f 490/194/2 482/193/2 483/195/2
f 489/196/2 490/194/2 483/195/2
f 489/196/2 483/195/2 484/197/2
f 488/198/2 489/196/2 484/197/2
f 488/198/2 484/197/2 485/199/2
f 487/200/2 488/198/2 485/199/2
f 487/200/2 485/199/2 486/201/2
f 567/95/2 568/96/2 559/5/2
f 559/5/2 568/96/2 569/97/2
f 559/5/2 569/97/2 570/14/2
f 567/95/2 559/5/2 560/98/2
f 567/95/2 560/98/2 563/99/2
f 563/99/2 560/98/2 561/100/2
f 563/99/2 561/100/2 562/101/2
f 567/95/2 563/99/2 564/102/2
f 567/95/2 564/102/2 565/103/2
f 567/95/2 565/103/2 566/104/2
f 579/202/2 580/204/2 581/203/2
f 579/202/2 581/203/2 577/205/2
f 577/205/2 581/203/2 576/206/2
f 576/206/2 581/203/2 582/207/2
f 582/207/2 583/209/2 584/208/2
f 582/207/2 584/208/2 573/210/2
f 573/210/2 584/208/2 572/211/2
f 572/211/2 584/208/2 585/14/2
f 579/202/2 577/205/2 578/106/2
f 575/212/2 576/206/2 582/207/2
f 582/207/2 573/210/2 574/213/2
f 571/5/2 572/211/2 585/14/2
f 575/212/2 582/207/2 574/213/2
f 590/140/2 591/106/2 592/162/2
f 590/140/2 592/162/2 595/214/2
f 595/214/2 592/162/2 593/215/2
f 590/140/2 595/214/2 596/14/2
f 594/132/2 595/214/2 593/215/2
f 590/140/2 596/14/2 588/193/2
f 588/193/2 596/14/2 594/132/2
f 588/193/2 594/132/2 587/216/2
f 587/216/2 594/132/2 593/215/2
f 590/140/2 588/193/2 589/217/2
f 586/5/2 587/216/2 593/215/2
f 631/218/2 632/220/2 633/219/2
f 631/218/2 633/219/2 634/221/2
f 631/218/2 634/221/2 635/222/2
f 631/218/2 635/222/2 636/223/2
f 630/224/2 631/218/2 636/223/2
f 630/224/2 636/223/2 637/225/2
f 630/224/2 637/225/2 638/226/2
f 630/224/2 638/226/2 639/227/2
f 629/228/2 630/224/2 639/227/2
f 629/228/2 639/227/2 640/229/2
f 629/228/2 640/229/2 641/230/2
f 628/231/2 629/228/2 641/230/2
f 628/231/2 641/230/2 642/232/2
f 628/231/2 642/232/2 643/233/2
f 627/234/2 628/231/2 643/233/2
f 627/234/2 643/233/2 644/235/2
f 627/234/2 644/235/2 655/236/2
f 655/236/2 644/235/2 654/237/2
f 654/237/2 644/235/2 653/238/2
f 653/238/2 644/235/2 652/239/2
f 652/239/2 644/235/2 651/240/2
f 651/240/2 644/235/2 650/241/2
f 650/241/2 644/235/2 649/242/2
f 649/242/2 644/235/2 648/243/2
f 648/243/2 644/235/2 647/244/2
f 647/244/2 644/235/2 646/245/2
f 646/245/2 644/235/2 645/246/2
f 626/247/2 627/234/2 657/248/2
f 657/248/2 627/234/2 656/249/2
f 656/249/2 627/234/2 655/236/2
f 626/247/2 657/248/2 658/250/2
f 626/247/2 658/250/2 659/251/2
f 626/247/2 659/251/2 660/252/2
f 625/253/2 626/247/2 660/252/2
f 625/253/2 660/252/2 661/254/2
f 625/253/2 661/254/2 662/255/2
f 624/256/2 625/253/2 662/255/2
f 624/256/2 662/255/2 663/257/2
f 624/256/2 663/257/2 664/258/2
f 623/259/2 624/256/2 664/258/2
f 623/259/2 664/258/2 665/260/2
f 622/261/2 623/259/2 665/260/2
f 622/261/2 665/260/2 666/262/2
f 622/261/2 666/262/2 667/263/2
f 621/264/2 622/261/2 667/263/2
f 621/264/2 667/263/2 668/265/2
f 620/266/2 621/264/2 668/265/2
f 620/266/2 668/265/2 669/267/2
f 620/266/2 669/267/2 670/268/2
f 619/269/2 620/266/2 670/268/2
f 695/270/2 696/272/2 697/271/2
f 695/270/2 697/271/2 694/273/2
f 694/273/2 697/271/2 698/14/2
f 619/269/2 670/268/2 671/274/2
f 618/275/2 619/269/2 671/274/2
f 618/275/2 671/274/2 672/276/2
f 693/277/2 694/273/2 698/14/2
f 617/278/2 618/275/2 672/276/2
f 617/278/2 672/276/2 673/279/2
f 617/278/2 673/279/2 674/280/2
f 616/281/2 617/278/2 674/280/2
f 616/281/2 674/280/2 675/282/2
f 615/283/2 616/281/2 675/282/2
f 615/283/2 675/282/2 676/284/2
f 615/283/2 676/284/2 677/285/2
f 614/286/2 615/283/2 677/285/2
f 614/286/2 677/285/2 678/287/2
f 692/288/2 693/277/2 698/14/2
f 691/289/2 692/288/2 698/14/2
f 690/290/2 691/289/2 698/14/2
f 614/286/2 678/287/2 679/291/2
f 689/292/2 690/290/2 698/14/2
f 688/293/2 689/292/2 698/14/2
f 687/294/2 688/293/2 698/14/2
f 614/286/2 679/291/2 680/295/2
f 613/296/2 614/286/2 680/295/2
f 686/297/2 687/294/2 698/14/2
f 685/298/2 686/297/2 698/14/2
f 684/299/2 685/298/2 698/14/2
f 613/296/2 680/295/2 681/300/2
f 683/301/2 684/299/2 698/14/2
f 682/302/2 683/301/2 698/14/2
f 681/300/2 682/302/2 698/14/2
f 613/296/2 681/300/2 698/14/2
f 612/303/2 613/296/2 698/14/2
f 612/303/2 698/14/2 597/5/2
f 612/303/2 597/5/2 598/304/2
f 611/305/2 612/303/2 598/304/2
f 611/305/2 598/304/2 599/306/2
f 611/305/2 599/306/2 600/307/2
f 610/308/2 611/305/2 600/307/2
f 610/308/2 600/307/2 601/309/2
f 610/308/2 601/309/2 602/310/2
f 610/308/2 602/310/2 603/311/2
f 609/312/2 610/308/2 603/311/2
f 609/312/2 603/311/2 604/313/2
f 609/312/2 604/313/2 605/314/2
f 609/312/2 605/314/2 606/315/2
f 608/316/2 609/312/2 606/315/2
f 608/316/2 606/315/2 607/317/2
s 1
f 700/318/3 702/319/4 701/320/4 699/5/3
f 702/319/4 704/321/5 703/322/5 701/320/4
f 704/321/5 706/323/6 705/324/6 703/322/5
f 706/323/6 708/325/7 707/326/7 705/324/6
f 708/325/7 710/327/8 709/328/8 707/326/7
f 710/327/8 712/329/9 711/330/9 709/328/8
f 712/329/9 714/331/10 713/332/10 711/330/9
f 714/331/10 716/333/11 715/334/11 713/332/10
f 716/333/11 718/335/12 717/336/12 715/334/11
f 718/335/12 720/337/13 719/338/13 717/336/12
f 720/337/13 722/339/14 721/340/14 719/338/13
f 722/339/14 724/341/15 723/342/15 721/340/14
f 724/341/15 726/343/16 725/344/16 723/342/15
f 726/343/16 728/345/17 727/346/17 725/344/16
f 728/345/17 730/347/18 729/348/18 727/346/17
f 730/347/18 732/349/19 731/350/19 729/348/18
f 732/349/19 734/351/20 733/105/20 731/350/19
f 734/351/20 736/352/21 735/353/21 733/105/20
f 736/352/21 738/354/22 737/355/22 735/353/21
f 738/354/22 740/356/23 739/357/23 737/355/22
f 740/356/23 742/358/24 741/359/24 739/357/23
f 742/358/24 744/360/25 743/361/25 741/359/24
f 744/360/25 746/362/26 745/363/26 743/361/25
f 746/362/26 748/364/27 747/365/27 745/363/26
f 748/364/27 750/366/28 749/367/28 747/365/27
f 750/366/28 752/368/29 751/369/29 749/367/28
f 752/368/29 754/370/30 753/371/30 751/369/29
f 754/370/30 756/372/31 755/373/31 753/371/30
f 756/372/31 758/374/32 757/375/32 755/373/31
f 758/374/32 760/376/33 759/377/33 757/375/32
f 760/376/33 762/378/34 761/379/34 759/377/33
f 762/378/34 764/380/35 763/381/35 761/379/34
f 764/380/35 766/382/36 765/383/36 763/381/35
f 766/382/36 768/384/37 767/74/37 765/383/36
f 768/384/37 770/385/38 769/386/38 767/74/37
f 770/385/38 772/387/39 771/388/39 769/386/38
f 772/387/39 774/389/40 773/390/40 771/388/39
f 774/389/40 776/391/41 775/392/41 773/390/40
f 776/391/41 778/393/42 777/394/42 775/392/41
f 778/393/42 780/395/43 779/396/43 777/394/42
f 780/395/43 782/397/44 781/398/44 779/396/43
f 782/397/44 784/399/45 783/400/45 781/398/44
f 784/399/45 786/401/46 785/402/46 783/400/45
f 786/401/46 788/403/47 787/404/47 785/402/46
f 788/403/47 790/405/48 789/406/48 787/404/47
f 790/405/48 792/407/49 791/408/49 789/406/48
f 792/407/49 794/409/50 793/410/50 791/408/49
f 794/409/50 796/411/51 795/412/51 793/410/50
f 796/411/51 798/413/52 797/414/52 795/412/51
f 798/413/52 800/415/53 799/416/53 797/414/52
f 800/415/53 802/417/54 801/106/54 799/416/53
f 802/417/54 804/418/55 803/419/55 801/106/54
f 804/418/55 806/420/56 805/421/56 803/419/55
f 806/420/56 808/422/57 807/423/57 805/421/56
f 808/422/57 810/424/58 809/425/58 807/423/57
f 810/424/58 812/426/59 811/427/59 809/425/58
f 812/426/59 814/428/60 813/429/60 811/427/59
f 814/428/60 816/430/61 815/431/61 813/429/60
f 816/430/61 818/432/62 817/433/62 815/431/61
f 818/432/62 820/434/63 819/435/63 817/433/62
f 820/434/63 822/436/64 821/437/64 819/435/63
f 822/436/64 824/438/65 823/439/65 821/437/64
f 824/438/65 826/440/66 825/441/66 823/439/65
f 826/440/66 828/442/67 827/443/67 825/441/66
f 828/442/67 830/444/68 829/445/68 827/443/67
f 830/444/68 832/446/69 831/447/69 829/445/68
f 832/446/69 834/448/70 833/449/70 831/447/69
f 834/448/70 836/450/71 835/50/71 833/449/70
f 836/450/71 838/451/72 837/452/72 835/50/71
f 838/451/72 840/453/73 839/454/73 837/452/72
f 840/453/73 842/455/74 841/456/74 839/454/73
f 842/455/74 844/457/75 843/458/75 841/456/74
f 844/457/75 846/459/76 845/460/76 843/458/75
f 846/459/76 848/461/77 847/462/77 845/460/76
f 848/461/77 850/463/78 849/464/78 847/462/77
f 850/463/78 852/465/79 851/466/79 849/464/78
f 852/465/79 854/467/80 853/468/80 851/466/79
f 854/467/80 856/469/81 855/470/81 853/468/80
f 856/469/81 858/471/82 857/472/82 855/470/81
f 858/471/82 860/473/83 859/474/83 857/472/82
f 860/473/83 862/475/84 861/476/84 859/474/83
f 862/475/84 864/477/85 863/478/85 861/476/84
f 864/477/85 866/479/86 865/480/86 863/478/85
f 866/479/86 868/481/87 867/482/87 865/480/86
f 868/481/87 870/483/88 869/107/88 867/482/87
f 870/483/88 872/484/89 871/485/89 869/107/88
f 872/484/89 874/486/90 873/487/90 871/485/89
f 874/486/90 876/488/91 875/489/91 873/487/90
f 876/488/91 878/490/92 877/491/92 875/489/91
f 878/490/92 880/492/93 879/493/93 877/491/92
f 880/492/93 882/494/94 881/495/94 879/493/93
f 882/494/94 884/496/95 883/497/95 881/495/94
f 884/496/95 886/498/96 885/499/96 883/497/95
f 886/498/96 888/500/97 887/501/97 885/499/96
f 888/500/97 890/502/98 889/503/98 887/501/97
f 890/502/98 892/504/99 891/505/99 889/503/98
f 892/504/99 894/506/100 893/507/100 891/505/99
f 894/506/100 896/508/100 895/509/100 893/507/100
f 896/508/100 898/510/101 897/511/101 895/509/100
f 898/510/101 900/512/102 899/513/102 897/511/101
f 900/512/102 902/514/103 901/515/103 899/513/102
f 902/514/103 700/516/3 699/14/3 901/515/103
f 904/318/104 906/517/104 905/518/104 903/5/104
f 906/517/104 908/519/105 907/520/105 905/518/104
f 908/519/105 910/521/105 909/522/105 907/520/105
f 910/521/105 912/417/106 911/106/106 909/522/105
f 912/417/106 914/523/107 913/524/107 911/106/106
f 914/523/107 916/525/108 915/526/108 913/524/107
f 916/525/108 918/527/109 917/528/109 915/526/108
f 918/527/109 904/516/104 903/14/104 917/528/109
f 920/318/110 922/384/111 921/74/111 919/5/110
f 922/384/111 924/450/112 923/50/112 921/74/111
f 924/450/112 920/516/110 919/14/110 923/50/112
f 926/318/100 928/529/100 927/530/100 925/5/100
f 928/529/100 930/531/113 929/532/113 927/530/100
f 930/531/113 932/533/113 931/193/113 929/532/113
f 932/533/113 934/534/114 933/535/114 931/193/113
f 934/534/114 936/384/114 935/74/114 933/535/114
f 936/384/114 938/536/115 937/140/115 935/74/114
f 938/536/115 940/537/115 939/538/115 937/140/115
f 940/537/115 942/539/100 941/540/100 939/538/115
f 942/539/100 944/541/101 943/162/101 941/540/100
f 944/541/101 946/450/116 945/50/116 943/162/101
f 946/450/116 948/542/117 947/543/117 945/50/116
f 948/542/117 950/544/118 949/132/118 947/543/117
f 950/544/118 952/545/102 951/546/102 949/132/118
f 952/545/102 954/547/115 953/548/115 951/546/102
f 954/547/115 926/516/100 925/14/100 953/548/115
f 956/318/115 958/549/102 957/550/102 955/5/115
f 958/549/102 960/351/102 959/105/102 957/550/102
f 960/351/102 962/519/115 961/520/115 959/105/102
f 962/519/115 964/384/115 963/74/115 961/520/115
f 964/384/115 966/551/102 965/552/102 963/74/115
f 966/551/102 968/417/102 967/106/102 965/552/102
f 968/417/102 970/553/115 969/554/115 967/106/102
f 970/553/115 972/450/100 971/50/100 969/554/115
f 972/450/100 974/525/101 973/526/101 971/50/100
f 974/525/101 976/483/102 975/107/102 973/526/101
f 976/483/102 978/555/115 977/556/115 975/107/102
f 978/555/115 956/516/115 955/14/115 977/556/115
f 980/318/119 982/557/120 981/558/120 979/5/119
f 982/557/120 984/559/121 983/560/121 981/558/120
f 984/559/121 986/561/122 985/562/122 983/560/121
f 986/561/122 988/549/123 987/550/123 985/562/122
f 988/549/123 990/563/124 989/564/124 987/550/123
f 990/563/124 992/517/125 991/518/125 989/564/124
f 992/517/125 994/565/126 993/566/126 991/518/125
f 994/565/126 996/351/127 995/105/127 993/566/126
f 996/351/127 998/567/128 997/568/128 995/105/127
f 998/567/128 1000/569/129 999/570/129 997/568/128
f 1000/569/129 1002/571/130 1001/572/130 999/570/129
f 1002/571/130 1004/519/131 1003/520/131 1001/572/130
f 1004/519/131 1006/573/132 1005/574/132 1003/520/131
f 1006/573/132 1008/575/133 1007/576/133 1005/574/132
f 1008/575/133 1010/577/134 1009/578/134 1007/576/133
f 1010/577/134 1012/384/135 1011/74/135 1009/578/134
f 1012/384/135 1014/579/136 1013/580/136 1011/74/135
f 1014/579/136 1016/521/137 1015/522/137 1013/580/136
f 1016/521/137 1018/581/138 1017/582/138 1015/522/137
f 1018/581/138 1020/551/139 1019/552/139 1017/582/138
f 1020/551/139 1022/583/140 1021/584/140 1019/552/139
f 1022/583/140 1024/585/141 1023/586/141 1021/584/140
f 1024/585/141 1026/587/142 1025/588/142 1023/586/141
f 1026/587/142 1028/417/143 1027/106/143 1025/588/142
f 1028/417/143 1030/589/144 1029/590/144 1027/106/143
f 1030/589/144 1032/591/145 1031/592/145 1029/590/144
f 1032/591/145 1034/593/146 1033/594/146 1031/592/145
f 1034/593/146 1036/553/147 1035/554/147 1033/594/146
f 1036/553/147 1038/595/148 1037/596/148 1035/554/147
f 1038/595/148 1040/523/149 1039/524/149 1037/596/148
f 1040/523/149 1042/597/150 1041/598/150 1039/524/149
f 1042/597/150 1044/450/151 1043/50/151 1041/598/150
f 1044/450/151 1046/599/152 1045/600/152 1043/50/151
f 1046/599/152 1048/601/153 1047/602/153 1045/600/152
f 1048/601/153 1050/603/154 1049/604/154 1047/602/153
f 1050/603/154 1052/525/155 1051/526/155 1049/604/154
f 1052/525/155 1054/605/156 1053/606/156 1051/526/155
f 1054/605/156 1056/607/157 1055/608/157 1053/606/156
f 1056/607/157 1058/609/158 1057/610/158 1055/608/157
f 1058/609/158 1060/483/159 1059/107/159 1057/610/158
f 1060/483/159 1062/611/160 1061/612/160 1059/107/159
f 1062/611/160 1064/527/161 1063/528/161 1061/612/160
f 1064/527/161 1066/613/162 1065/614/162 1063/528/161
f 1066/613/162 1068/555/163 1067/556/163 1065/614/162
f 1068/555/163 1070/615/164 1069/616/164 1067/556/163
f 1070/615/164 1072/617/165 1071/618/165 1069/616/164
f 1072/617/165 1074/619/166 1073/620/166 1071/618/165
f 1074/619/166 980/516/119 979/14/119 1073/620/166
f 1076/318/167 1078/557/168 1077/558/168 1075/5/167
f 1078/557/168 1080/559/169 1079/560/169 1077/558/168
f 1080/559/169 1082/561/170 1081/562/170 1079/560/169
f 1082/561/170 1084/549/171 1083/550/171 1081/562/170
f 1084/549/171 1086/563/172 1085/564/172 1083/550/171
f 1086/563/172 1088/517/173 1087/518/173 1085/564/172
f 1088/517/173 1090/565/174 1089/566/174 1087/518/173
f 1090/565/174 1092/351/175 1091/105/175 1089/566/174
f 1092/351/175 1094/567/176 1093/568/176 1091/105/175
f 1094/567/176 1096/569/177 1095/570/177 1093/568/176
f 1096/569/177 1098/571/178 1097/572/178 1095/570/177
f 1098/571/178 1100/519/179 1099/520/179 1097/572/178
f 1100/519/179 1102/573/180 1101/574/180 1099/520/179
f 1102/573/180 1104/575/181 1103/576/181 1101/574/180
f 1104/575/181 1106/577/182 1105/578/182 1103/576/181
f 1106/577/182 1108/384/183 1107/74/183 1105/578/182
f 1108/384/183 1110/579/184 1109/580/184 1107/74/183
f 1110/579/184 1112/521/185 1111/522/185 1109/580/184
f 1112/521/185 1114/581/186 1113/582/186 1111/522/185
f 1114/581/186 1116/551/187 1115/552/187 1113/582/186
f 1116/551/187 1118/583/188 1117/584/188 1115/552/187
f 1118/583/188 1120/585/189 1119/586/189 1117/584/188
f 1120/585/189 1122/587/190 1121/588/190 1119/586/189
f 1122/587/190 1124/417/191 1123/106/191 1121/588/190
f 1124/417/191 1126/589/192 1125/590/192 1123/106/191
f 1126/589/192 1128/591/193 1127/592/193 1125/590/192
f 1128/591/193 1130/593/194 1129/594/194 1127/592/193
f 1130/593/194 1132/553/195 1131/554/195 1129/594/194
f 1132/553/195 1134/595/196 1133/596/196 1131/554/195
f 1134/595/196 1136/523/197 1135/524/197 1133/596/196
f 1136/523/197 1138/597/198 1137/598/198 1135/524/197
f 1138/597/198 1140/450/199 1139/50/199 1137/598/198
f 1140/450/199 1142/599/200 1141/600/200 1139/50/199
f 1142/599/200 1144/601/201 1143/602/201 1141/600/200
f 1144/601/201 1146/603/202 1145/604/202 1143/602/201
f 1146/603/202 1148/525/203 1147/526/203 1145/604/202
f 1148/525/203 1150/605/204 1149/606/204 1147/526/203
f 1150/605/204 1152/607/205 1151/608/205 1149/606/204
f 1152/607/205 1154/609/206 1153/610/206 1151/608/205
f 1154/609/206 1156/483/207 1155/107/207 1153/610/206
f 1156/483/207 1158/611/208 1157/612/208 1155/107/207
f 1158/611/208 1160/527/209 1159/528/209 1157/612/208
f 1160/527/209 1162/613/210 1161/614/210 1159/528/209
f 1162/613/210 1164/555/211 1163/556/211 1161/614/210
f 1164/555/211 1166/615/212 1165/616/212 1163/556/211
f 1166/615/212 1168/617/213 1167/618/213 1165/616/212
f 1168/617/213 1170/619/214 1169/620/214 1167/618/213
f 1170/619/214 1076/516/167 1075/14/167 1169/620/214
f 1172/318/215 1174/621/216 1173/210/216 1171/5/215
f 1174/621/216 1176/622/217 1175/212/217 1173/210/216
f 1176/622/217 1178/623/218 1177/205/218 1175/212/217
f 1178/623/218 1180/624/219 1179/202/219 1177/205/218
f 1180/624/219 1182/625/220 1181/203/220 1179/202/219
f 1182/625/220 1184/626/221 1183/209/221 1181/203/220
f 1184/626/221 1172/516/215 1171/14/215 1183/209/221
f 1186/318/115 1188/549/102 1187/550/102 1185/5/115
f 1188/549/102 1190/351/102 1189/105/102 1187/550/102
f 1190/351/102 1192/519/115 1191/520/115 1189/105/102
f 1192/519/115 1194/384/115 1193/74/115 1191/520/115
f 1194/384/115 1196/551/102 1195/552/102 1193/74/115
f 1196/551/102 1198/417/102 1197/106/102 1195/552/102
f 1198/417/102 1200/553/115 1199/554/115 1197/106/102
f 1200/553/115 1202/450/100 1201/50/100 1199/554/115
f 1202/450/100 1204/525/101 1203/526/101 1201/50/100
f 1204/525/101 1206/483/102 1205/107/102 1203/526/101
f 1206/483/102 1208/555/115 1207/556/115 1205/107/102
f 1208/555/115 1186/516/115 1185/14/115 1207/556/115
f 1210/318/222 1212/627/223 1211/628/223 1209/5/222
f 1212/627/223 1214/629/224 1213/630/224 1211/628/223
f 1214/629/224 1216/631/225 1215/632/225 1213/630/224
f 1216/631/225 1218/633/226 1217/634/226 1215/632/225
f 1218/633/226 1220/635/227 1219/636/227 1217/634/226
f 1220/635/227 1222/637/228 1221/638/228 1219/636/227
f 1222/637/228 1224/639/229 1223/640/229 1221/638/228
f 1224/639/229 1226/641/230 1225/642/230 1223/640/229
f 1226/641/230 1228/643/231 1227/644/231 1225/642/230
f 1228/643/231 1230/645/232 1229/646/232 1227/644/231
f 1230/645/232 1232/647/233 1231/648/233 1229/646/232
f 1232/647/233 1234/649/234 1233/650/234 1231/648/233
f 1234/649/234 1236/651/235 1235/652/235 1233/650/234
f 1236/651/235 1238/653/236 1237/654/236 1235/652/235
f 1238/653/236 1240/655/237 1239/656/237 1237/654/236
f 1240/655/237 1242/657/238 1241/658/238 1239/656/237
f 1242/657/238 1244/659/239 1243/660/239 1241/658/238
f 1244/659/239 1246/661/240 1245/662/240 1243/660/239
f 1246/661/240 1248/663/241 1247/664/241 1245/662/240
f 1248/663/241 1250/665/242 1249/666/242 1247/664/241
f 1250/665/242 1252/667/243 1251/668/243 1249/666/242
f 1252/667/243 1254/669/244 1253/670/244 1251/668/243
f 1254/669/244 1256/671/245 1255/672/245 1253/670/244
f 1256/671/245 1258/673/246 1257/674/246 1255/672/245
f 1258/673/246 1260/675/247 1259/676/247 1257/674/246
f 1260/675/247 1262/677/248 1261/678/248 1259/676/247
f 1262/677/248 1264/679/249 1263/680/249 1261/678/248
f 1264/679/249 1266/681/250 1265/682/250 1263/680/249
f 1266/681/250 1268/683/251 1267/684/251 1265/682/250
f 1268/683/251 1270/685/252 1269/686/252 1267/684/251
f 1270/685/252 1272/687/253 1271/688/253 1269/686/252
f 1272/687/253 1274/689/254 1273/690/254 1271/688/253
f 1274/689/254 1276/691/255 1275/692/255 1273/690/254
f 1276/691/255 1278/693/256 1277/694/256 1275/692/255
f 1278/693/256 1280/695/257 1279/696/257 1277/694/256
f 1280/695/257 1282/697/258 1281/698/258 1279/696/257
f 1282/697/258 1284/699/259 1283/700/259 1281/698/258
f 1284/699/259 1286/701/260 1285/702/260 1283/700/259
f 1286/701/260 1288/703/261 1287/704/261 1285/702/260
f 1288/703/261 1290/705/262 1289/706/262 1287/704/261
f 1290/705/262 1292/707/263 1291/708/263 1289/706/262
f 1292/707/263 1294/709/264 1293/710/264 1291/708/263
f 1294/709/264 1296/711/265 1295/712/265 1293/710/264
f 1296/711/265 1298/713/266 1297/714/266 1295/712/265
f 1298/713/266 1300/715/267 1299/716/267 1297/714/266
f 1300/715/267 1302/717/268 1301/718/268 1299/716/267
f 1302/717/268 1304/719/269 1303/720/269 1301/718/268
f 1304/719/269 1306/721/270 1305/722/270 1303/720/269
f 1306/721/270 1308/723/271 1307/724/271 1305/722/270
f 1308/723/271 1310/725/272 1309/726/272 1307/724/271
f 1310/725/272 1312/727/273 1311/728/273 1309/726/272
f 1312/727/273 1314/729/274 1313/730/274 1311/728/273
f 1314/729/274 1316/731/275 1315/732/275 1313/730/274
f 1316/731/275 1318/733/276 1317/734/276 1315/732/275
f 1318/733/276 1320/735/277 1319/736/277 1317/734/276
f 1320/735/277 1322/737/278 1321/738/278 1319/736/277
f 1322/737/278 1324/739/279 1323/740/279 1321/738/278
f 1324/739/279 1326/741/280 1325/742/280 1323/740/279
f 1326/741/280 1328/743/281 1327/744/281 1325/742/280
f 1328/743/281 1330/745/282 1329/746/282 1327/744/281
f 1330/745/282 1332/747/283 1331/748/283 1329/746/282
f 1332/747/283 1334/749/115 1333/750/115 1331/748/283
f 1334/749/115 1336/751/115 1335/752/115 1333/750/115
f 1336/751/115 1338/753/100 1337/754/100 1335/752/115
f 1338/753/100 1340/755/101 1339/756/101 1337/754/100
f 1340/755/101 1342/757/284 1341/758/284 1339/756/101
f 1342/757/284 1210/516/222 1209/14/222 1341/758/284
f 1344/318/285 1346/759/286 1345/760/286 1343/5/285
f 1346/759/286 1348/761/287 1347/762/287 1345/760/286
f 1348/761/287 1350/763/288 1349/764/288 1347/762/287
f 1350/763/288 1352/765/289 1351/766/289 1349/764/288
f 1352/765/289 1354/767/290 1353/768/290 1351/766/289
f 1354/767/290 1356/769/291 1355/770/291 1353/768/290
f 1356/769/291 1358/771/292 1357/772/292 1355/770/291
f 1358/771/292 1360/773/293 1359/774/293 1357/772/292
f 1360/773/293 1362/384/294 1361/74/294 1359/774/293
f 1362/384/294 1364/775/295 1363/776/295 1361/74/294
f 1364/775/295 1366/777/296 1365/778/296 1363/776/295
f 1366/777/296 1368/779/297 1367/780/297 1365/778/296
f 1368/779/297 1370/781/298 1369/782/298 1367/780/297
f 1370/781/298 1372/783/299 1371/784/299 1369/782/298
f 1372/783/299 1374/785/300 1373/786/300 1371/784/299
f 1374/785/300 1376/787/301 1375/788/301 1373/786/300
f 1376/787/301 1378/789/302 1377/790/302 1375/788/301
f 1378/789/302 1380/450/303 1379/50/303 1377/790/302
f 1380/450/303 1382/791/304 1381/792/304 1379/50/303
f 1382/791/304 1384/793/305 1383/794/305 1381/792/304
f 1384/793/305 1386/795/306 1385/796/306 1383/794/305
f 1386/795/306 1388/797/307 1387/798/307 1385/796/306
f 1388/797/307 1390/799/308 1389/800/308 1387/798/307
f 1390/799/308 1392/801/309 1391/802/309 1389/800/308
f 1392/801/309 1394/803/115 1393/804/115 1391/802/309
f 1394/803/115 1396/805/102 1395/806/102 1393/804/115
f 1396/805/102 1344/516/285 1343/14/285 1395/806/102
